CODE ISIN,Code Maroclear,OPCVM,Société de Gestion,Nature juridique,Classification,Sensibilité,Indice Bentchmark,Périodicité VL,Souscripteurs,Affectation des résultats,Commission de souscription,Commission de rachat,Frais de gestion,Dépositaire,Réseau placeur,AN,VL,YTD,1 jour,1 semaine,1 mois,3 mois,6 mois,1 an,2 ans,3 ans,5 ans,DatePublication,TypePublication
MA0000030058,3005,BMCI COSMOS,CIH CAPITAL MANAGEMENT,SICAV,ACTIONS,-,MASI,HEBDOMADAIRE,FGP,CAPITALISANT,0.02,0.0075,0.02,BMCI,CIH CAPITAL MANAGEMENT,27946928.29,420.03,-0.036739,-,-0.017106,-0.039031,0.042103,-0.036739,-0.04319,0.373545,0.553078,0.4841,2026-06-26,Hebdomadaire
MA0000030066,3006,BMCI EPARGNE OBLIGATIONS,CIH CAPITAL MANAGEMENT,SICAV,OMLT,[3  7[,MBI MLT,HEBDOMADAIRE,FGP,CAPITALISANT,0.005,0.0025,0.0093,BMCI,CIH CAPITAL MANAGEMENT,121949786.02,273.19,-0.01265,-,0.001797,-0.004228,0.007189,-0.01265,-0.006401,0.079888,0.161818,0.088103,2026-06-26,Hebdomadaire
MA0000030132,3013,BMCI TRESORERIE,CIH CAPITAL MANAGEMENT,SICAV,MONÉTAIRE,"[0  0,5[",TMJ(jj),QUOTIDIENNE,FGP,CAPITALISANT,0.0125,0.005,0.0195,BMCI,CIH CAPITAL MANAGEMENT,190668801.91,123171.06,0.007656,-,0.000286,0.001007,0.003882,0.007656,0.014879,0.034244,0.057972,0.08234,2026-06-26,Hebdomadaire
MA0000030215,3021,CDG IZDIHAR,CDG CAPITAL GESTION,SICAV,DIVERSIFIÉ,-,77% MBI GLOBAL + 23% CFG 25 FLOTTANT,HEBDOMADAIRE,FGP,CAPITALISANT,0.003,0.0025,0.02,CDG CAPITAL,CDG CAPITAL GESTION,1372013976.1,4069.8,-0.052206,-,-0.003762,-0.012196,0.008545,-0.052206,-0.05618,0.151779,0.262153,0.179235,2026-06-26,Hebdomadaire
MA0000030280,3028,CDG TAWFIR,CDG CAPITAL GESTION,SICAV,OMLT,[3  7[,MBI GLOBAL,QUOTIDIENNE,FGP,CAPITALISANT,0.005,0.0,0.02,CDG CAPITAL,CDG CAPITAL GESTION,1829687064.33,3457.17,-0.005878,-,0.001765,-0.001652,0.013654,-0.005878,0.004063,0.09113,0.171668,0.100428,2026-06-26,Hebdomadaire
MA0000030298,3029,SICAV OBLIGATIONS PÉRENNITÉ,CDG CAPITAL GESTION,SICAV,OMLT,"[1,1  16[",MBI MT,QUOTIDIENNE,FNPP,CAPITALISANT,0.03,0.015,0.02,CDG CAPITAL,CDG CAPITAL GESTION,6241436013.56,3284.06,-0.00956,-,0.001928,-0.00031,0.01132,-0.00956,-0.000457,0.058466,0.105536,0.115953,2026-06-26,Hebdomadaire
MA0000030306,3030,CDG TRESORERIE,CDG CAPITAL GESTION,SICAV,MONÉTAIRE,"[0  0,5[",50% MBI CT + 50% TMP,QUOTIDIENNE,FGP,CAPITALISANT,0.0,0.0,0.02,CDG CAPITAL,CDG CAPITAL GESTION,6239820547.4,2267.65,0.01323,-,0.000481,0.001519,0.007415,0.01323,0.025859,0.058102,0.094056,0.134858,2026-06-26,Hebdomadaire
MA0000030363,3036,BMCI EPARGNE CROISSANCE,CIH CAPITAL MANAGEMENT,SICAV,DIVERSIFIÉ,-,60% MASI + 40% MBI MT,HEBDOMADAIRE,FGP,CAPITALISANT,0.0125,0.005,0.0195,BMCI,CIH CAPITAL MANAGEMENT,270652209.19,161.87,-0.03729,-,-0.002342,-0.012446,0.003783,-0.03729,-0.02699,0.152674,0.261357,0.258709,2026-06-26,Hebdomadaire
MA0000030371,3037,CIMR TRESO PLUS,SAHAM CAPITAL GESTION,SICAV,OCT,"]0,5  1,1]",MBI CT,QUOTIDIENNE,FNPP,CAPITALISANT,0.0,0.0,0.02,SAHAM BANK,SAHAM BANK,286530594.28,401303.35,0.011455,-,0.000436,0.001135,0.007531,0.011455,0.021082,0.053131,0.089377,0.12958,2026-06-26,Hebdomadaire
MA0000030397,3039,CDG BARID,CDG CAPITAL GESTION,SICAV,OMLT,[3  7[,-,HEBDOMADAIRE,FNPP,CAPITALISANT,0.005,0.0,0.02,CDG,CDG CAPITAL GESTION,3468479184.36,3706.26,-0.013035,-,0.001486,-0.003477,0.010858,-0.013035,-0.008915,0.092296,0.185518,0.072835,2026-06-26,Hebdomadaire
MA0000030405,3040,SICAV MAROC CROISSANCE,MAROGEST,SICAV,DIVERSIFIÉ,-,-,HEBDOMADAIRE,FGP,CAPITALISANT,0.02,0.005,0.02,CIH BANK,MAROGEST,299697085.34,5107.66,-0.058249,-,-0.003694,-0.000947,0.013256,-0.058249,-0.062933,0.186914,0.345438,0.334394,2026-06-26,Hebdomadaire
MA0000030413,3041,BMCI CASH,CIH CAPITAL MANAGEMENT,SICAV,OCT,"[0,6  1,1[",MBI CT,QUOTIDIENNE,FGP,CAPITALISANT,0.0,0.0,0.0067,BMCI,CIH CAPITAL MANAGEMENT,32375628.93,195.15,0.014188,-,0.000359,0.000667,0.011821,0.014188,0.030577,0.061521,0.08998,0.109563,2026-06-26,Hebdomadaire
MA0000030470,3047,CFG CROISSANCE,CFG GESTION,SICAV,DIVERSIFIÉ,-,50% CFG 25 FLOTTANT + 50% CFG BONDS CT,QUOTIDIENNE,FGP,CAPITALISANT,0.002,0.002,0.015,CFG BANK,CFG GESTION; CFG BANK,1707829882.087718,9408.86,-0.037827,-,-0.009592,-0.024155,0.029585,-0.037827,-0.048564,0.20013,0.316291,0.244018,2026-06-26,Hebdomadaire
MA0000030488,3048,IRAD,BMCE CAPITAL GESTION,SICAV,MONÉTAIRE,"<0,5",Taux Repo au jour le jour,QUOTIDIENNE,FGP,CAPITALISANT,0.0,0.0,0.015,BANK OF AFRICA,BMCE CAPITAL GESTION,3743184378.21,2780.54,0.012866,-,0.000475,0.00156,0.007128,0.012866,0.025689,0.058145,0.095184,0.141137,2026-06-26,Hebdomadaire
MA0000030496,3049,SICAVENIR,BMCE CAPITAL GESTION,SICAV,OMLT,]3  7],MBI Global,HEBDOMADAIRE,FGP,CAPITALISANT,0.02,0.02,0.02,BANK OF AFRICA,BMCE CAPITAL GESTION,125827843.18,4909.78,-0.007142,-,0.00103,-0.003719,0.007021,-0.007142,0.00668,0.09082,0.17966,0.086059,2026-06-26,Hebdomadaire
MA0000030504,3050,MAROC VALEURS,BMCE CAPITAL GESTION,SICAV,ACTIONS,-,MASI,HEBDOMADAIRE,FGP,CAPITALISANT,0.02,0.01,0.02,BANK OF AFRICA,BMCE CAPITAL GESTION,585038850.67,7461.75,-0.049811,-,-0.016556,-0.041158,0.043229,-0.049811,-0.062294,0.285292,0.481991,0.460974,2026-06-26,Hebdomadaire
MA0000030512,3051,HORIZON EXPANSION,UPLINE CAPITAL MANAGEMENT,SICAV,DIVERSIFIÉ,-,40% TMP + 60% MASI,QUOTIDIENNE,FGP,CAPITALISANT,0.01,0.005,0.02,BCP,UPLINE CAPITAL MANAGEMENT,4574166.55,41583.33,-0.021422,-,-0.009795,-0.025358,0.029029,-0.021422,-0.015305,0.19815,0.306535,0.284006,2026-06-26,Hebdomadaire
MA0000030520,3052,ATTIJARI DIVERSIFIE,WAFA GESTION,SICAV,DIVERSIFIÉ,-,30% MASI + 70% MBI MT,QUOTIDIENNE,FGP,CAPITALISANT,0.03,0.015,0.02,ATTIJARIWAFA BANK,WAFA GESTION,4779852384.44,749.19,0.04167,-,-0.016217,-0.046383,0.062847,0.04167,0.046428,0.245039,0.372243,0.317303,2026-06-26,Hebdomadaire
MA0000030538,3053,ATTIJARI PATRIMOINE MULTIGESTION,WAFA GESTION,SICAV,DIVERSIFIÉ,-,40% MASI + 60% MBI MT,HEBDOMADAIRE,FGP,CAPITALISANT,0.03,0.015,0.02,ATTIJARIWAFA BANK,WAFA GESTION,38084729.97,4678.71,0.004938,-,-0.014685,-0.035101,0.049478,0.004938,0.006248,0.254699,0.35233,0.285607,2026-06-26,Hebdomadaire
MA0000030546,3054,ATTIJARI OBLIGATIONS,WAFA GESTION,SICAV,OMLT,"[1,1  5[",MBI MT,HEBDOMADAIRE,FGP,CAPITALISANT,0.03,0.015,0.02,ATTIJARIWAFA BANK,WAFA GESTION,374135216.31,316.05,0.001394,-,0.001267,-0.000632,0.015226,0.001394,0.014281,0.074854,0.120586,0.118405,2026-06-26,Hebdomadaire
MA0000030553,3055,ATTIJARI TRESORERIE,WAFA GESTION,SICAV,MONÉTAIRE,"[0  0,5[",TMP,QUOTIDIENNE,FGP,CAPITALISANT,0.0,0.0,0.02,ATTIJARIWAFA BANK,WAFA GESTION,3354015047.95,5671.11,0.010268,-,0.000372,0.001165,0.005685,0.010268,0.019947,0.045171,0.074654,0.105934,2026-06-26,Hebdomadaire
MA0000030561,3056,CIMR ATTADAMOUN,UPLINE CAPITAL MANAGEMENT,SICAV,OMLT,"]1,1  10]",100% MBI MLT,HEBDOMADAIRE,FNPP,CAPITALISANT,0.0,0.0,0.02,CDM,UPLINE CAPITAL MANAGEMENT,6903585687.71,957103.24,-0.006012,-,0.00214,-0.002504,0.010412,-0.006012,-0.000849,0.100573,0.199011,0.149053,2026-06-26,Hebdomadaire
MA0000030579,3057,CDM OPTIMUM,WAFA GESTION,SICAV,DIVERSIFIÉ,-,50% MBI MLT + 50% MASI RENTABILITE,QUOTIDIENNE,FGP,CAPITALISANT,0.03,0.015,0.02,CDM,WAFA GESTION,529697221.38,6853.91,-0.001058,-,-0.014753,-0.040009,0.045286,-0.001058,0.004969,0.241574,0.372193,0.300725,2026-06-26,Hebdomadaire
MA0000030587,3058,CDM GENERATION,WAFA GESTION,SICAV,OMLT,[3  5[,65% MBI MT + 35% MBI MLT,QUOTIDIENNE,FGP,CAPITALISANT,0.03,0.015,0.02,CDM,WAFA GESTION,986459136.07,3587.93,-0.00543,-,-5.9e-05,-0.005433,0.012653,-0.00543,-0.000532,0.076916,0.157311,0.107721,2026-06-26,Hebdomadaire
MA0000030595,3059,CDM TRESOR PLUS,WAFA GESTION,SICAV,OCT,"]0,5  1,1]",MBI CT,QUOTIDIENNE,FGP,DISTRIBUANT,0.03,0.015,0.02,CDM,WAFA GESTION,236076989.69,1736.77,0.013036,-,0.000524,0.00154,0.00853,0.013036,0.024486,0.05878,0.09959,0.136905,2026-06-26,Hebdomadaire
MA0000030603,3060,CDM CASH,WAFA GESTION,SICAV,MONÉTAIRE,"[0  0,5[",40% TMP + 60% MBI CT,QUOTIDIENNE,FGP,CAPITALISANT,0.03,0.015,0.015,CDM,WAFA GESTION,1498265288.38,5977.61,0.010937,-,0.000395,0.001335,0.005935,0.010937,0.021356,0.049044,0.080534,0.115317,2026-06-26,Hebdomadaire
MA0000030611,3061,CDM EXPANSION,WAFA GESTION,SICAV,ACTIONS,-,MADEX,HEBDOMADAIRE,FGP,CAPITALISANT,0.03,0.015,0.02,CDM,WAFA GESTION,445530036.45,7613.95,-0.004827,-,-0.020951,-0.046327,0.066409,-0.004827,-0.002055,0.379264,0.550381,0.462081,2026-06-26,Hebdomadaire
MA0000030629,3062,C.I.M.R IDDIKHAR,SAHAM CAPITAL GESTION,SICAV,OMLT,"]1,1  10]",MBI MLT,HEBDOMADAIRE,FNPP,CAPITALISANT,0.03,0.015,0.02,SAHAM BANK,SAHAM BANK,6155999683.75,981974.74,-0.005673,-,0.002081,-0.002566,0.010173,-0.005673,-0.00061,0.090881,0.180692,0.148353,2026-06-26,Hebdomadaire
MA0000030637,3063,CIMR AJIAL,WAFA GESTION,SICAV,OMLT,"[5,5  9,5[",80% MBI MLT + 20% MBI LT,HEBDOMADAIRE,FNPP,CAPITALISANT,0.03,0.015,0.02,BANK OF AFRICA,WAFA GESTION,4043181924.28,1054284.73,0.009,-,0.007309,0.006427,0.002513,0.009,0.043346,0.113347,0.205425,0.216032,2026-06-26,Hebdomadaire
MA0000030645,3064,ATTIJARI PATRIMOINE VALEURS,WAFA GESTION,SICAV,ACTIONS,-,MASI,HEBDOMADAIRE,FGP,CAPITALISANT,0.03,0.015,0.02,ATTIJARIWAFA BANK,WAFA GESTION,1133867011.29,117.16,-0.012225,-,-0.022363,-0.051566,0.064124,-0.012225,-0.026344,0.325339,0.459938,0.348527,2026-06-26,Hebdomadaire
MA0000030678,3067,PALMARES FINANCIERES,WAFA GESTION,SICAV,DIVERSIFIÉ,-,70% MBI GLOBAL + 30% MASI RB,HEBDOMADAIRE,FNPP,CAPITALISANT,0.03,0.015,0.02,ATTIJARIWAFA BANK,WAFA GESTION,624962152.92,36894.87,-0.005412,-,-0.009141,-0.028221,0.030419,-0.005412,0.007188,0.225401,0.355608,0.331973,2026-06-26,Hebdomadaire
MA0000030686,3068,FRUCTI VALEURS,WAFA GESTION,SICAV,DIVERSIFIÉ,-,50% MASI + 50% MBI MT,HEBDOMADAIRE,FNPP,CAPITALISANT,0.005,0.0025,0.01,ATTIJARIWAFA BANK,WAFA GESTION,21938481.12,558.32,0.019483,-,-0.012487,-0.037612,0.056124,0.019483,0.037461,0.319905,0.487772,0.480233,2026-06-26,Hebdomadaire
MA0000030694,3069,ATTIJARI PATRIMOINE DIVERSIFIE,WAFA GESTION,SICAV,DIVERSIFIÉ,-,50% MASI + 50% MBI MT,HEBDOMADAIRE,FGP,CAPITALISANT,0.03,0.015,0.02,ATTIJARIWAFA BANK,WAFA GESTION,53598715.59,5376.54,-0.020918,-,-0.011,-0.028904,0.035025,-0.020918,-0.02998,0.194264,0.330445,0.260037,2026-06-26,Hebdomadaire
MA0000030702,3070,ATTIJARI PATRIMOINE TAUX,WAFA GESTION,SICAV,OMLT,"[1,1  5[",MBI MT,HEBDOMADAIRE,FGP,CAPITALISANT,0.03,0.015,0.02,ATTIJARIWAFA BANK,WAFA GESTION,146326215.92,3926.32,-0.002165,-,0.000813,-0.001196,0.009988,-0.002165,-0.001338,0.050613,0.103829,0.074921,2026-06-26,Hebdomadaire
MA0000030710,3071,ATTIJARI SELECTION,WAFA GESTION,SICAV,DIVERSIFIÉ,-,40% MASI +60% MBI MT,HEBDOMADAIRE,FGP,CAPITALISANT,0.03,0.015,0.02,ATTIJARIWAFA BANK,WAFA GESTION,51481477.38,601.28,0.005956,-,-0.012417,-0.03035,0.0434,0.005956,0.007608,0.218226,0.311636,0.259911,2026-06-26,Hebdomadaire
MA0000030728,3072,CIMR PREVOYANCE,WAFA GESTION,SICAV,OMLT,"[1,5  10[",MBI MLT,HEBDOMADAIRE,FNPP,CAPITALISANT,0.03,0.015,0.02,ATTIJARIWAFA BANK,WAFA GESTION,10396875776.11,1309100.45,-0.004113,-,0.002738,-0.00076,0.011602,-0.004113,0.003354,0.103281,0.203009,0.16453,2026-06-26,Hebdomadaire
MA0000030736,3073,BMCI TRESO PLUS,CIH CAPITAL MANAGEMENT,SICAV,MONÉTAIRE,"[0,6  1,1[",MBI CT,QUOTIDIENNE,FGP,CAPITALISANT,0.0,0.0,0.02,BMCI,CIH CAPITAL MANAGEMENT,1133163040.02,167.9,0.009925,-,0.000417,0.001193,0.00563,0.009925,0.019305,0.045389,0.075799,0.110376,2026-06-26,Hebdomadaire
MA0000030744,3074,CDG CROISSANCE,CDG CAPITAL GESTION,SICAV,ACTIONS,-,20% MBI GLOBAL + 80% CFG 25 FLOTTANT,HEBDOMADAIRE,FGP,CAPITALISANT,0.01,0.01,0.02,CDG CAPITAL,CDG CAPITAL GESTION,4489314.04,9471.12,-0.08623,-,-0.006913,-0.009348,0.019276,-0.08623,-0.095899,0.198089,0.326543,0.28258,2026-06-26,Hebdomadaire
MA0000030751,3075,CDG PATRIMOINE,CDG CAPITAL GESTION,SICAV,DIVERSIFIÉ,-,65% MBI GLOBAL + 35% CFG 25 FLOTTANT,HEBDOMADAIRE,FGP,CAPITALISANT,0.01,0.01,0.02,CDG CAPITAL,CDG CAPITAL GESTION,2834428.21,4333.98,-0.015528,-,-0.002699,-0.006182,0.008207,-0.015528,-0.010209,0.051467,0.094829,-0.005701,2026-06-26,Hebdomadaire
MA0000030769,3076,LEGACY ACCUMULATION FUND,VALORIS MANAGEMENT,SICAV,DIVERSIFIÉ,-,85% MBI + 15% MASI,HEBDOMADAIRE,FGP,CAPITALISANT,0.03,0.015,0.02,BANK OF AFRICA,VALORIS MANAGEMENT,42524019.45,1513.2,-0.012175,-,-0.004454,-0.01469,0.017975,-0.012175,-0.007061,0.192538,0.295881,0.295548,2026-06-26,Hebdomadaire
MA0000030777,3077,HORIZON LIQUIDITE,SAHAM CAPITAL GESTION,SICAV,MONÉTAIRE,"[0  0,5[",MONIA,QUOTIDIENNE,FGP,CAPITALISANT,0.0,0.0,0.02,SAHAM BANK,SAHAM BANK,427490790.01,215.5,0.010598,-,0.000418,0.001301,0.005881,0.010598,0.021279,0.049326,0.081068,0.117017,2026-06-26,Hebdomadaire
MA0000030785,3078,HORIZON OBLIG PLUS,SAHAM CAPITAL GESTION,SICAV,OMLT,"]2,5  6,5]",MBI MT,QUOTIDIENNE,FGP,CAPITALISANT,0.005,0.001,0.02,SAHAM BANK,SAHAM BANK,1299085388.97,246.81,-0.00967,-,0.000892,-0.004959,0.012305,-0.00967,-0.006961,0.074722,0.150254,0.126917,2026-06-26,Hebdomadaire
MA0000030793,3079,HORIZON CROISSANCE,SAHAM CAPITAL GESTION,SICAV,ACTIONS,-,MASI,HEBDOMADAIRE,FGP,CAPITALISANT,0.02,0.015,0.02,SAHAM BANK,SAHAM BANK,57031126.98,331.33,-0.053775,-,-0.020169,-0.051717,0.042017,-0.053775,-0.068932,0.292289,0.513337,0.452947,2026-06-26,Hebdomadaire
MA0000030801,3080,HORIZON PERSPECTIVES,SAHAM CAPITAL GESTION,SICAV,DIVERSIFIÉ,-,60% MBI MT + 40% MASI,HEBDOMADAIRE,FGP,CAPITALISANT,0.02,0.015,0.02,SAHAM BANK,SAHAM BANK,259768555.4,391.62,-0.024146,-,-0.008105,-0.024511,0.027335,-0.024146,-0.029346,0.181892,0.298475,0.261888,2026-06-26,Hebdomadaire
MA0000030827,3082,WG DIVERSIFIE,WAFA GESTION,SICAV,DIVERSIFIÉ,-,75% MBI MT + 25% MASI RB,HEBDOMADAIRE,FGP,CAPITALISANT,0.0,0.0,0.02,ATTIJARIWAFA BANK,WAFA GESTION,156283259.56,6818.94,0.010898,-,-0.00989,-0.02492,0.052372,0.010898,0.033585,0.300974,0.433794,0.405802,2026-06-26,Hebdomadaire
MA0000030835,3083,WG CROISSANCE,WAFA GESTION,SICAV,DIVERSIFIÉ,-,75% MBI MT + 25% MASI,HEBDOMADAIRE,FGP,CAPITALISANT,0.0,0.0,0.02,ATTIJARIWAFA BANK,WAFA GESTION,1058944797.03,5319.38,0.049647,-,-0.017404,-0.044118,0.070253,0.049647,0.07729,0.331259,0.443895,0.410632,2026-06-26,Hebdomadaire
MA0000035073,3507,CDG SECUR,CDG CAPITAL GESTION,FCP,OMLT,"]1,1  7]",60% MBI MLT + 40% MBI MT,HEBDOMADAIRE,FNPP,CAPITALISANT,0.03,0.015,0.02,CDG,CDG CAPITAL GESTION,4779082138.35,4393.27,-0.007975,-,0.001009,-0.003807,0.012342,-0.007975,-0.000735,0.107577,0.205905,0.128354,2026-06-26,Hebdomadaire
MA0000035081,3508,FCP CAM DYNAMIQUE,MAROGEST,FCP,ACTIONS,-,MASI,HEBDOMADAIRE,FGP,CAPITALISANT,0.02,0.006,0.02,CIH BANK,MAROGEST,122555423.93,4403.08,-0.083429,-,-0.008063,-0.0019,0.018385,-0.083429,-0.083951,0.242099,0.454674,0.37233,2026-06-26,Hebdomadaire
MA0000035099,3509,FCP CAM EPARGNE,MAROGEST,FCP,OMLT,"[3,5  7,5[",MBI MLT,HEBDOMADAIRE,FGP,CAPITALISANT,0.015,0.003,0.02,CIH BANK,MAROGEST,852822085.47,3508.42,-0.016227,-,0.000103,-0.00368,0.008822,-0.016227,-0.009036,0.08395,0.16281,0.088074,2026-06-26,Hebdomadaire
MA0000035164,3516,FCP CAM INVESTISSEMENT,MAROGEST,FCP,ACTIONS,-,CFG 25 FLOTTANT,HEBDOMADAIRE,FGP,CAPITALISANT,0.02,0.006,0.02,CIH BANK,MAROGEST,96280412.41,4695.0,-0.08038,-,-0.007999,-0.001155,0.01559,-0.08038,-0.079363,0.483262,0.93373,0.844678,2026-06-26,Hebdomadaire
MA0000035180,3518,SANAD ACTIONS,CIH CAPITAL MANAGEMENT,FCP,DIVERSIFIÉ,-,80% MBI GLOBAL + 20% MASI,HEBDOMADAIRE,FNPP,DISTRIBUANT,0.03,0.015,0.02,BMCI,CIH CAPITAL MANAGEMENT,347919780.58,133456.0,-0.025799,-,-0.004738,-0.014309,0.017502,-0.025799,-0.017966,0.142781,0.239324,0.226387,2026-06-26,Hebdomadaire
MA0000035198,3519,SANAD OBLIGATAIRE,CIH CAPITAL MANAGEMENT,FCP,OMLT,"]1,1  13]",MBI,HEBDOMADAIRE,FNPP,CAPITALISANT,0.03,0.015,0.02,BMCI,CIH CAPITAL MANAGEMENT,1509667.63,1509667.63,-0.011635,-,0.002091,-0.001498,0.010092,-0.011635,-0.018016,0.03142,0.048251,0.033543,2026-06-26,Hebdomadaire
MA0000035206,3520,ATLANTA OBLIGATIONS,CIH CAPITAL MANAGEMENT,FCP,OMLT,"]1,1  13]",MBI,HEBDOMADAIRE,FNPP,CAPITALISANT,0.03,0.015,0.02,BMCI,CIH CAPITAL MANAGEMENT,551681246.0,2966028.2,-0.014155,-,0.001477,-0.004871,0.00892,-0.014155,-0.003399,0.056039,0.140114,0.094448,2026-06-26,Hebdomadaire
MA0000035438,3543,SECURITE DEVELOPPEMENT,CIH CAPITAL MANAGEMENT,FCP,OMLT,"]1,1  5]",MBI MT,HEBDOMADAIRE,FNPP,CAPITALISANT,0.0,0.0,0.005,CIH BANK,CIH CAPITAL MANAGEMENT,4713401929.05,260380.18,0.001395,-,0.00057,-0.000332,0.008893,0.001395,0.00931,0.048058,0.083024,0.103122,2026-06-26,Hebdomadaire
MA0000035453,3545,SCR INTEGRALE,CDG CAPITAL GESTION,FCP,ACTIONS,-,CFG 25 FLOTTANT,HEBDOMADAIRE,FNPP,DISTRIBUANT,0.03,0.015,0.02,CDG CAPITAL,CDG CAPITAL GESTION,218025043.74,6332.96,-0.089769,-,-0.012492,-0.021005,0.027229,-0.089769,-0.081095,0.280544,0.482243,0.405881,2026-06-26,Hebdomadaire
MA0000035461,3546,SCR OBLIGATIONS,CDG CAPITAL GESTION,FCP,OMLT,"]1,1  9]",MBI GLOBAL,HEBDOMADAIRE,FNPP,CAPITALISANT,0.0,0.0,-,CDG CAPITAL,CDG CAPITAL GESTION,2463165013.0,2722.58,-0.004544,-,0.005076,0.000621,0.015247,-0.004544,0.003599,0.093988,0.184052,0.080452,2026-06-26,Hebdomadaire
MA0000035487,3548,CDG ACTIONS,CDG CAPITAL GESTION,FCP,ACTIONS,-,CFG 25 FLOTTANT,HEBDOMADAIRE,FNPP,CAPITALISANT,0.03,0.015,0.02,CDG CAPITAL,CDG CAPITAL GESTION,1707320274.27,7257.99,-0.079775,-,-0.013589,-0.026352,0.030413,-0.079775,-0.079351,0.230264,0.375355,0.320595,2026-06-26,Hebdomadaire
MA0000035495,3549,AL IKRAM,CIH CAPITAL MANAGEMENT,FCP,DIVERSIFIÉ,-,60% MASI + 40% MBI MT,HEBDOMADAIRE,FNPP,CAPITALISANT,0.03,0.015,0.0075,BMCI,CIH CAPITAL MANAGEMENT,34559214.53,36378.12,-0.01345,-,-0.001597,-0.002812,0.017836,-0.01345,-0.003437,0.139652,0.229173,0.244511,2026-06-26,Hebdomadaire
MA0000035503,3550,CASACTIONS,CIH CAPITAL MANAGEMENT,FCP,DIVERSIFIÉ,-,80% MBI GLOBAL + 20% MASI,HEBDOMADAIRE,FNPP,DISTRIBUANT,0.03,0.015,0.02,BMCI,CIH CAPITAL MANAGEMENT,2462183.28,175870.23,-0.003504,-,0.000207,-0.001204,0.003112,-0.003504,0.001124,0.015973,0.030332,0.027557,2026-06-26,Hebdomadaire
MA0000035511,3551,AVENIR ACTIONS,CIH CAPITAL MANAGEMENT,FCP,DIVERSIFIÉ,-,80% MBI GLOBAL + 20% MASI,HEBDOMADAIRE,FNPP,DISTRIBUANT,0.03,0.015,0.02,BMCI,CIH CAPITAL MANAGEMENT,219888185.74,243239.14,-0.026479,-,-0.004332,-0.014038,0.01816,-0.026479,-0.019241,0.139906,0.227121,0.226372,2026-06-26,Hebdomadaire
MA0000035529,3552,AXA HORIZON,CIH CAPITAL MANAGEMENT,FCP,DIVERSIFIÉ,-,CFG 25 FLOTTANT,HEBDOMADAIRE,FNPP,MIXTE,0.03,0.015,0,BMCI,CIH CAPITAL MANAGEMENT,801893449.8,176511.88,-0.017334,-,-0.003864,-0.014777,0.018191,-0.017334,-0.006812,0.204417,0.319887,0.273145,2026-06-26,Hebdomadaire
MA0000035537,3553,CIMR THARWA,CIH CAPITAL MANAGEMENT,FCP,ACTIONS,-,MASI RN,HEBDOMADAIRE,FNPP,CAPITALISANT,0.0,0.0,0.02,BMCI,CIH CAPITAL MANAGEMENT,1082115018.37,487000.46,-0.034637,-,-0.014788,-0.039372,0.042286,-0.034637,-0.028902,0.394434,0.608439,0.610085,2026-06-26,Hebdomadaire
MA0000035545,3554,BMCI INVEST,CIH CAPITAL MANAGEMENT,FCP,DIVERSIFIÉ,-,60% MASI + 40% MBI MT,HEBDOMADAIRE,FNPP,CAPITALISANT,0.03,0.015,0.006,BMCI,CIH CAPITAL MANAGEMENT,830785.49,237.37,-0.005489,-,-0.006446,-0.019456,0.007941,-0.005489,-0.014121,0.042697,0.061916,0.044303,2026-06-26,Hebdomadaire
MA0000035552,3555,AXA AVENIR,CDG CAPITAL GESTION,FCP,DIVERSIFIÉ,-,80% MBI GLOBAL + 25% MASI RN,HEBDOMADAIRE,FNPP,MIXTE,0.03,0.015,0.02,CDG CAPITAL,CDG CAPITAL GESTION,764575170.44,3574.68,-0.038877,-,-0.002929,-0.009746,0.01393,-0.038877,-0.039303,0.158255,0.247571,0.189507,2026-06-26,Hebdomadaire
MA0000035594,3559,HORIZON BALANCED FUND,SAHAM CAPITAL GESTION,FCP,DIVERSIFIÉ,-,50% MBI GLOBAL + 50% MASI,QUOTIDIENNE,FGP,DISTRIBUANT,0.02,0.015,0.02,SAHAM BANK,SAHAM BANK,1252126.93,104343.91,-0.033441,-,-0.009626,-0.052103,0.006236,-0.033441,-0.026295,0.205803,0.339612,0.358706,2026-06-26,Hebdomadaire
MA0000035651,3565,ATLAS PREMIUM,ATLAS CAPITAL MANAGEMENT,FCP,ACTIONS,-,MASI,HEBDOMADAIRE,FGP,CAPITALISANT,0.03,0.015,0.015,CIH BANK,ATLAS CAPITAL MANAGEMENT,980154.02,714.91,-0.021315,-,-0.015764,-0.032925,0.064678,-0.021315,-0.009271,0.445051,0.629425,0.612118,2026-06-26,Hebdomadaire
MA0000035677,3567,CDG HORIZONS,CDG CAPITAL GESTION,FCP,OMLT,"]1,1  5,1]",50% MBI MLT + 50% MBI MT,QUOTIDIENNE,FGP,CAPITALISANT,0.03,0.015,0.02,CDG CAPITAL,CDG CAPITAL GESTION,229688287.52,2247.54,0.002806,-,0.001386,0.000196,0.013168,0.002806,0.017908,0.093337,0.143711,0.128385,2026-06-26,Hebdomadaire
MA0000035685,3568,AVENIR OBLIGATION,CFG GESTION,FCP,OMLT,[4  8[,CFG BONDS MT,HEBDOMADAIRE,FNPP,MIXTE,0.0,0.0,0.01,ATTIJARIWAFA BANK,CFG GESTION,1496341890.554064,25999.82,-0.006936,-,0.001288,-0.002857,0.00527,-0.006936,-0.005918,0.088814,0.18494,0.085538,2026-06-26,Hebdomadaire
MA0000035693,3569,AVENIR PREMIERE,CFG GESTION,FCP,OMLT,"]1,1  8]",MBI MLT,HEBDOMADAIRE,FNPP,MIXTE,0.03,0.015,0.02,ATTIJARIWAFA BANK,CFG GESTION,1340075.931045,335018.98,-0.002455,-,0.000664,-0.001461,0.004502,-0.002455,-0.004508,0.079073,0.120135,0.126352,2026-06-26,Hebdomadaire
MA0000035701,3570,PATRIMOINE AVENIR,CFG GESTION,FCP,ACTIONS,-,CFG 25 FLOTTANT,HEBDOMADAIRE,FGP,CAPITALISANT,0.004500000000000001,0.004500000000000001,0.02,CFG BANK,CFG GESTION; CFG BANK,69520257.103166,766.16,-0.048414,-,-0.014332,-0.031526,0.037328,-0.048414,-0.063088,0.237019,0.399788,0.356275,2026-06-26,Hebdomadaire
MA0000035727,3572,CFG AVENIR,CFG GESTION,FCP,DIVERSIFIÉ,-,20% CFG 25 FLOTTANT + 80% CFG BONDS CT,HEBDOMADAIRE,FGP,CAPITALISANT,0.002,0.002,0.02,CFG BANK,CFG GESTION; CFG BANK,304148305.892931,4961.56,-0.000653,-,-0.012118,-0.024369,0.015024,-0.000653,0.013606,0.087358,0.117823,0.22707,2026-06-26,Hebdomadaire
MA0000035735,3573,STAFF ACTION,CFG GESTION,FCP,ACTIONS,-,CFG 25 FLOTTANT,QUOTIDIENNE,FNPP,CAPITALISANT,0.003,0.003,0.02,CFG BANK,CFG GESTION; CFG BANK,48854476.484386,4398.13,-0.043939,-,-0.021714,-0.045472,0.051417,-0.043939,-0.028626,0.391998,0.645637,0.67403,2026-06-26,Hebdomadaire
MA0000035743,3574,CFG PERFORMANCE,CFG GESTION,FCP,ACTIONS,-,CFG 25 FLOTTANT,QUOTIDIENNE,FGP,CAPITALISANT,0.004500000000000001,0.004500000000000001,0.02,CFG BANK,CFG GESTION; CFG BANK,1262395807.511644,1143.03,-0.046895,-,-0.019977,-0.049819,0.044473,-0.046895,-0.057194,0.382675,0.622147,0.500453,2026-06-26,Hebdomadaire
MA0000035750,3575,AXA PERFORMANCE,CFG GESTION,FCP,DIVERSIFIÉ,-,80% MBI GLOBAL + 25% MASI RN,HEBDOMADAIRE,FNPP,DISTRIBUANT,0.0,0.0,0.02,CFG BANK,CFG GESTION,817103027.088015,65694.08,-0.018848,-,-0.003455,-0.013838,0.01866,-0.018848,-0.00706,0.17317,0.284328,0.243973,2026-06-26,Hebdomadaire
MA0000035768,3576,CFG EMERGENCE,CFG GESTION,FCP,ACTIONS,-,CFG 25 FLOTTANT,HEBDOMADAIRE,FGP,CAPITALISANT,0.004500000000000001,0.004500000000000001,0.02,CFG BANK,CFG GESTION; CFG BANK,28785142.319233,80630.65,-0.044642,-,-0.019808,-0.045595,0.039754,-0.044642,-0.039134,0.332694,0.542235,0.487021,2026-06-26,Hebdomadaire
MA0000035784,3578,CFG VALEURS,CFG GESTION,FCP,ACTIONS,-,CFG 25 FLOTTANT,QUOTIDIENNE,FGP,CAPITALISANT,0.003,0.003,0.02,CFG BANK,CFG GESTION; CFG BANK,87130129.510021,669.09,-0.058641,-,-0.020395,-0.04428,0.036016,-0.058641,-0.060478,0.310964,0.47627,0.394519,2026-06-26,Hebdomadaire
MA0000035792,3579,CFG RENDEMENT,CFG GESTION,FCP,OMLT,[2   6[,CFG BONDS CT,QUOTIDIENNE,FGP,CAPITALISANT,0.0,0.0,0.01,CFG BANK,CFG GESTION; CFG BANK,42091304.420015,347.95,-0.006709,-,0.000201,-0.001578,0.000172,-0.006709,0.050701,0.055065,0.060468,-0.010184,2026-06-26,Hebdomadaire
MA0000035800,3580,CAA RENDEMENT,CFG GESTION,FCP,OMLT,"]1,1  10]",MBI GLOBAL,HEBDOMADAIRE,FNPP,MIXTE,0.0,0.0,0.02,CFG BANK,CFG GESTION,175719623.878998,22427.52,-0.007387,-,0.001698,-0.002483,0.007334,-0.007387,-0.002636,0.096739,0.187717,0.158582,2026-06-26,Hebdomadaire
MA0000035826,3582,CFG LIQUIDITE,CFG GESTION,FCP,OCT,"]0,5; 1,1]",MBI CT,QUOTIDIENNE,FGP,CAPITALISANT,0.0,0.0,0.01,CFG BANK,CFG GESTION; CFG BANK,106848848.635144,227.42,0.007398,-,0.000352,0.00066,0.005482,0.007398,0.032695,0.050779,0.075577,0.092472,2026-06-26,Hebdomadaire
MA0000035834,3583,CFG SECURITE,CFG GESTION,FCP,MONÉTAIRE,"]0 0,5]",TMP INTERBANCAIRE,QUOTIDIENNE,FGP,CAPITALISANT,0.0,0.0,0.006,CFG BANK,CFG GESTION; CFG BANK,1887001952.416431,2559.24,0.010523,-,0.000364,0.001185,0.00586,0.010523,0.023364,0.050863,0.080395,0.112911,2026-06-26,Hebdomadaire
MA0000035842,3584,FCP CAPITAL BALANCE,BMCE CAPITAL GESTION,FCP,DIVERSIFIÉ,-,50% MASI + 50% MBI Global,QUOTIDIENNE,FGP,CAPITALISANT,0.02,0.02,0.02,BANK OF AFRICA,BMCE CAPITAL GESTION,459951665.94,5653.98,-0.028143,-,-0.009191,-0.02455,0.028939,-0.028143,-0.030945,0.229484,0.37787,0.285793,2026-06-26,Hebdomadaire
MA0000035867,3586,FCP CAPITAL IMTIYAZ CROISSANCE,BMCE CAPITAL GESTION,FCP,DIVERSIFIÉ,-,30% MASI + 70% MBI,QUOTIDIENNE,FGP,CAPITALISANT,0.02,0.02,0.02,BANK OF AFRICA,BMCE CAPITAL GESTION,1527814.78,66426.72,0.005473,-,-0.011343,-0.024474,0.033966,0.005473,0.016845,0.226886,0.322706,0.353995,2026-06-26,Hebdomadaire
MA0000035875,3587,FCP CAPITAL PARTICIPATIONS,BMCE CAPITAL GESTION,FCP,ACTIONS,-,MASI,QUOTIDIENNE,FGP,CAPITALISANT,0.02,0.02,0.02,BANK OF AFRICA,BMCE CAPITAL GESTION,683732995.07,9812.04,-0.120183,-,-0.006868,0.004358,0.02091,-0.120183,-0.135127,0.374536,0.681754,0.56894,2026-06-26,Hebdomadaire
MA0000035883,3588,CAPITAL DIVIDENDES PLUS,BMCE CAPITAL GESTION,FCP,ACTIONS,-,MASI,QUOTIDIENNE,FGP,MIXTE,0.02,0.02,0.02,BANK OF AFRICA,BMCE CAPITAL GESTION,5305330.41,8038.37,-0.032517,-,-0.014016,-0.03472,0.05081,-0.032517,-0.020719,0.396581,0.601106,0.522975,2026-06-26,Hebdomadaire
MA0000035891,3589,FCP MEDERSAT.COM,BMCE CAPITAL GESTION,FCP,DIVERSIFIÉ,-,50% MASI + 50% MBI Global,HEBDOMADAIRE,FGP,DISTRIBUANT,0.02,0.02,0.02,BANK OF AFRICA,BMCE CAPITAL GESTION,6065886.98,751.65,-0.027406,-,-0.005938,-0.013971,-0.000612,-0.027406,-0.016731,0.140125,0.208946,0.2093,2026-06-26,Hebdomadaire
MA0000035909,3590,FCP CAPITAL OPTIMISATION,BMCE CAPITAL GESTION,FCP,OMLT,"[1,1  12[",50% MBI MLT + 50% MBI MT,HEBDOMADAIRE,FNPP,CAPITALISANT,0.03,0.015,0.006,BANK OF AFRICA,BMCE CAPITAL GESTION,1129563378.99,246.54,-0.008825,-,0.001869,-0.003839,0.008715,-0.008825,-0.00435,0.133699,0.209106,0.175016,2026-06-26,Hebdomadaire
MA0000035917,3591,CAPITAL TRESOR,BMCE CAPITAL GESTION,FCP,OMLT,[2    6[,40% MBI MLT + 60% MBI MT,QUOTIDIENNE,FGP,CAPITALISANT,0.02,0.02,0.02,BANK OF AFRICA,BMCE CAPITAL GESTION,4572165252.05,2841.31,-0.009762,-,0.0016,-0.003381,0.011045,-0.009762,-0.008099,0.067925,0.137425,0.147744,2026-06-26,Hebdomadaire
MA0000035925,3592,FCP CAPITAL DYNAMIQUE,BMCE CAPITAL GESTION,FCP,OCT,"]0,5  1,1]",MBI CT,QUOTIDIENNE,FGP,CAPITALISANT,0.01,0.01,0.01,BANK OF AFRICA,BMCE CAPITAL GESTION,145520463.24,2337.82,0.008381,-,0.000308,0.000873,0.005047,0.008381,0.051977,0.067347,0.080758,0.105865,2026-06-26,Hebdomadaire
MA0000035933,3593,FCP CAPITAL INSTITUTIONS,BMCE CAPITAL GESTION,FCP,OMLT,"]1,1  5,1]",MBI MT,QUOTIDIENNE,FGP,CAPITALISANT,0.02,0.02,0.02,BANK OF AFRICA,BMCE CAPITAL GESTION,1300410472.4,2629.3,-0.005296,-,0.001119,-0.000593,0.012601,-0.005296,0.003818,0.077432,0.150009,0.12829,2026-06-26,Hebdomadaire
MA0000035941,3594,FCP CAPITAL IMTIYAZ SECURITE,BMCE CAPITAL GESTION,FCP,OMLT,]2  6],MBI GLOBAL,QUOTIDIENNE,FGP,CAPITALISANT,0.02,0.02,0.02,BANK OF AFRICA,BMCE CAPITAL GESTION,1103829370.77,29973.37,-0.005376,-,0.001507,-0.001959,0.007802,-0.005376,0.005218,0.10002,0.187351,0.108196,2026-06-26,Hebdomadaire
MA0000035958,3595,FCP CAPITAL INDICE,BMCE CAPITAL GESTION,FCP,ACTIONS,-,MASI RB,HEBDOMADAIRE,FGP,MIXTE,0.02,0.02,0.02,BANK OF AFRICA,BMCE CAPITAL GESTION,1318639851.87,4397.95,-0.044318,-,-0.017552,-0.041216,0.048701,-0.044318,-0.047345,0.399444,0.57552,0.461613,2026-06-26,Hebdomadaire
MA0000035974,3597,EMERGENCE MONEY MARKET FUND,VALORIS MANAGEMENT,FCP,MONÉTAIRE,"[0  0,5[",MBI CT,QUOTIDIENNE,FGP,CAPITALISANT,0.0,0.0,0.0065,BANK OF AFRICA,VALORIS MANAGEMENT,499295513.49,2089.05,0.009779,-,0.00033,0.001054,0.005226,0.009779,0.025698,0.052858,0.083476,0.116966,2026-06-26,Hebdomadaire
MA0000035990,3599,EMERGENCE FUND,VALORIS MANAGEMENT,FCP,OMLT,"]1,1  5,1[",MBI GLOBAL,HEBDOMADAIRE,FGP,CAPITALISANT,0.03,0.015,0.013,ATTIJARIWAFA BANK,VALORIS MANAGEMENT,1155856824.79,1891.75,0.001228,-,0.001376,-0.001826,0.012194,0.001228,0.010523,0.07362,0.127505,0.041535,2026-06-26,Hebdomadaire
MA0000036006,3600,UPLINE TRESORERIE,UPLINE CAPITAL MANAGEMENT,FCP,MONÉTAIRE,"]0  0,5]",100% TMP,QUOTIDIENNE,FGP,CAPITALISANT,0.0,0.0,0.02,BCP,UPLINE CAPITAL MANAGEMENT,304405836.78,19521.95,0.010188,-,0.00038,0.00136,0.005279,0.010188,0.019961,0.046933,0.076524,0.115651,2026-06-26,Hebdomadaire
MA0000036014,3601,UPLINE CASH,UPLINE CAPITAL MANAGEMENT,FCP,MONÉTAIRE,"]0  0,5]",60% TMP + 40% MBI CT,QUOTIDIENNE,FNPP,CAPITALISANT,0.0,0.0,0.02,BCP,UPLINE CAPITAL MANAGEMENT,313295352.64,23448.5,0.010841,-,0.000435,0.001455,0.005986,0.010841,0.021516,0.049842,0.082028,0.117011,2026-06-26,Hebdomadaire
MA0000036022,3602,ATTIJARI SOLIDARITE,WAFA GESTION,SICAV,DIVERSIFIÉ,-,50% MASI + 50% MBI MT,HEBDOMADAIRE,FGP,CAPITALISANT,0.03,0.015,0.02,ATTIJARIWAFA BANK,WAFA GESTION,199137327.98,5431.56,-0.003151,-,-0.01393,-0.036132,0.042218,-0.003151,-0.002666,0.258649,0.390273,0.323363,2026-06-26,Hebdomadaire
MA0000036048,3604,ATTIJARI MONETAIRE PLUS,WAFA GESTION,FCP,OCT,"[0,5  1,1[",MBI CT,QUOTIDIENNE,FGP,CAPITALISANT,0.0,0.0,0.02,ATTIJARIWAFA BANK,WAFA GESTION,896261227.31,230.93,0.011343,-,0.00065,0.001431,0.00746,0.011343,0.021633,0.051211,0.084433,0.115873,2026-06-26,Hebdomadaire
MA0000036055,3605,CAT EQUILIBRE,WAFA GESTION,FCP,OMLT,"[5,5  9,5[",50% MBI MLT + 50% MBI LT,HEBDOMADAIRE,FNPP,DISTRIBUANT,0.03,0.015,0.02,ATTIJARIWAFA BANK,WAFA GESTION,415784259.39,24502.58,-0.007095,-,0.001933,-0.00309,0.009522,-0.007095,0.001126,0.116635,0.251635,0.090724,2026-06-26,Hebdomadaire
MA0000036063,3606,ATTIJARI ACTIONS,WAFA GESTION,FCP,ACTIONS,-,MASI,QUOTIDIENNE,FGP,CAPITALISANT,0.03,0.015,0.02,ATTIJARIWAFA BANK,WAFA GESTION,840374666.2,901.74,-0.011618,-,-0.021358,-0.05077,0.061145,-0.011618,-0.017477,0.367018,0.508532,0.403486,2026-06-26,Hebdomadaire
MA0000036089,3608,ATTIJARI FINANCES CORP VALEURS,WAFA GESTION,FCP,ACTIONS,-,MASI,HEBDOMADAIRE,FNPP,CAPITALISANT,0.015,0.02,0.03,ATTIJARIWAFA BANK,WAFA GESTION,72186205.36,3297.53,0.023604,-,-0.017053,-0.037029,0.078791,0.023604,0.031019,0.480094,0.702663,0.670989,2026-06-26,Hebdomadaire
MA0000036097,3609,CAPITAL PERFORMANCE,WAFA GESTION,FCP,DIVERSIFIÉ,-,75% MBI MT + 25% MASI RENTABILITE,HEBDOMADAIRE,FGP,CAPITALISANT,0.03,0.015,0.02,ATTIJARIWAFA BANK,WAFA GESTION,161267202.23,8016.46,0.036731,-,-0.015754,-0.037128,0.074531,0.036731,0.060289,0.391384,0.54276,0.517999,2026-06-26,Hebdomadaire
MA0000036147,3614,CDM SECURITE PLUS,WAFA GESTION,FCP,MONÉTAIRE,"[0  0,5[",TMP,QUOTIDIENNE,FGP,CAPITALISANT,0.0,0.0,0.01,CDM,WAFA GESTION,243823695.57,2039.03,0.008642,-,0.000294,0.00111,0.004226,0.008642,0.017084,0.038509,0.063984,0.094435,2026-06-26,Hebdomadaire
MA0000036154,3615,FCP CDM LIQUIDITES,WAFA GESTION,FCP,OCT,"[0  1,1[",80% MBI CT + 20% MBI MT,QUOTIDIENNE,FGP,CAPITALISANT,0.03,0.015,0.02,CDM,WAFA GESTION,499350089.23,40047.32,0.009772,-,0.000281,0.000742,0.006778,0.009772,0.0185,0.046949,0.078717,0.100751,2026-06-26,Hebdomadaire
MA0000036188,3618,FCP MAROC RENDEMENT,MAROGEST,FCP,OCT,"]0,5 1,1]",MBI CT,HEBDOMADAIRE,FGP,CAPITALISANT,0.03,0.015,0.01,CIH BANK,MAROGEST,5504486.41,244.92,0.057193,-,0.000613,0.001554,0.052966,0.057193,0.069193,0.10225,0.138633,0.183303,2026-06-26,Hebdomadaire
MA0000036196,3619,FCP CAM LIQUIDITE,MAROGEST,FCP,MONÉTAIRE,"]0 0,5]",TMP INTERBANCAIRE,QUOTIDIENNE,FGP,CAPITALISANT,0.0,0.0,0.0065,CIH BANK,MAROGEST,1404021579.48,1939.25,0.013468,-,0.00033,0.00111,0.007455,0.013468,0.026835,0.059207,0.095009,0.140138,2026-06-26,Hebdomadaire
MA0000036204,3620,CIMR MOUBADARA,WAFA GESTION,FCP,ACTIONS,-,MASI,HEBDOMADAIRE,FNPP,CAPITALISANT,0.03,0.015,0.02,ATTIJARIWAFA BANK,WAFA GESTION,1529915638.97,9593.87,-0.005892,-,-0.018095,-0.042622,0.062568,-0.005892,-0.004409,0.410573,0.60267,0.581633,2026-06-26,Hebdomadaire
MA0000036220,3622,FCP CAPITAL PROTECTION,BMCE CAPITAL GESTION,FCP,ACTIONS,-,MASI,QUOTIDIENNE,FNPP,CAPITALISANT,0.02,0.02,0.02,BANK OF AFRICA,BMCE CAPITAL GESTION,997470007.64,3695.82,-0.043311,-,-0.016821,-0.040647,0.048989,-0.043311,-0.054513,0.355949,0.59533,0.596271,2026-06-26,Hebdomadaire
MA0000036238,3623,FCP CAPITAL MONETAIRE,BMCE CAPITAL GESTION,FCP,MONÉTAIRE,"[0  0,25[",MONIA,QUOTIDIENNE,FGP,CAPITALISANT,0.01,0.01,0.01,BANK OF AFRICA,BMCE CAPITAL GESTION,233803171.23,1651.7,0.009399,-,0.000351,0.001261,0.004684,0.009399,0.018468,0.04088,0.067652,0.101302,2026-06-26,Hebdomadaire
MA0000036246,3624,CDG MONETAIRE PLUS,CDG CAPITAL GESTION,FCP,OCT,"[0,5  1,1[",85% MBI CT + 15% MBI MT,QUOTIDIENNE,FGP,CAPITALISANT,0.005,0.0,0.01,CDG CAPITAL,CDG CAPITAL GESTION,2739033744.67,2306.92,0.015517,-,0.000612,0.001254,0.010548,0.015517,0.030957,0.071785,0.112997,0.147442,2026-06-26,Hebdomadaire
MA0000036253,3625,AVENIR PREVOYANCE ,CFG GESTION,FCP,OMLT,[3  7[,MBI MLT,HEBDOMADAIRE,FNPP,MIXTE,0.03,0.015,0.02,BANK OF AFRICA,CFG GESTION,142463576.889416,9489.35,0.002439,-,0.002111,-0.000492,0.014897,0.002439,0.003529,0.076769,0.135384,0.090522,2026-06-26,Hebdomadaire
MA0000036261,3626,CAPITAL IMTIYAZ LIQUIDITE,BMCE CAPITAL GESTION,FCP,OCT,"]0,5  1,1]",MBI CT,QUOTIDIENNE,FGP,CAPITALISANT,0.01,0.005,0.008,BANK OF AFRICA,BMCE CAPITAL GESTION,14117712302.95,19276.45,0.013752,-,0.000586,0.001377,0.009213,0.013752,0.027715,0.06777,0.11014,0.160653,2026-06-26,Hebdomadaire
MA0000036287,3628,EMERGENCE BOND FUND,VALORIS MANAGEMENT,FCP,OCT,]0.5  1.1],MBI CT,QUOTIDIENNE,FGP,CAPITALISANT,0.0,0.0,0.008,BANK OF AFRICA,VALORIS MANAGEMENT,576770830.0,2408.68,0.010378,-,0.00039,0.000972,0.006872,0.010378,0.022395,0.051775,0.084351,0.125241,2026-06-26,Hebdomadaire
MA0000036295,3629,AZ OBLIGATIONS,CIH CAPITAL MANAGEMENT,FCP,OMLT,"[1,1  13]",MBI GLOBAL,HEBDOMADAIRE,FNPP,MIXTE,0.0,0.0,0.02,CIH BANK,CIH CAPITAL MANAGEMENT,299966354.61,139.68,-0.004064,-,0.001793,-0.002856,0.010709,-0.004064,-0.038612,0.027815,0.053235,0.050463,2026-06-26,Hebdomadaire
MA0000036303,3630,FCP CAPITAL ACTIONS,BMCE CAPITAL GESTION,FCP,ACTIONS,-,MASI,QUOTIDIENNE,FGP,CAPITALISANT,0.02,0.02,0.02,BANK OF AFRICA,BMCE CAPITAL GESTION,252398339.29,257.52,-0.041001,-,-0.018111,-0.041536,0.04815,-0.041001,-0.05226,0.395319,0.612221,0.498342,2026-06-26,Hebdomadaire
MA0000036311,3631,FCP CAPITAL SELECTION,BMCE CAPITAL GESTION,FCP,ACTIONS,-,MADEX,QUOTIDIENNE,FGP,CAPITALISANT,0.02,0.02,0.02,BANK OF AFRICA,BMCE CAPITAL GESTION,3581870.65,313.42,-0.041763,-,-0.012384,-0.026586,0.029903,-0.041763,-0.039178,0.351997,0.573631,0.496824,2026-06-26,Hebdomadaire
MA0000036329,3632,FCP CAPITAL TERME,BMCE CAPITAL GESTION,FCP,DIVERSIFIÉ,-,80% MBI GLOBAL + 20% MASI,QUOTIDIENNE,FGP,CAPITALISANT,0.02,0.02,0.02,BANK OF AFRICA,BMCE CAPITAL GESTION,78532080.14,240.43,-0.00968,-,-0.002241,-0.008904,0.017952,-0.00968,-0.004802,0.162565,0.275965,0.227185,2026-06-26,Hebdomadaire
MA0000036345,3634,CFG INSTIBONDS,CFG GESTION,FCP,OMLT,"]1,5  5,5]",MBI GLOBAL,QUOTIDIENNE,FGP,CAPITALISANT,0.03,0.015,0.02,CFG BANK,CFG GESTION; CFG BANK,550186600.889172,34.01,-0.002347,-,0.002358,-0.001175,0.010098,-0.002347,-0.779328,-0.765319,-0.755077,-,2026-06-26,Hebdomadaire
MA0000036352,3635,FCP CAM TRESO PLUS,MAROGEST,FCP,OCT,"]0,5 1,1]",85% MBI CT + 15 % MBI MT,QUOTIDIENNE,FGP,CAPITALISANT,0.03,0.015,0.02,CIH BANK,CIH,788519657.54,173.87,0.013524,-,0.00046,0.001209,0.008761,0.013524,0.026327,0.064858,0.105059,0.149402,2026-06-26,Hebdomadaire
MA0000036378,3637,AVENIR CROISSANCE,CFG GESTION,FCP,ACTIONS,-,CFG 25 FLOTTANT,HEBDOMADAIRE,FNPP,MIXTE,0.03,0.015,0.02,ATTIJARIWAFA BANK,CFG GESTION,1265645.757248,35156.83,-0.062659,-,-0.009176,-0.0102,0.023007,-0.062659,-0.060597,0.273191,0.459816,0.440562,2026-06-26,Hebdomadaire
MA0000036394,3639,FCP CAPITAL TAALIM,BMCE CAPITAL GESTION,FCP,OMLT,[4  8[,95% MBI MLT + 5% MASI,HEBDOMADAIRE,FNPP,CAPITALISANT,0.03,0.015,0.02,BANK OF AFRICA,BMCE CAPITAL GESTION,3520807087.61,2351.82,-0.009831,-,0.001469,-0.004175,0.016687,-0.009831,-0.005232,0.120266,0.226919,0.162817,2026-06-26,Hebdomadaire
MA0000036402,3640,UPLINE EQUILIBRE,UPLINE CAPITAL MANAGEMENT,FCP,DIVERSIFIÉ,-,75% MBI GLOBAL + 25% MASI 20,QUOTIDIENNE,FNPP,MIXTE,0.0,0.0,0.02,BCP,UPLINE CAPITAL MANAGEMENT,554188424.84,121.36,-0.020564,-,-0.005735,-0.018996,0.034799,-0.020564,-0.02202,-0.089212,-0.071369,-0.109004,2026-06-26,Hebdomadaire
MA0000036436,3643,EMERGENCE CAPITAL,VALORIS MANAGEMENT,FCP,OMLT,"[1,1  5,1[",MBI GLOBAL,HEBDOMADAIRE,FGP,CAPITALISANT,0.03,0.015,0.005,BANK OF AFRICA,VALORIS MANAGEMENT,271969731.27,1790.7,0.000285,-,0.001247,-0.000659,0.008322,0.000285,0.008396,0.070609,0.131235,0.108223,2026-06-26,Hebdomadaire
MA0000036444,3644,AL IJTIMAI PATRIMOINE,VALORIS MANAGEMENT,FCP,OMLT,"[1,1  7,1[",MBI GLOBAL,HEBDOMADAIRE,FNPP,CAPITALISANT,0.03,0.015,0.008,CDG,VALORIS MANAGEMENT,4993951678.02,211922.41,-0.00659,-,0.00156,-0.003563,0.013483,-0.00659,-0.001405,0.11026,0.215277,0.131395,2026-06-26,Hebdomadaire
MA0000036477,3647,INSTIMONETAIRE,CIH CAPITAL MANAGEMENT,FCP,MONÉTAIRE,"<=0,5",TMI(jj),QUOTIDIENNE,FGP,CAPITALISANT,0.0125,0.005,0.0195,BMCI,CIH CAPITAL MANAGEMENT,12260394.34,139.71,0.01822,-,0.000286,0.00086,0.014965,0.01822,0.043001,0.078342,0.094134,0.11181,2026-06-26,Hebdomadaire
MA0000036485,3648,CAT ACTIONS,CIH CAPITAL MANAGEMENT,FCP,ACTIONS,-,MASI RN,HEBDOMADAIRE,FNPP,DISTRIBUANT,0.0,0.0,0.02,BMCI,CIH CAPITAL MANAGEMENT,273433538.67,478030.66,-0.044944,-,-0.01384,-0.036094,0.02812,-0.044944,-0.043304,0.366343,0.534007,0.518824,2026-06-26,Hebdomadaire
MA0000036493,3649,FCP CAPITAL MAGHREB,BMCE CAPITAL GESTION,FCP,ACTIONS,-,MASI,QUOTIDIENNE,FGP,CAPITALISANT,0.02,0.02,0.02,BANK OF AFRICA,BMCE CAPITAL GESTION,1325561989.72,1697.14,-0.045569,-,-0.018188,-0.041186,0.050106,-0.045569,-0.059282,0.40706,0.679057,0.607049,2026-06-26,Hebdomadaire
MA0000036501,3650,FCP CAPITAL MULTI-GESTION,BMCE CAPITAL GESTION,FCP,DIVERSIFIÉ,-,80% MBI GLOBAL + 20% MASI,QUOTIDIENNE,FGP,CAPITALISANT,0.02,0.02,0.02,BANK OF AFRICA,BMCE CAPITAL GESTION,1722505770.67,534.67,-0.033723,-,-0.00369,-0.01456,0.019779,-0.033723,-0.035605,0.15171,0.259321,0.163211,2026-06-26,Hebdomadaire
MA0000036519,3651,FCP AL IJTIMAI SECURITE,BMCE CAPITAL GESTION,FCP,OMLT,"[1,1  7[",MBI GLOBAL,HEBDOMADAIRE,FNPP,CAPITALISANT,0.03,0.015,0.02,BANK OF AFRICA,BMCE CAPITAL GESTION,2999116428.28,223664.43,-0.009546,-,0.000687,-0.00424,0.009875,-0.009546,-0.006274,0.106567,0.211327,0.146824,2026-06-26,Hebdomadaire
MA0000036527,3652,AL IJTIMAI INMAA,WAFA GESTION,FCP,OMLT,"]1,1  7]",MBI GLOBAL,HEBDOMADAIRE,FNPP,CAPITALISANT,0.03,0.03,0.02,ATTIJARIWAFA BANK,WAFA GESTION,5181781495.92,216258.98,-0.004088,-,0.000713,-0.005428,0.013378,-0.004088,0.004536,0.119421,0.229097,0.140035,2026-06-26,Hebdomadaire
MA0000036535,3653,AL IJTIMAI SOLIDARITE,CFG GESTION,FCP,OMLT,"[1,1  7[",MBI GLOBAL,HEBDOMADAIRE,FNPP,CAPITALISANT,0.0,0.0,0.02,CDG,CFG GESTION,3821345321.041751,218038.65,-0.010616,-,0.000719,-0.004635,0.010428,-0.010616,-0.004974,0.107446,0.211233,0.123699,2026-06-26,Hebdomadaire
MA0000036543,3654,AL IJTIMAI AVENIR,SAHAM CAPITAL GESTION,FCP,OMLT,"]1,1  7]",MBI GLOBAL,HEBDOMADAIRE,FNPP,CAPITALISANT,0.03,0.015,0.02,SAHAM BANK,SAHAM BANK,2608726956.02,244239.95,-0.005346,-,0.001124,-0.004084,0.012766,-0.005346,-0.002691,0.104332,0.20343,0.181185,2026-06-26,Hebdomadaire
MA0000036550,3655,AL IJTIMAI ADDAMANE,UPLINE CAPITAL MANAGEMENT,FCP,OMLT,"]1,1  7]",MBI GLOBAL,HEBDOMADAIRE,FNPP,CAPITALISANT,0.0,0.0,0.02,CDG,UPLINE CAPITAL MANAGEMENT,1394341303.37,135874.23,-0.005169,-,0.001018,-0.00432,0.012535,-0.005169,-0.000139,0.107806,0.206456,0.118757,2026-06-26,Hebdomadaire
MA0000036568,3656,UPLINE AVENIR,UPLINE CAPITAL MANAGEMENT,FCP,OMLT,"]1,1  12]",40% MBI MT + 60% MBI MLT,HEBDOMADAIRE,FNPP,MIXTE,0.0,0.0,0.02,BCP,UPLINE CAPITAL MANAGEMENT,10739090941.95,1649.11,-0.011769,-,0.003389,-0.00178,0.007742,-0.011769,-0.00289,0.105783,0.206628,0.128596,2026-06-26,Hebdomadaire
MA0000036576,3657,UPLINE VALEURS PLUS,UPLINE CAPITAL MANAGEMENT,FCP,ACTIONS,-,MASI,QUOTIDIENNE,FGP,MIXTE,0.0,0.0,0.02,BCP,UPLINE CAPITAL MANAGEMENT,14686583.81,4243.45,-0.037435,-,-0.016762,-0.039956,0.053784,-0.037435,-0.046165,0.376961,0.605148,0.546419,2026-06-26,Hebdomadaire
MA0000036584,3658,HORIZON NOVA,SAHAM CAPITAL GESTION,FCP,MONÉTAIRE,"[0  0,5[",TMP INTERBANCAIRE,QUOTIDIENNE,FNPP,CAPITALISANT,0.03,0.015,0.02,SAHAM BANK,SAHAM BANK,1592827.39,1514.09,0.007875,-,0.000291,0.000992,0.004351,0.007875,0.015153,0.035969,0.061975,0.089305,2026-06-26,Hebdomadaire
MA0000036592,3659,FCP CAPITAL IMMOBILIER,BMCE CAPITAL GESTION,FCP,ACTIONS,-,10% Indice Sectoriel Immobilier + 10 % Indice Sectoriel Batiments et Matériaux de Construction + 80% MASI,QUOTIDIENNE,FGP,CAPITALISANT,0.02,0.02,0.02,BANK OF AFRICA,BMCE CAPITAL GESTION,1341567.07,1842.81,-0.057135,-,-0.006523,-0.009253,0.022738,-0.057135,-0.04845,0.444344,0.70599,0.640576,2026-06-26,Hebdomadaire
MA0000036600,3660,ALIF I,UPLINE CAPITAL MANAGEMENT,FCP,OMLT,"]3,1   7,1]",50% MBI MT + 50% MBI MLT,QUOTIDIENNE,FNPP,CAPITALISANT,0.0,0.0,0.02,BCP,UPLINE CAPITAL MANAGEMENT,2782635965.24,1852.97,-2.2e-05,-,0.001844,0.000745,0.014526,-2.2e-05,0.00741,0.093501,0.181997,0.178157,2026-06-26,Hebdomadaire
MA0000036618,3661,UPLINE PERENNITE,UPLINE CAPITAL MANAGEMENT,FCP,MONÉTAIRE,"]0  0,5]",50% TMP +  50% MBI CT,QUOTIDIENNE,FGP,MIXTE,0.0,0.0,0.02,BCP,UPLINE CAPITAL MANAGEMENT,8339511069.77,1779.81,0.012337,-,0.00045,0.001446,0.006908,0.012337,0.024245,0.055872,0.091741,0.135409,2026-06-26,Hebdomadaire
MA0000036626,3662,EMERGENCE PERFORMANCE,VALORIS MANAGEMENT,FCP,ACTIONS,-,MASI,HEBDOMADAIRE,FGP,CAPITALISANT,0.03,0.015,0.017,BANK OF AFRICA,VALORIS MANAGEMENT,104519343.75,12620.06,-0.053661,-,-0.015233,-0.029261,0.032712,-0.053661,-0.055838,0.419045,0.684836,0.678894,2026-06-26,Hebdomadaire
MA0000036634,3663,EMERGENCE CROISSANCE,VALORIS MANAGEMENT,FCP,DIVERSIFIÉ,-,70% MBI GLOBAL + 30% MASI,HEBDOMADAIRE,FGP,CAPITALISANT,0.03,0.015,0.017,BANK OF AFRICA,VALORIS MANAGEMENT,2253414370.85,4006.28,-0.034066,-,-0.006162,-0.017001,0.022266,-0.034066,-0.034112,0.212995,0.333262,0.20762,2026-06-26,Hebdomadaire
MA0000036642,3664,AXA EPARGNE,CIH CAPITAL MANAGEMENT,FCP,OMLT,"[1,1  5,1[",MBI MLT,HEBDOMADAIRE,FNPP,MIXTE,0.03,0.015,0.005,BMCI,CIH CAPITAL MANAGEMENT,530551542.72,114416.98,-0.005678,-,0.002,-0.002397,0.010926,-0.005678,0.003302,0.102286,0.188992,0.139785,2026-06-26,Hebdomadaire
MA0000036659,3665,ATTIJARI LIQUIDITE,WAFA GESTION,FCP,MONÉTAIRE,"[0  0,5[",TMP,QUOTIDIENNE,FGP,CAPITALISANT,0.02,0.02,0.02,ATTIJARIWAFA BANK,WAFA GESTION,4290401845.07,1585.19,0.009155,-,0.000341,0.001213,0.004505,0.009155,0.018347,0.041881,0.069463,0.10417,2026-06-26,Hebdomadaire
MA0000036667,3666,AXA CROISSANCE,CIH CAPITAL MANAGEMENT,FCP,OMLT,"[1,1  5,1[",MBI,HEBDOMADAIRE,FNPP,MIXTE,0.03,0.015,0.005,BMCI,CIH CAPITAL MANAGEMENT,557784265.41,109455.31,-0.005519,-,0.002036,-0.002496,0.011138,-0.005519,0.003446,0.102587,0.188975,0.142998,2026-06-26,Hebdomadaire
MA0000036675,3667,FCP CAPITAL OPTIMUM,BMCE CAPITAL GESTION,FCP,DIVERSIFIÉ,-,70% MBII GLOBAL + 30% MASI RB,HEBDOMADAIRE,FNPP,CAPITALISANT,0.01,0.01,0.02,BANK OF AFRICA,BMCE CAPITAL GESTION,510213159.86,2037.68,-0.016459,-,-0.00534,-0.016136,0.022531,-0.016459,0.027775,0.256617,0.404612,0.358244,2026-06-26,Hebdomadaire
MA0000036683,3668,FCP MAROC INSTITUTIONS,MAROGEST,FCP,OMLT,"[5,1  9,1[",MBI LT,HEBDOMADAIRE,FGP,CAPITALISANT,0.015,0.003,0.01,CIH BANK,MAROGEST,89742681.67,165.77,-0.011509,-,0.001027,-0.002407,0.010485,-0.011509,-0.005937,0.092245,0.18348,0.040877,2026-06-26,Hebdomadaire
MA0000036691,3669,FCP MAROC CREANCES,MAROGEST,FCP,OMLT,"[1,1  5,1[",MBI GLOBAL,HEBDOMADAIRE,FGP,CAPITALISANT,0.015,0.003,0.01,CIH BANK,MAROGEST,13322238.93,153.22,-0.000652,-,0.001307,-0.000717,0.007894,-0.000652,0.005975,0.071993,0.145142,-0.005775,2026-06-26,Hebdomadaire
MA0000036709,3670,MBS RENDEMENT,WAFA GESTION,FCP,OMLT,[4  8[,95% MBI MLT + 5% MASI,HEBDOMADAIRE,FNPP,CAPITALISANT,0.03,0.03,0.02,ATTIJARIWAFA BANK,WAFA GESTION,6020522.32,1998.18,0.01962,-,0.000661,-0.002849,0.012701,0.01962,0.03295,0.13522,0.212547,0.181446,2026-06-26,Hebdomadaire
MA0000036758,3675,CFG CONSTRUCTION,CFG GESTION,FCP,ACTIONS,-,CFG 25 FLOTTANT,HEBDOMADAIRE,FGP,CAPITALISANT,0.0085,0.0085,0.02,ATTIJARIWAFA BANK,CFG GESTION,31762646.073904,164.82,-0.028928,-,-0.018636,-0.036253,0.065486,-0.028928,-0.022941,0.399745,0.638044,0.514333,2026-06-26,Hebdomadaire
MA0000036774,3677,AFRICAPITAL LIQUIDITY,AFRICAPITAL MANAGEMENT,FCP,MONÉTAIRE,"]0  0,5]",Repo jj capitalisé,QUOTIDIENNE,FGP,CAPITALISANT,0.03,0.03,0.02,ATTIJARIWAFA BANK,AFRICAPITAL MANAGEMENT,1893043465.38,1583.13,0.011585,-,0.000385,0.00117,0.006536,0.011585,0.022971,0.052417,0.08636,0.126094,2026-06-26,Hebdomadaire
MA0000036782,3678,AFRICAPITAL SECURITE,AFRICAPITAL MANAGEMENT,FCP,DIVERSIFIÉ,-,60% MASI + 40% MBI,HEBDOMADAIRE,FGP,CAPITALISANT,0.03,0.03,0.02,ATTIJARIWAFA BANK,AFRICAPITAL MANAGEMENT,3206802650.15,2430.04,-0.070418,-,-0.003441,-0.006695,0.008746,-0.070418,-0.076259,0.142548,0.291276,0.126004,2026-06-26,Hebdomadaire
MA0000036790,3679,AFRICAPITAL EQUITY,AFRICAPITAL MANAGEMENT,FCP,ACTIONS,-,MASI,HEBDOMADAIRE,FGP,CAPITALISANT,0.03,0.03,0.02,ATTIJARIWAFA BANK,AFRICAPITAL MANAGEMENT,884919050.73,2793.4,-0.052095,-,-0.015864,-0.032535,0.045587,-0.052095,-0.058536,0.380022,0.614505,0.432733,2026-06-26,Hebdomadaire
MA0000036832,3683,FCP MOUSTAQBAL CRP,BMCE CAPITAL GESTION,FCP,DIVERSIFIÉ,-,75% MBI + 25% MASI RB,HEBDOMADAIRE,FNPP,CAPITALISANT,0.0,0.0,0.006,BANK OF AFRICA,BMCE CAPITAL GESTION,1826714557.95,2894.72,-0.020661,-,-0.002976,-0.014275,0.018296,-0.020661,-0.017343,0.19978,0.379042,0.292811,2026-06-26,Hebdomadaire
MA0000036840,3684,AFAK CRP,WAFA GESTION,FCP,DIVERSIFIÉ,-,"37,5% MBI MLT + 37,5% MBI MT + 25% MASI RB",HEBDOMADAIRE,FNPP,CAPITALISANT,0.03,0.015,0.02,ATTIJARIWAFA BANK,WAFA GESTION,1663952885.71,271267.18,-0.012415,-,-0.00543,-0.022828,0.02684,-0.012415,-0.004132,0.228853,0.390201,0.300989,2026-06-26,Hebdomadaire
MA0000036865,3686,AFRICAPITAL BONDS,AFRICAPITAL MANAGEMENT,FCP,OMLT,]1.1  5.1],MBI MLT,HEBDOMADAIRE,FGP,CAPITALISANT,0.03,0.03,0.02,ATTIJARIWAFA BANK,AFRICAPITAL MANAGEMENT,2046256498.35,1593.18,-0.009235,-,0.000747,-0.003178,0.009818,-0.009235,-0.003347,0.078879,0.14567,0.085435,2026-06-26,Hebdomadaire
MA0000036873,3687,AFRICAPITAL CASH,AFRICAPITAL MANAGEMENT,FCP,OCT,]0.5  1.1],MBI CT,QUOTIDIENNE,FGP,CAPITALISANT,0.02,0.02,0.02,ATTIJARIWAFA BANK,AFRICAPITAL MANAGEMENT,1793124617.84,1594.67,0.011391,-,0.000295,0.000898,0.008175,0.011391,0.022572,0.060519,0.100721,0.141733,2026-06-26,Hebdomadaire
MA0000036899,3689,SECURITE RENDEMENT,CIH CAPITAL MANAGEMENT,FCP,OCT,"[0,5  1,1[",MBI CT,HEBDOMADAIRE,FNPP,CAPITALISANT,0.03,0.015,0.02,CIH BANK,CIH CAPITAL MANAGEMENT,1286029393.32,149869.41,0.009872,-,0.000451,0.001157,0.006386,0.009872,0.019361,0.044337,0.067808,0.088248,2026-06-26,Hebdomadaire
MA0000036907,3690,FCP IRGAM MONETAIRE,IRG ASSET MANAGEMENT,FCP,MONÉTAIRE,"]0 0,5]",80% MONIA + 20% MBI CT,QUOTIDIENNE,FGP,CAPITALISANT,0.03,0.015,0.02,ATTIJARIWAFA BANK,IRG ASSET MANAGEMENT,247932587.09,155.97,0.005934,-,0.000257,0.000706,0.00341,0.005934,0.016157,0.030934,0.057926,0.097916,2026-06-26,Hebdomadaire
MA0000036915,3691,FCP IRGAM OBLIGATAIRE,IRG ASSET MANAGEMENT,FCP,OMLT,"[3,5  7,5]",MBI MLT,QUOTIDIENNE,FGP,CAPITALISANT,0.03,0.015,0.02,ATTIJARIWAFA BANK,IRG ASSET MANAGEMENT,1662571897.62,164.53,-0.015851,-,0.000852,-0.006581,0.0071,-0.015851,-0.012366,0.077472,0.158825,-0.00532,2026-06-26,Hebdomadaire
MA0000036923,3692,FCP IRGAM ACTIONS,IRG ASSET MANAGEMENT,FCP,ACTIONS,-,MASI FLOTTANT,QUOTIDIENNE,FGP,CAPITALISANT,0.03,0.015,0.02,ATTIJARIWAFA BANK,IRG ASSET MANAGEMENT,1539818020.9,248.67,-0.05283,-,-0.01692,-0.037319,0.041026,-0.05283,-0.058425,0.346637,0.571772,0.417004,2026-06-26,Hebdomadaire
MA0000036931,3693,FCP CIMR TANMYA,BMCE CAPITAL GESTION,FCP,ACTIONS,-,MASI RENTABILITE,HEBDOMADAIRE,FNPP,CAPITALISANT,0.0,0.0,0.01,BANK OF AFRICA,BMCE CAPITAL GESTION,803207407.36,2671.16,-0.038529,-,-0.017772,-0.040935,0.04998,-0.038529,-0.045134,0.442366,0.72224,0.683787,2026-06-26,Hebdomadaire
MA0000036972,3697,CFG PREVOYANCE,CFG GESTION,FCP,OMLT,]1.1  8],MBI GLOBAL,QUOTIDIENNE,FGP,CAPITALISANT,0.03,0.015,0.02,CFG BANK,CFG GESTION,625414579.050844,163.3,-0.003771,-,0.001595,-0.002748,0.00846,-0.003771,-0.000876,0.098448,0.189637,0.157971,2026-06-26,Hebdomadaire
MA0000036998,3699,BOND OPTIMUM,SAHAM CAPITAL GESTION,FCP,OMLT,"]1,1  10]",MBI GLOBAL,HEBDOMADAIRE,FGP,CAPITALISANT,0.03,0.03,0.02,SAHAM BANK,SAHAM BANK,204212510.01,18252.81,-0.01359,-,0.002269,-0.002453,0.010292,-0.01359,-0.009991,0.093413,0.184214,0.153181,2026-06-26,Hebdomadaire
MA0000037004,3700,SAFAE,CIH CAPITAL MANAGEMENT,FCP,ACTIONS,-,MASI,HEBDOMADAIRE,FNPP,MIXTE,0.03,0.015,0.02,BMCI,CIH CAPITAL MANAGEMENT,93694906.99,205021.68,-0.026257,-,-0.029154,-0.053801,0.04292,-0.026257,-0.029854,0.429309,0.636051,0.591835,2026-06-26,Hebdomadaire
MA0000037038,3703,CFG CORPORATE BONDS,CFG GESTION,FCP,OMLT,[3  7[,CFG BONDS MT,HEBDOMADAIRE,FGP,CAPITALISANT,0.0,0.0,0.02,CFG BANK,CFG GESTION,37982595.428613,166.05,-0.006462,-,0.000482,-0.002703,0.005024,-0.006462,0.004051,0.08501,0.148579,0.104423,2026-06-26,Hebdomadaire
MA0000037046,3704,AXA MONETAIRE,CIH CAPITAL MANAGEMENT,FCP,MONÉTAIRE,"<=0,5",TMI(jj),QUOTIDIENNE,FNPP,CAPITALISANT,0.0,0.0,0.02,BMCI,CIH CAPITAL MANAGEMENT,375744207.8,159348.69,0.010919,-,0.000415,0.001434,0.006115,0.010919,0.021317,0.049457,0.081927,0.119865,2026-06-26,Hebdomadaire
MA0000037061,3706,FCP CAPITAL PLUS,BMCE CAPITAL GESTION,FCP,OMLT,"]1,1  5,1]",MBI MT,QUOTIDIENNE,FGP,CAPITALISANT,0.02,0.02,0.02,BANK OF AFRICA,BMCE CAPITAL GESTION,2615491177.37,1656.62,-0.004585,-,0.002815,-0.000838,0.007762,-0.004585,-0.010187,0.067871,0.136883,0.169442,2026-06-26,Hebdomadaire
MA0000037079,3707,AD MOROCCAN EQUITY FUND,AD CAPITAL ASSET MANAGEMENT,FCP,ACTIONS,-,MASI,HEBDOMADAIRE,FGP,CAPITALISANT,0.03,0.03,0.02,ATTIJARIWAFA BANK,AD CAPITAL ASSET MANAGEMENT; AD CAPITAL GROUP,2204317041.43,2190.36,-0.069836,-,-0.005859,-0.005783,0.036518,-0.069836,-0.059475,0.434693,0.805128,0.733154,2026-06-26,Hebdomadaire
MA0000037087,3708,AD BONDS,AD CAPITAL ASSET MANAGEMENT,FCP,OMLT,"[1,1  5,1[",MBI MLT,HEBDOMADAIRE,FGP,CAPITALISANT,0.03,0.03,0.02,ATTIJARIWAFA BANK,AD CAPITAL ASSET MANAGEMENT; AD CAPITAL GROUP,1216144476.24,1762.93,-0.005646,-,0.00017,-0.003076,0.013196,-0.005646,0.001744,0.1031,0.194211,0.116612,2026-06-26,Hebdomadaire
MA0000037095,3709,AD CASH,AD CAPITAL ASSET MANAGEMENT,FCP,MONÉTAIRE,[0  0.5[,MBI CT,QUOTIDIENNE,FGP,CAPITALISANT,0.03,0.03,0.02,ATTIJARIWAFA BANK,AD CAPITAL ASSET MANAGEMENT; AD CAPITAL GROUP,1616282441.67,1584.34,0.01285,-,0.000461,0.001492,0.006908,0.01285,0.025463,0.060178,0.097348,0.145938,2026-06-26,Hebdomadaire
MA0000037103,3710,IRGAM STRATEGIE,IRG ASSET MANAGEMENT,FCP,ACTIONS,-,MASI RB,HEBDOMADAIRE,FNPP,DISTRIBUANT,0.0,0.0,0.02,ATTIJARIWAFA BANK,IRG ASSET MANAGEMENT,258554951.98,102.11,-0.025482,-,-0.017701,-0.038693,0.060553,-0.025482,-0.022738,0.428128,0.676074,0.627118,2026-06-26,Hebdomadaire
MA0000037145,3714,CAT DIVERSIFIE,SAHAM CAPITAL GESTION,FCP,DIVERSIFIÉ,-,85% MBI GLOBAL + 15% MASI,HEBDOMADAIRE,FNPP,CAPITALISANT,0.03,0.015,0.02,SAHAM BANK,SAHAM BANK,182154068.67,21274.71,-0.0159,-,-0.007876,-0.023553,0.031207,-0.0159,-0.014413,0.22516,0.378159,0.353165,2026-06-26,Hebdomadaire
MA0000037152,3715,OBLIGATAIRE PREMIUM,IRG ASSET MANAGEMENT,FCP,OMLT,"[3,5  7,5[",MBI GLOBAL,HEBDOMADAIRE,FGP,CAPITALISANT,0.03,0.015,0.02,ATTIJARIWAFA BANK,IRG ASSET MANAGEMENT,1608105613.14,153.91,-0.019244,-,-0.002657,-0.008695,0.00339,-0.019244,-0.015102,0.072469,0.130943,0.081892,2026-06-26,Hebdomadaire
MA0000037178,3717,EMERGENCE OBLIGATIONS,VALORIS MANAGEMENT,FCP,OMLT,[3  7[,MBI GLOBAL,HEBDOMADAIRE,FNPP,CAPITALISANT,0.03,0.015,0.02,ATTIJARIWAFA BANK,VALORIS MANAGEMENT,468383715.84,1873.62,-0.002545,-,0.001277,-0.002874,0.012018,-0.002545,0.003686,0.096897,0.190636,0.14678,2026-06-26,Hebdomadaire
MA0000037186,3718,FCP ALIF II,WAFA GESTION,SICAV,OMLT,"]1,1 10]",50% MBI MLT + 50% MBI MT,QUOTIDIENNE,FNPP,CAPITALISANT,0.03,0.015,0.02,ATTIJARIWAFA BANK,WAFA GESTION,3136189918.74,1840.36,0.001159,-,0.002184,0.000652,0.015057,0.001159,0.01102,0.102256,0.183983,0.188748,2026-06-26,Hebdomadaire
MA0000037194,3719,ATLAS AMBITION,ATLAS CAPITAL MANAGEMENT,FCP,ACTIONS,-,MASI,HEBDOMADAIRE,FGP,CAPITALISANT,0.03,0.015,0.02,ATTIJARIWAFA BANK,ATLAS CAPITAL MANAGEMENT,1125845.74,209.65,-0.00856,-,-0.013365,-0.028769,0.073037,-0.00856,-0.002996,0.476408,0.658361,0.614928,2026-06-26,Hebdomadaire
MA0000037202,3720,ATLAS EQUILIBRE,ATLAS CAPITAL MANAGEMENT,FCP,OCT,]0.5  1.1],MBI CT,QUOTIDIENNE,FGP,CAPITALISANT,0.005,0.005,0.0075,ATTIJARIWAFA BANK,ATLAS CAPITAL MANAGEMENT,290405580.35,145.93,0.013755,-,0.00048,0.001098,0.008709,0.013755,0.026808,0.063475,0.10244,0.147609,2026-06-26,Hebdomadaire
MA0000037210,3721,ATLAS SERENITE,ATLAS CAPITAL MANAGEMENT,FCP,OMLT,[4  8],MBI,HEBDOMADAIRE,FGP,CAPITALISANT,0.01,0.005,0.01,ATTIJARIWAFA BANK,ATLAS CAPITAL MANAGEMENT,196351133.58,176.32,-0.014697,-,0.001136,-0.004123,0.006163,-0.014697,-0.005583,0.145679,0.223765,0.19539,2026-06-26,Hebdomadaire
MA0000037251,3725,FCP MAROGEST CASH,MAROGEST,FCP,MONÉTAIRE,"]0  0,5]",TMP INTERBANCAIRE,QUOTIDIENNE,FGP,CAPITALISANT,0.0,0.0,0.02,ATTIJARIWAFA BANK,MAROGEST,93700562.12,137.51,0.020028,-,0.000437,0.001457,0.008952,0.020028,0.032745,0.063907,0.097534,0.140689,2026-06-26,Hebdomadaire
MA0000037301,3730,MAROC OPPORTUNITE,SAHAM CAPITAL GESTION,FCP,OMLT,"]1,1  10]",MBI GLOBAL,HEBDOMADAIRE,FNPP,CAPITALISANT,0.03,0.015,0.02,SAHAM BANK,SAHAM BANK,3552875382.17,2011.17,-0.011676,-,0.001399,-0.003997,0.012363,-0.011676,-0.008963,0.081048,0.174594,0.288719,2026-06-26,Hebdomadaire
MA0000037319,3731,CAPITAL TRUST OBLIGATAIRE,CAPITAL TRUST GESTION,FCP,OMLT,"[1,1  5,1[",MBI MT,HEBDOMADAIRE,FGP,CAPITALISANT,0.02,0.015,0.02,BMCI,CAPITAL TRUST GESTION,428391909.22,1638.82,-0.012152,-,0.000598,-0.003957,0.005134,-0.012152,-0.00627,0.062093,0.127654,0.102959,2026-06-26,Hebdomadaire
MA0000037327,3732,CAPITAL TRUST MONÉTAIRE,CAPITAL TRUST GESTION,FCP,MONÉTAIRE,"<= 0,5",Taux Repo au jour le jour,QUOTIDIENNE,FGP,CAPITALISANT,0.0,0.0,0.02,BMCI,CAPITAL TRUST GESTION,31286636.14,1443.24,0.008243,-,0.000263,0.000853,0.004377,0.008243,0.027181,0.046289,0.073576,0.109946,2026-06-26,Hebdomadaire
MA0000037335,3733,CMR ACTIONS,WAFA GESTION,FCP,ACTIONS,-,MASI,QUOTIDIENNE,FNPP,MIXTE,0.03,0.015,0.02,ATTIJARIWAFA BANK,WAFA GESTION,1598672073.05,285987.85,0.004013,-,-0.020579,-0.046102,0.073694,0.004013,-0.000726,0.433705,0.628544,0.626409,2026-06-26,Hebdomadaire
MA0000037343,3734,UPLINE RENDEMENT PLUS,UPLINE CAPITAL MANAGEMENT,FCP,OMLT,]4  8],MBI GLOBAL,HEBDOMADAIRE,FGP,CAPITALISANT,0.0,0.0,0.02,BCP,UPLINE CAPITAL MANAGEMENT,819780.78,12809.07,0.002501,-,0.002053,-4.9e-05,0.012381,0.002501,0.005688,0.066394,0.126654,0.086713,2026-06-26,Hebdomadaire
MA0000037350,3735,UPLINE CAPITAL GARANTI,UPLINE CAPITAL MANAGEMENT,FCP,CONTRACTUEL,-,MONIA,QUOTIDIENNE,FGP,CAPITALISANT,0.0,0.0,0.02,BCP,UPLINE CAPITAL MANAGEMENT,3978633797.94,13190.18,0.009954,-,0.000378,0.001357,0.004945,0.009954,0.019934,0.043779,0.072354,0.106466,2026-06-26,Hebdomadaire
MA0000037368,3736,UPLINE HORIZON,UPLINE CAPITAL MANAGEMENT,FCP,OMLT,"]1,1  5,1]",MBI,QUOTIDIENNE,FNPP,CAPITALISANT,0.0,0.0,0.02,BCP,UPLINE CAPITAL MANAGEMENT,10945457757.1,16217.94,0.001264,-,0.001504,0.000337,0.010838,0.001264,0.009841,0.078792,0.135841,0.133177,2026-06-26,Hebdomadaire
MA0000037376,3737,UPLINE OBLIG PLUS,UPLINE CAPITAL MANAGEMENT,FCP,OMLT,"]1,2  5,2]",50%MBI CT + 50% MBI MLT,QUOTIDIENNE,FNPP,CAPITALISANT,0.0,0.0,0.02,BCP,UPLINE CAPITAL MANAGEMENT,2751081763.43,1799.51,0.008191,-,0.001179,0.001107,0.011438,0.008191,0.018987,0.106567,0.199785,0.183896,2026-06-26,Hebdomadaire
MA0000037384,3738,UPLINE OPPORTUNITES,UPLINE CAPITAL MANAGEMENT,FCP,DIVERSIFIÉ,-,80% MBI + 20% MASI,QUOTIDIENNE,FNPP,CAPITALISANT,0.0,0.0,0.02,BCP,UPLINE CAPITAL MANAGEMENT,2177807051.46,19675.9,-0.007144,-,-0.002897,-0.012576,0.024111,-0.007144,-0.000755,0.194499,0.312966,0.251336,2026-06-26,Hebdomadaire
MA0000037392,3739,FCP CAPITAL OBLIGATIONS BANQUES,BMCE CAPITAL GESTION,FCP,OCT,"]0,5  1,1]",90% MBI CT + 10% MBI MT,QUOTIDIENNE,FGP,CAPITALISANT,0.01,0.01,0.01,BANK OF AFRICA,BMCE CAPITAL GESTION,1080098022.02,1508.61,0.012048,-,0.000557,0.001367,0.008308,0.012048,0.024133,0.061781,0.102519,0.142653,2026-06-26,Hebdomadaire
MA0000037400,3740,CFG TRADER,CFG GESTION,FCP,ACTIONS,-,-,QUOTIDIENNE,FGP,CAPITALISANT,0.002,0.002,0.02,CFG BANK,CFG GESTION; CFG BANK,25121067.791939,223.32,-0.108788,-,-0.011246,-0.020011,0.007035,-0.108788,-0.099226,0.265269,0.519287,0.526035,2026-06-26,Hebdomadaire
MA0000037426,3742,CIMR PATRIMOINE,UPLINE CAPITAL MANAGEMENT,FCP,ACTIONS,-,MASI,HEBDOMADAIRE,FNPP,CAPITALISANT,0.0,0.0,0.02,BCP,UPLINE CAPITAL MANAGEMENT,1406751599.88,3235.27,-0.030738,-,-0.016546,-0.040532,0.052781,-0.030738,-0.03462,0.463969,0.723749,0.712707,2026-06-26,Hebdomadaire
MA0000037434,3743,ATLAS SELECTION,ATLAS CAPITAL MANAGEMENT,FCP,ACTIONS,-,MASI,HEBDOMADAIRE,FGP,CAPITALISANT,0.03,0.015,0.02,ATTIJARIWAFA BANK,ATLAS CAPITAL MANAGEMENT,2715287.65,273.33,-0.003573,-,-0.018317,-0.040914,0.07496,-0.003573,0.003783,0.446497,0.636903,0.586914,2026-06-26,Hebdomadaire
MA0000037442,3744,FCP CAPITAL IMTIYAZ TRESORERIE,BMCE CAPITAL GESTION,FCP,MONÉTAIRE,"[0,25  0,5]",MONIA CAPITALISE,QUOTIDIENNE,FGP,CAPITALISANT,0.01,0.01,0.01,BANK OF AFRICA,BMCE CAPITAL GESTION,6501345115.36,144783.2,0.013251,-,0.00049,0.001616,0.007071,0.013251,0.026576,0.061382,0.097527,0.141892,2026-06-26,Hebdomadaire
MA0000037459,3745,SECURITE TRESO PLUS,SAHAM CAPITAL GESTION,FCP,OCT,"[0,5  1,1[",MBI CT,QUOTIDIENNE,FNPP,DISTRIBUANT,0.0,0.0,0.02,SAHAM BANK,SAHAM BANK,5713284.06,1121.79,0.010521,-,0.000446,0.001124,0.007056,0.010521,0.020254,0.051044,0.085764,0.122261,2026-06-26,Hebdomadaire
MA0000037467,3746,FCP MSIN ACTIONS,MAROGEST,FCP,ACTIONS,-,MASI,HEBDOMADAIRE,FGP,CAPITALISANT,0.02,0.02,0.02,CIH BANK,MAROGEST,3657399.57,309.16,-0.103182,-,-0.008626,-0.003449,0.010063,-0.103182,-0.100364,0.205443,0.420119,0.379994,2026-06-26,Hebdomadaire
MA0000037475,3747,EMERGENCE SÉRÉNITÉ,VALORIS MANAGEMENT,FCP,OMLT,"]1,1  5,1[",MBI GLOBAL,HEBDOMADAIRE,FGP,CAPITALISANT,0.03,0.015,0.02,CDG CAPITAL,VALORIS MANAGEMENT,1396635198.73,1682.27,-0.013169,-,0.000357,-0.005127,0.006504,-0.013169,-0.005116,0.07313,0.155072,0.083051,2026-06-26,Hebdomadaire
MA0000037483,3748,CAPITAL TRUST OBLIG COURT TERME,CAPITAL TRUST GESTION,FCP,OCT,"[0,5  1,1[",MBI CT,QUOTIDIENNE,FGP,CAPITALISANT,0.02,0.015,0.02,BMCI,CAPITAL TRUST GESTION,605061681.59,1450.7,0.010293,-,0.000152,0.000676,0.006724,0.010293,0.022433,0.055784,0.092806,0.131688,2026-06-26,Hebdomadaire
MA0000037491,3749,INSTIOBLIGATIONS,CIH CAPITAL MANAGEMENT,FCP,OMLT,[2  6[,MBI MT,HEBDOMADAIRE,FGP,CAPITALISANT,0.0,0.0,0.02,BMCI,CIH CAPITAL MANAGEMENT,194195815.26,1456.01,-0.001584,-,0.001458,-0.00233,0.007382,-0.001584,0.004297,0.073968,0.129408,0.14495,2026-06-26,Hebdomadaire
MA0000037509,3750,INSTIOBLIGATIONS ETAT,CIH CAPITAL MANAGEMENT,FCP,OMLT,"[1,1  5,1[",MBI,HEBDOMADAIRE,FGP,CAPITALISANT,0.03,0.015,0.02,BMCI,CIH CAPITAL MANAGEMENT,150995026.59,1267.99,0.001366,-,0.001524,-0.002015,0.009771,0.001366,-0.027757,-0.007048,0.009305,0.013597,2026-06-26,Hebdomadaire
MA0000037517,3751,CFG TRESOCORP,CFG GESTION,FCP,MONÉTAIRE,[0  0.5[,CFG BONDS MONETAIRE,QUOTIDIENNE,FGP,CAPITALISANT,0.005,0.005,0.004,CFG BANK,CFG GESTION; CFG BANK,135891516.835355,2426634.23,0.006119,-,0.000258,0.00071,0.003526,0.006119,0.05233,0.048253,0.037743,0.01909,2026-06-26,Hebdomadaire
MA0000037541,3754,CFG RENTABILITE,CFG GESTION,FCP,ACTIONS,-,CFG 25 FLOTTANT,HEBDOMADAIRE,FGP,DISTRIBUANT,0.004500000000000001,0.004500000000000001,0.02,CFG BANK,CFG GESTION; CFG BANK,428712157.612728,164.36,-0.08056,-,-0.010952,-0.015505,0.013525,-0.08056,-0.085752,0.225005,0.378291,0.331375,2026-06-26,Hebdomadaire
MA0000037558,3755,CIMR MONETAIRE PLUS,UPLINE CAPITAL MANAGEMENT,FCP,OCT,]0.5 1.1],MBI CT,QUOTIDIENNE,FNPP,CAPITALISANT,0.0,0.0,0.02,BCP,UPLINE CAPITAL MANAGEMENT,545280430.68,1401.6,0.011657,-,0.000485,0.001336,0.008004,0.011657,0.022573,0.054842,0.091036,0.129394,2026-06-26,Hebdomadaire
MA0000037566,3756,CIMR MONETAIRE,CIH CAPITAL MANAGEMENT,FCP,MONÉTAIRE,"[0  0,5]",TMI(jj),QUOTIDIENNE,FNPP,CAPITALISANT,0.0,0.0,0.02,BMCI,CIH CAPITAL MANAGEMENT,28974069.27,130513.83,0.009888,-,0.0004,0.00124,0.005489,0.009888,0.019136,0.045318,0.078285,0.119041,2026-06-26,Hebdomadaire
MA0000037574,3757,CMR BONDS,UPLINE CAPITAL MANAGEMENT,FCP,OMLT,"]1,1  10]",100% MBI MT + 25 pbs,HEBDOMADAIRE,FNPP,CAPITALISANT,0.0,0.0,0.02,BCP,UPLINE CAPITAL MANAGEMENT,2692799464.78,1655.87,-0.00158,-,0.001088,-0.001923,0.016601,-0.00158,0.00402,0.107442,0.197927,0.216183,2026-06-26,Hebdomadaire
MA0000037582,3758,CMR SANADATE,BMCE CAPITAL GESTION,FCP,OMLT,"]1,1 10]",50% MBI MT + 50% MBI MLT + 25pbs,HEBDOMADAIRE,FNPP,CAPITALISANT,0.03,0.03,0.02,BANK OF AFRICA,BMCE CAPITAL GESTION,3783751282.68,1681.11,-0.006565,-,0.00134,-0.001159,0.012863,-0.006565,0.005382,0.102309,0.199431,0.219548,2026-06-26,Hebdomadaire
MA0000037590,3759,CMR OBLIGATIONS,SAHAM CAPITAL GESTION,FCP,OMLT,"]1,1 10]",100% MBI MT + 25 pbs,HEBDOMADAIRE,FNPP,CAPITALISANT,0.03,0.03,0.02,SAHAM BANK,SAHAM BANK,2912354531.64,1594.35,-0.00416,-,0.001822,-0.000639,0.014172,-0.00416,8.8e-05,0.094412,0.176625,0.209637,2026-06-26,Hebdomadaire
MA0000037616,3761,FCP EMERGENCE BANCAIRES,VALORIS MANAGEMENT,FCP,OCT,"]0,5 1,1]",MBI CT,QUOTIDIENNE,FGP,CAPITALISANT,0.0,0.0,0.02,BANK OF AFRICA,VALORIS MANAGEMENT,3985294178.99,1430.85,0.013781,-,0.000615,0.001442,0.00882,0.013781,0.027223,0.068604,0.110426,0.158545,2026-06-26,Hebdomadaire
MA0000037624,3762,AD YIELD FUND,AD CAPITAL ASSET MANAGEMENT,FCP,OCT,"]0,5 1,1]",MBI CT,QUOTIDIENNE,FGP,CAPITALISANT,0.03,0.03,0.02,BANK OF AFRICA,AD CAPITAL ASSET MANAGEMENT; AD CAPITAL GROUP,1459290877.31,1364.09,0.013387,-,4.4e-05,0.000741,0.008472,0.013387,0.026627,0.068626,0.112072,0.150558,2026-06-26,Hebdomadaire
MA0000037632,3763,AD FIXED INCOME FUND,AD CAPITAL ASSET MANAGEMENT,FCP,MONÉTAIRE,"]0  0,5]",MBI CT,QUOTIDIENNE,FGP,CAPITALISANT,0.03,0.03,0.02,BANK OF AFRICA,AD CAPITAL ASSET MANAGEMENT; AD CAPITAL GROUP,441304700.18,1297.35,0.012234,-,0.000424,0.001413,0.006697,0.012234,0.024116,0.057456,0.092229,0.133463,2026-06-26,Hebdomadaire
MA0000037640,3764,AD BALANCED FUND,AD CAPITAL ASSET MANAGEMENT,FCP,DIVERSIFIÉ,-,50% MASI + 50% MBI MLT,HEBDOMADAIRE,FGP,CAPITALISANT,0.03,0.03,0.02,BANK OF AFRICA,AD CAPITAL ASSET MANAGEMENT; AD CAPITAL GROUP,1411771055.6,1337.87,-0.04941,-,-0.010173,-0.019531,0.022133,-0.04941,-0.065407,0.205625,0.40636,0.268869,2026-06-26,Hebdomadaire
MA0000037657,3765,CAPITAL TRUST ACTIONS,CAPITAL TRUST GESTION,FCP,ACTIONS,-,MASI,HEBDOMADAIRE,FGP,CAPITALISANT,0.02,0.015,0.02,BMCI,CAPITAL TRUST GESTION,1370517232.83,2270.43,-0.065943,-,-0.018065,-0.038161,0.025974,-0.065943,-0.082213,0.300212,0.526617,0.444064,2026-06-26,Hebdomadaire
MA0000037665,3766,WINEO AMANA,WINEO GESTION,FCP,DIVERSIFIÉ,-,50% MASI + 50% MBI,HEBDOMADAIRE,FNPP,CAPITALISANT,0.005,0.0025,0.02,CIH BANK,WINEO GESTION,632214896.35,1733.06,0.014304,-,-0.008683,-0.025018,0.040933,0.014304,0.033028,0.276891,0.431417,0.435223,2026-06-26,Hebdomadaire
MA0000037673,3767,FCP CAPITAL MONETAIRE PLUS,BMCE CAPITAL GESTION,FCP,MONÉTAIRE,"]0  0,5[",MONIA CAPITALISE,QUOTIDIENNE,FGP,CAPITALISANT,0.01,0.005,0.004,BANK OF AFRICA,BMCE CAPITAL GESTION,231254238.12,1286.39,0.009741,-,0.000373,0.001315,0.005071,0.009741,0.01965,0.045633,0.075145,0.113989,2026-06-26,Hebdomadaire
MA0000037681,3768,FCP CAPITAL CAT,BMCE CAPITAL GESTION,FCP,OMLT,"]1,1 10]",MBI GLOBAL,HEBDOMADAIRE,FNPP,CAPITALISANT,0.0,0.0,0.01,BANK OF AFRICA,BMCE CAPITAL GESTION,199608806.58,1362.27,-0.001357,-,0.001875,-0.003671,0.010399,-0.001357,0.008599,0.123859,0.242063,0.178428,2026-06-26,Hebdomadaire
MA0000037707,3770,BMCI ISR,CIH CAPITAL MANAGEMENT,FCP,DIVERSIFIÉ,-,50% MBI MT + 50% MASI,HEBDOMADAIRE,FGP,CAPITALISANT,0.002,0.001,0.02,BMCI,CIH CAPITAL MANAGEMENT,1243562.82,124.36,-0.018236,-,-0.001926,-0.001606,0.007943,-0.018236,-0.020402,0.077923,0.112841,0.109961,2026-06-26,Hebdomadaire
MA0000037715,3771,CAPITAL RENDEMENT,BMCE CAPITAL GESTION,FCP,OCT,"]0,5  1,1]",MBI CT,QUOTIDIENNE,FGP,CAPITALISANT,0.03,0.015,0.01,BANK OF AFRICA,BMCE CAPITAL GESTION,6485615623.99,2569.74,0.013248,-,0.000541,0.0012,0.008607,0.013248,0.026086,0.067505,0.108942,0.148395,2026-06-26,Hebdomadaire
MA0000037723,3772,FCP CAPITAL COMBO,BMCE CAPITAL GESTION,FCP,OMLT,"]1,1 5,1]",50% MBI CT + 50% MBI MT,QUOTIDIENNE,FGP,CAPITALISANT,0.01,0.005,0.01,BANK OF AFRICA,BMCE CAPITAL GESTION,1189225797.1,151590.28,4.6e-05,-,0.000706,-0.001236,0.011873,4.6e-05,0.012084,0.109551,0.183334,0.174818,2026-06-26,Hebdomadaire
MA0000037749,3774,FCP CAPITAL GLOBAL MACRO,BMCE CAPITAL GESTION,FCP,DIVERSIFIÉ,-,80% MBI GLOBAL + 20% MASI,QUOTIDIENNE,FGP,CAPITALISANT,0.01,0.005,0.02,BANK OF AFRICA,BMCE CAPITAL GESTION,29539149.54,159671.07,-0.019696,-,-0.00323,-0.013106,0.016234,-0.019696,-0.018703,0.137827,0.248503,0.1603,2026-06-26,Hebdomadaire
MA0000037756,3775,FCP CAPITAL AFRIQUE,BMCE CAPITAL GESTION,FCP,ACTIONS,-,MASI,QUOTIDIENNE,FGP,CAPITALISANT,0.02,0.01,0.02,BANK OF AFRICA,BMCE CAPITAL GESTION,4426891.52,2032.54,-0.04054,-,-0.016124,-0.036816,0.048652,-0.04054,-0.027353,0.466416,0.758207,0.658242,2026-06-26,Hebdomadaire
MA0000037798,3779,CDM OBLIG PLUS,WAFA GESTION,FCP,OCT,"]0,5  1,1]",MBI CT,QUOTIDIENNE,FGP,CAPITALISANT,0.03,0.015,0.02,CDM,Wafa Gestion,3040211601.15,2777.92,0.012229,-,0.000497,0.001114,0.007774,0.012229,0.024488,0.060153,0.100219,0.143149,2026-06-26,Hebdomadaire
MA0000037806,3780,FCP ATLANTASANAD OBLITRESOR,VALORIS MANAGEMENT,FCP,OMLT,"[1,1  10]",MBI GLOBAL,HEBDOMADAIRE,FNPP,CAPITALISANT,0.0,0.0,0.02,ATTIJARIWAFA BANK,VALORIS MANAGEMENT,650323882.83,1349.38,-0.001753,-,0.003055,-0.001842,0.014503,-0.001753,0.005137,0.108379,0.204397,0.174216,2026-06-26,Hebdomadaire
MA0000037814,3781,CFG CASH SECURE,CFG GESTION,FCP,MONÉTAIRE,"]0 0,5]",CFG BONDS MONETAIRE,QUOTIDIENNE,FGP,CAPITALISANT,0.005,0.005,0.006,CFG BANK,CFG GESTION; CFG BANK,61024038.826778,1251.83,0.010796,-,0.0004,0.001392,0.005486,0.010796,0.020602,0.048891,0.081242,0.119915,2026-06-26,Hebdomadaire
MA0000037822,3782,SMART FUND,CFG GESTION,FCP,OMLT,"]1,1  5,1]",BDT 52 SEMAINES,HEBDOMADAIRE,FNPP,CAPITALISANT,0.02,0.02,0.02,BANK OF AFRICA,CFG GROUP,53353788.201242,1032.93,-0.004683,-,0.000184,-0.000619,0.003663,-0.004683,-0.007304,0.018357,0.03686,0.01903,2026-06-26,Hebdomadaire
MA0000037830,3783,CAPITAL TRUST INSTITUTIONS,CAPITAL TRUST GESTION,FCP,OMLT,"]1,1  5,1]",MBI MT,HEBDOMADAIRE,FGP,CAPITALISANT,0.02,0.015,0.02,BMCI,CAPITAL TRUST GESTION,1298638383.76,1239.5,-0.015543,-,3.2e-05,-0.005688,0.003595,-0.015543,-0.015621,0.052654,0.103652,0.037586,2026-06-26,Hebdomadaire
MA0000037871,3787,IRGAM OBLIRENDEMENT,IRG ASSET MANAGEMENT,FCP,OMLT,"]1,5 5,5]",MBI GLOBAL,HEBDOMADAIRE,FGP,CAPITALISANT,0.03,0.015,0.02,ATTIJARIWAFA BANK,IRG ASSET MANAGEMENT,618906459.58,126.19,-0.00872,-,0.000555,-0.003632,0.005098,-0.00872,-0.004811,0.060509,0.12529,0.040571,2026-06-26,Hebdomadaire
MA0000037889,3788,FCP IRGAM OBLIBANQUES,IRG ASSET MANAGEMENT,FCP,OCT,"]0,5 1,1]",MBI CT,QUOTIDIENNE,FGP,CAPITALISANT,0.03,0.015,0.02,BANK OF AFRICA,IRG ASSET MANAGEMENT,1677132987.19,132.48,0.014939,-,0.000831,0.001739,0.009064,0.014939,0.028971,0.068818,0.108434,0.147907,2026-06-26,Hebdomadaire
MA0000037939,3793,ATTIJARI FINANCES CORP RENDEMENT,WAFA GESTION,FCP,DIVERSIFIÉ,-,75% MBI MLT + 25% MASI,HEBDOMADAIRE,FGP,MIXTE,0.0,0.0,0.02,ATTIJARIWAFA BANK,WAFA GESTION,399146980.22,520400.23,0.008574,-,-0.021194,-0.03328,0.063444,0.008574,0.056537,0.422907,0.561647,0.525693,2026-06-26,Hebdomadaire
MA0000037947,3794,FCP CAPITAL LONG/SHORT,BMCE CAPITAL GESTION,FCP,DIVERSIFIÉ,-,MONIA Capitalisé +50 pts de base,QUOTIDIENNE,FGP,CAPITALISANT,0.01,0.005,0.02,BANK OF AFRICA,BMCE CAPITAL GESTION,1957857.1,1408.53,-0.012632,-,-0.001644,0.001992,0.006992,-0.012632,-0.004544,0.139357,0.210847,0.237572,2026-06-26,Hebdomadaire
MA0000037954,3795,CAPITAL TRUST TRÉSORERIE,CAPITAL TRUST GESTION,FCP,MONÉTAIRE,"[0  0,5]",Taux Repo,QUOTIDIENNE,FGP,CAPITALISANT,0.02,0.015,0.02,ATTIJARIWAFA BANK,CAPITAL TRUST GESTION,944206650.59,1280.51,0.013214,-,0.000484,0.001541,0.007411,0.013214,0.025269,0.059288,0.093332,0.140492,2026-06-26,Hebdomadaire
MA0000037962,3796,CAPITAL TRUST CASH PLUS,CAPITAL TRUST GESTION,FCP,OCT,"]0,5 1,1]",MBI CT,QUOTIDIENNE,FGP,CAPITALISANT,0.02,0.015,0.02,ATTIJARIWAFA BANK,CAPITAL TRUST GESTION,3094027691.44,1301.42,0.013962,-,0.000461,0.001293,0.008798,0.013962,0.027345,0.068516,0.10965,0.140756,2026-06-26,Hebdomadaire
MA0000037988,3798,CAPITAL TRUST DIVERSIFIÉ,CAPITAL TRUST GESTION,FCP,DIVERSIFIÉ,-,70% MBI GLOBAL + 30% MASI,HEBDOMADAIRE,FGP,CAPITALISANT,0.02,0.015,0.02,BCP,CAPITAL TRUST GESTION,835758141.55,1349.98,-0.053516,-,-0.009545,-0.021966,0.011767,-0.053516,-0.069711,0.152234,0.277193,0.154273,2026-06-26,Hebdomadaire
MA0000037996,3799,CAPITAL TRUST RENDEMENT,CAPITAL TRUST GESTION,FCP,OMLT,]3  7],MBI GLOBAL,HEBDOMADAIRE,FGP,CAPITALISANT,0.02,0.015,0.02,BCP,CAPITAL TRUST GESTION,1121272.78,1197.94,0.000693,-,0.000727,-0.000517,0.010417,0.000693,0.00293,0.059243,0.117606,0.020774,2026-06-26,Hebdomadaire
MA0000038002,3800,CFG LIQUID BONDS,CFG GESTION,FCP,OCT,"[0,5  1,1[",CFG BONDS CT,QUOTIDIENNE,FGP,CAPITALISANT,0.0,0.0,0.01,CFG BANK,CFG GESTION,2278467275.947231,1285816.75,0.014019,-,0.000475,0.001258,0.009014,0.014019,0.028328,0.072559,0.116769,0.159127,2026-06-26,Hebdomadaire
MA0000038051,3805,CAPITAL TRUST OBLIG PLUS,CAPITAL TRUST GESTION,FCP,OMLT,]2   6],70% MBI MT + 30% MBI MLT,QUOTIDIENNE,FGP,CAPITALISANT,0.03,0.015,0.02,ATTIJARIWAFA BANK,Capital Trust Gestion,657006235.64,1324.91,0.015724,-,0.000929,-0.000558,0.016893,0.015724,0.028353,0.112248,0.218106,0.185347,2026-06-26,Hebdomadaire
MA0000038069,3806,CAPITAL TRUST DYNAMIQUE,CAPITAL TRUST GESTION,FCP,ACTIONS,-,MASI RB,HEBDOMADAIRE,FNPP,DISTRIBUANT,0.0,0.0,0.02,ATTIJARIWAFA BANK,CAPITAL TRUST GESTION,235145201.77,1645.65,-0.019378,-,-0.020598,-0.043899,0.046186,-0.019378,-0.053245,0.396691,0.675018,0.670996,2026-06-26,Hebdomadaire
MA0000038077,3807,CAPITAL TRUST ÉQUILIBRE,CAPITAL TRUST GESTION,FCP,DIVERSIFIÉ,-,70% MBI Global + 30% MASI,QUOTIDIENNE,FGP,CAPITALISANT,0.03,0.015,0.02,ATTIJARIWAFA BANK,CAPITAL TRUST GESTION,1092951207.26,1195.76,-0.057128,-,-0.009854,-0.023853,0.015223,-0.057128,-0.067772,0.148455,0.262296,0.136535,2026-06-26,Hebdomadaire
MA0000038093,3809,FCP EMERGENCE DIVERSIFIÉ,VALORIS MANAGEMENT,FCP,DIVERSIFIÉ,-,80% MBI GLOBAL + 20% MASI,HEBDOMADAIRE,FGP,CAPITALISANT,0.03,0.015,0.02,BANK OF AFRICA,VALORIS MANAGEMENT,941838053.54,1275.06,-0.026605,-,-0.004676,-0.014431,0.021159,-0.026605,-0.031376,0.223998,0.406921,0.325015,2026-06-26,Hebdomadaire
MA0000038101,3810,FCP ALIF IV,VALORIS MANAGEMENT,FCP,OMLT,"]1,1   10]",50 % MBI MT + 50% MBI MLT,QUOTIDIENNE,FNPP,CAPITALISANT,0.03,0.015,0.02,CDG CAPITAL,VALORIS MANAGEMENT,3802806540.01,1369.2,0.002541,-,0.001859,0.000212,0.014237,0.002541,0.011861,0.099574,0.187562,0.186009,2026-06-26,Hebdomadaire
MA0000038119,3811,FCP EMERGENCE TRESOR PLUS,VALORIS MANAGEMENT,FCP,OCT,"]0,5 1,1]",MBI CT,QUOTIDIENNE,FGP,CAPITALISANT,0.03,0.015,0.02,BCP,VALORIS MANAGEMENT,61695872.96,1208.79,0.009563,-,0.000348,0.000977,0.00585,0.009563,0.019181,0.049479,0.081933,0.114144,2026-06-26,Hebdomadaire
MA0000038127,3812,FCP EMERGENCE TRESOR,VALORIS MANAGEMENT,FCP,MONÉTAIRE,"[0   0,5]",TMP au jour le jour,QUOTIDIENNE,FGP,CAPITALISANT,0.0,0.0,0.02,BCP,VALORIS MANAGEMENT,77847470.86,1172.54,0.008715,-,-0.000119,0.000708,0.004472,0.008715,0.018767,0.044374,0.074936,0.109341,2026-06-26,Hebdomadaire
MA0000038135,3813,FCP CAPITAL EQUILIBRE,BMCE CAPITAL GESTION,FCP,DIVERSIFIÉ,-,75%MBI + 25% MASI,HEBDOMADAIRE,FNPP,CAPITALISANT,0.03,0.03,0.02,BANK OF AFRICA,BMCE CAPITAL GESTION,621815836.13,1388.38,-0.02037,-,-0.004046,-0.014704,0.0236,-0.02037,-0.017312,0.198811,0.357298,0.267659,2026-06-26,Hebdomadaire
MA0000038143,3814,CFG Profil Equilibré,CFG GESTION,FCP,DIVERSIFIÉ,-,25% CFG 25 FLOTTANT + 75% MBI MT,QUOTIDIENNE,FGP,CAPITALISANT,0.002,0.001,0.02,CFG BANK,CFG GESTION; CFG BANK,43691268.832522,1363.9,-0.011982,-,-0.002625,-0.005121,0.014905,-0.011982,-0.001946,0.140146,0.213931,0.254126,2026-06-26,Hebdomadaire
MA0000038150,3815,CFG Profil Offensif,CFG GESTION,FCP,ACTIONS,-,80% CFG 25 FLOTTANT + 20% MBI GLOBAL,QUOTIDIENNE,FGP,CAPITALISANT,0.0025,0.0025,0.02,CFG BANK,CFG GESTION; CFG BANK,38832516.189964,1606.44,-0.069087,-,-0.01606,-0.039498,0.026748,-0.069087,-0.063399,0.280267,0.448156,0.508862,2026-06-26,Hebdomadaire
MA0000038168,3816,CFG PROFIL PRUDENT,CFG GESTION,FCP,OMLT,"]1,1   2]",95% MBI MT + 5% CFG 25 FLOTTANT,QUOTIDIENNE,FGP,CAPITALISANT,0.0,0.0,0.02,CFG BANK,CFG GESTION; CFG BANK,33849695.416686,1175.95,-0.001248,-,-0.000467,-0.000467,0.010631,-0.001248,0.005008,0.075774,0.108289,0.107715,2026-06-26,Hebdomadaire
MA0000038176,3817,CFG Profil Conservateur,CFG GESTION,FCP,OMLT,"]1,1   4[",50% MBI CT + 50% MBI MT,QUOTIDIENNE,FGP,CAPITALISANT,0.0,0.0,0.02,CFG BANK,CFG GESTION; CFG BANK,98575826.547043,1173.91,0.010571,-,0.000452,0.000964,0.007397,0.010571,0.019231,0.051514,0.085607,0.105627,2026-06-26,Hebdomadaire
MA0000038184,3818,CFG Profil Dynamique,CFG GESTION,FCP,DIVERSIFIÉ,-,60% MBI GLOBAL + 40% CFG 25,QUOTIDIENNE,FGP,CAPITALISANT,0.002,0.002,0.02,CFG BANK,CFG GESTION; CFG BANK,15270160.411562,1377.3,-0.039198,-,-0.004496,-0.007938,0.011174,-0.039198,-0.047412,0.187727,0.292002,0.275349,2026-06-26,Hebdomadaire
MA0000038200,3820,FCP EMERGENCE OBLIRENDEMENT,VALORIS MANAGEMENT,FCP,OMLT,"]1,1   5,1]",MBI GLOBAL,QUOTIDIENNE,FGP,CAPITALISANT,0.03,0.015,0.02,BCP,VALORIS MANAGEMENT;CAPITAL GESTION GROUP,2320813350.06,1199.57,-0.00925,-,0.000158,-0.005018,0.00934,-0.00925,-0.002942,0.076407,0.148233,0.091054,2026-06-26,Hebdomadaire
MA0000038218,3821,FCP CMR EQUITIES,VALORIS MANAGEMENT,FCP,ACTIONS,-,MASI,QUOTIDIENNE,FNPP,CAPITALISANT,0.0,0.0,0.02,BCP,VALORIS MANAGEMENT;CAPITAL GESTION GROUP,2015795763.11,1996.95,-0.026742,-,-0.015466,-0.03166,0.048279,-0.026742,-0.020296,0.479211,0.765041,0.763623,2026-06-26,Hebdomadaire
MA0000038226,3822,INTIMAE-FM,UPLINE CAPITAL MANAGEMENT,FCP,DIVERSIFIÉ,-,60% MBI MT+25% MBI LT+15% MASI RB,HEBDOMADAIRE,FNPP,MIXTE,0.0,0.0,0.02,BCP,UPLINE CAPITAL MANAGEMENT,299363396.08,1503.08,-0.001342,-,-0.000499,-0.00457,0.012768,-0.001342,0.007278,0.154351,0.280459,0.258703,2026-06-26,Hebdomadaire
MA0000038234,3823,ALIF III,BMCE CAPITAL GESTION,FCP,OMLT,"]1,1   10]",50 MBI MT + 50% MBI MLT,QUOTIDIENNE,FNPP,CAPITALISANT,0.03,0.03,0.02,BANK OF AFRICA,BMCE CAPITAL GESTION,3428218054.01,1317.32,0.001795,-,0.002183,3.0e-05,0.0139,0.001795,0.010292,0.10004,0.18969,0.179749,2026-06-26,Hebdomadaire
MA0000038242,3824,FCP AMAN-FM,BMCE CAPITAL GESTION,FCP,DIVERSIFIÉ,-,60% MBI MT+ 25% MBI LT + 15% MASI RB,HEBDOMADAIRE,FNPP,CAPITALISANT,0.0,0.0,0.02,BANK OF AFRICA,BMCE CAPITAL GESTION,305292061.34,1530.9,0.003875,-,-0.000888,-0.004429,0.015826,0.003875,0.011156,0.176864,0.302794,0.280852,2026-06-26,Hebdomadaire
MA0000038259,3825,CAPITAL TRUST CROISSANCE,CAPITAL TRUST GESTION,FCP,DIVERSIFIÉ,-,75% MBI GLOBAL + 25% MASI,QUOTIDIENNE,FGP,CAPITALISANT,0.03,0.015,0.02,BMCI,CAPITAL TRUST GESTION; CAPITAL TRUST SECURITIES; CAPITAL TRUST,1589068130.98,1275.68,-0.047787,-,-0.008063,-0.021065,0.012991,-0.047787,-0.055891,0.153501,0.26469,0.145639,2026-06-26,Hebdomadaire
MA0000038267,3826,CAPITAL TRUST OBLIG PREMIUM,CAPITAL TRUST GESTION,FCP,OMLT,"]1,1   5,1]",90% MBI MT + 10%  MBI MLT,QUOTIDIENNE,FGP,CAPITALISANT,0.03,0.015,0.02,BMCI,CAPITAL TRUST GESTION; CAPITAL TRUST SECURITIES; CAPITAL TRUST,1560245212.84,1187.75,-0.012471,-,0.001839,-0.005076,0.005767,-0.012471,-0.012578,0.065008,0.130943,0.072625,2026-06-26,Hebdomadaire
MA0000038275,3827,CAPITAL TRUST ALLOCATION,CAPITAL TRUST GESTION,FCP,DIVERSIFIÉ,-,20% MASI + 80% MBI,HEBDOMADAIRE,FNPP,MIXTE,0.0,0.0,0.02,BMCI,CAPITAL TRUST GESTION,410305018.76,1233.63,-0.035564,-,-0.006251,-0.019746,0.01344,-0.035564,-0.067142,0.16828,0.307687,0.253995,2026-06-26,Hebdomadaire
MA0000038283,3828,CAPITAL TRUST OPPORTUNITÉ,CAPITAL TRUST GESTION,FCP,OMLT,"]1,1   5,1]",50% MBI MT + 50% MBI MLT,QUOTIDIENNE,FGP,CAPITALISANT,0.03,0.015,0.02,BMCI,CAPITAL TRUST GESTION; CAPITAL TRUST SECURITIES; CAPITAL TRUST,1138110.38,1089.1,0.003224,-,0.001149,0.000441,0.010597,0.003224,0.005948,0.050819,0.098259,-0.009918,2026-06-26,Hebdomadaire
MA0000038291,3829,ATLAS PERFORMANCE,ATLAS CAPITAL MANAGEMENT,FCP,DIVERSIFIÉ,-,25% MASI RB + 75 % MBI Global,HEBDOMADAIRE,FGP,MIXTE,0.03,0.03,0.02,CIH BANK,ATLAS CAPITAL MANAGEMENT,600309717.47,1193.74,-0.008126,-,0.001283,0.000184,-0.021332,-0.008126,0.00724,0.169531,0.253678,0.225618,2026-06-26,Hebdomadaire
MA0000038309,3830,CFG SECURE BONDS,CFG GESTION,FCP,OMLT,]2  6],MBI GLOBAL,QUOTIDIENNE,FGP,CAPITALISANT,0.0,0.0,0.02,CFG BANK,CFG GESTION; CFG BANK,1666340387.078947,1658.99,-0.008617,-,0.00076,-0.004626,0.013904,-0.008617,-0.005658,0.083104,0.172763,0.208639,2026-06-26,Hebdomadaire
MA0000038317,3831,CFG SOVEREIGN BONDS,CFG GESTION,FCP,OMLT,]2  6],MBI GLOBAL,QUOTIDIENNE,FGP,CAPITALISANT,0.0,0.0,0.02,CFG BANK,CFG GESTION; CFG BANK,238751753.736566,1487.97,-0.007133,-,0.001575,-0.002534,0.006235,-0.007133,0.000437,0.095594,0.187848,0.113608,2026-06-26,Hebdomadaire
MA0000038333,3833,IRGAM SECURIFINANCE,IRG ASSET MANAGEMENT,FCP,MONÉTAIRE,"]0   0,5]",MONIA,QUOTIDIENNE,FGP,CAPITALISANT,0.03,0.015,0.02,ATTIJARIWAFA BANK,IRG ASSET MANAGEMENT,494578632.1,119.16,0.012835,-,0.00042,0.001429,0.007099,0.012835,0.025297,0.079837,0.187089,0.13055,2026-06-26,Hebdomadaire
MA0000038341,3834,OBLIG INSTITUTIONS,IRG ASSET MANAGEMENT,FCP,OMLT,"[3,1  7,1[",MBI GLOBAL,HEBDOMADAIRE,FGP,CAPITALISANT,0.03,0.015,0.02,CDG CAPITAL,IRG ASSET MANAGEMENT,953858.63,127.81,-0.001718,-,0.001567,7.8e-05,0.010835,-0.001718,-0.001874,0.09174,0.188488,0.203257,2026-06-26,Hebdomadaire
MA0000038358,3835,IRGAM BALANCE,IRG ASSET MANAGEMENT,FCP,DIVERSIFIÉ,-,50% MASI + 50% MBI GLOBAL,QUOTIDIENNE,FGP,CAPITALISANT,0.03,0.015,0.02,ATTIJARIWAFA BANK,IRG ASSET MANAGEMENT,3007421537.54,121.13,-0.03987,-,-0.007944,-0.021172,0.022453,-0.03987,-0.047421,0.199426,0.331538,0.179914,2026-06-26,Hebdomadaire
MA0000038366,3836,FCP CAPITAL OBLIGATIONS,BMCE CAPITAL GESTION,FCP,OMLT,]3   7],MBI GLOBAL,QUOTIDIENNE,FGP,CAPITALISANT,0.02,0.02,0.01,BANK OF AFRICA,BMCE CAPITAL GESTION; BANK OF AFRICA,4138695394.49,1237.84,-0.003253,-,0.002243,-0.001847,0.01101,-0.003253,0.003445,0.098613,0.194861,0.135737,2026-06-26,Hebdomadaire
MA0000038374,3837,FCP CAPITAL OPPORTUNITE,BMCE CAPITAL GESTION,FCP,DIVERSIFIÉ,-,75% MBI + 25% MASI.,QUOTIDIENNE,FGP,CAPITALISANT,0.03,0.03,0.02,BANK OF AFRICA,BMCE CAPITAL GESTION; BANK OF AFRICA,1288684.76,1305.65,-0.020327,-,-0.002742,0.001189,0.003173,-0.020327,-0.015822,0.148683,0.258992,0.247134,2026-06-26,Hebdomadaire
MA0000038382,3838,FCP CAPITAL OBLIGATIONS BANQUES PLUS,BMCE CAPITAL GESTION,FCP,OCT,"]0,5 1,1]",90% MBI CT + 10% MBI MT,QUOTIDIENNE,FGP,CAPITALISANT,0.01,0.01,0.01,BANK OF AFRICA,BMCE CAPITAL GESTION; BANK OF AFRICA,2335456010.44,1232.29,0.015451,-,0.000601,0.001479,0.009089,0.015451,0.02962,0.069473,0.110982,0.167892,2026-06-26,Hebdomadaire
MA0000038390,3839,FCP CAPITAL DIVERSIFIES,BMCE CAPITAL GESTION,FCP,DIVERSIFIÉ,-,75% MBI + 25% MASI.,QUOTIDIENNE,FGP,CAPITALISANT,0.03,0.03,0.02,BANK OF AFRICA,BMCE CAPITAL GESTION; BANK OF AFRICA,1118855.29,1118.85,-0.015954,-,-0.00303,0.001083,0.003462,-0.015954,-0.019928,0.06888,0.102956,0.104699,2026-06-26,Hebdomadaire
MA0000038408,3840,FCP ALPHA PERFORMANCE FUND,RED MED ASSET MANAGEMENT,FCP,DIVERSIFIÉ,-,70% MBI GLOBAL + 30% MASI,HEBDOMADAIRE,FGP,CAPITALISANT,0.02,0.02,0.02,BCP,RED MED ASSET MANAGEMENT,2837765486.6,1306.2,-0.044246,-,-0.005611,-0.017111,0.01585,-0.044246,-0.052146,0.180426,0.306527,0.238973,2026-06-26,Hebdomadaire
MA0000038416,3841,FCP ALPHA GLOBAL,RED MED ASSET MANAGEMENT,FCP,OCT,"]0,5 1,1]",MBI CT,QUOTIDIENNE,FGP,CAPITALISANT,0.02,0.02,0.02,BANK OF AFRICA,RED MED ASSET MANAGEMENT,2066832026.45,1185.09,0.012119,-,0.000329,0.001031,0.008364,0.012119,0.023597,0.061328,0.102163,0.134807,2026-06-26,Hebdomadaire
MA0000038424,3842,FCP AFRICAPITAL DIVERSIFIE,AFRICAPITAL MANAGEMENT,FCP,DIVERSIFIÉ,-,50% MBI MLT + 50% MASI,HEBDOMADAIRE,FGP,CAPITALISANT,0.03,0.03,0.02,ATTIJARIWAFA BANK,AFRICAPITAL MANAGEMENT,333903691.56,1150.26,-0.029415,-,-0.00701,-0.01667,0.025407,-0.029415,-0.036192,0.210001,0.353843,0.208607,2026-06-26,Hebdomadaire
MA0000038432,3843,FCP AFRICAPITAL CASH PLUS,AFRICAPITAL MANAGEMENT,FCP,OCT,"]0,5 1,1]",MBI CT,QUOTIDIENNE,FGP,CAPITALISANT,0.03,0.03,0.02,BCP,AFRICAPITAL MANAGEMENT,1380387006.02,119369.34,0.01146,-,0.000284,0.000708,0.007705,0.01146,0.022532,0.06138,0.101901,0.13968,2026-06-26,Hebdomadaire
MA0000038440,3844,FCP ALPHA MONETAIRE PROTECTION,RED MED ASSET MANAGEMENT,FCP,MONÉTAIRE,"]0 0,5]",MBI MONETAIRE,QUOTIDIENNE,FGP,CAPITALISANT,0.02,0.02,0.02,BCP,RED MED ASSET MANAGEMENT,1314575455.96,1169.49,0.012887,-,0.000496,0.00155,0.007252,0.012887,0.025931,0.059618,0.095993,0.136387,2026-06-26,Hebdomadaire
MA0000038499,3849,UPLINE SECURE PLUS,UPLINE CAPITAL MANAGEMENT,FCP,OMLT,"]1,1   5,1]",100 % MBI MT,HEBDOMADAIRE,FGP,MIXTE,0.0,0.0,0.02,BCP,CRÉDIT POPULAIRE DU MAROC,2258853432.49,1164.17,-0.000824,-,0.001411,-0.000541,0.01024,-0.000824,0.007599,0.075406,0.149207,0.103144,2026-06-26,Hebdomadaire
MA0000038507,3850,UPLINE HORIZON DYNAMIQUE,UPLINE CAPITAL MANAGEMENT,FCP,OCT,"]0,5 1,1]",75% MBI CT + 25% MBI MT,QUOTIDIENNE,FNPP,MIXTE,0.0,0.0,0.02,BCP,CRÉDIT POPULAIRE DU MAROC,1199999076.9,1151.41,0.011197,-,0.000443,0.001217,0.007032,0.011197,0.021396,0.052102,0.087744,0.121816,2026-06-26,Hebdomadaire
MA0000038515,3851,UPLINE OBLIG DYNAMIQUE,UPLINE CAPITAL MANAGEMENT,FCP,OCT,"]0,5 1,1]",65 % TMP + 35% MBI MT,HEBDOMADAIRE,FGP,MIXTE,0.0,0.0,0.02,BCP,CRÉDIT POPULAIRE DU MAROC,1640508969.88,1176.21,0.015603,-,0.000698,0.001592,0.009978,0.015603,0.029514,0.065446,0.104039,0.143784,2026-06-26,Hebdomadaire
MA0000038523,3852,CAPITAL TRUST SÉRÉNITÉ,CAPITAL TRUST GESTION,FCP,OMLT,"]1,1   5,1]",50% MBI MT + 50% MBI MLT,QUOTIDIENNE,FGP,CAPITALISANT,0.03,0.015,0.02,CIH BANK,CAPITAL TRUST GESTION; CAPITAL TRUST SECURITIES,793381225.02,1196.19,-0.008249,-,0.000786,-0.007888,0.002497,-0.008249,-0.002177,0.055269,0.168337,0.140532,2026-06-26,Hebdomadaire
MA0000038531,3853,CAPITAL TRUST SECURIPLUS,CAPITAL TRUST GESTION,FCP,OCT,"]0,5 1,1]",MBI CT,QUOTIDIENNE,FGP,CAPITALISANT,0.02,0.015,0.02,CIH BANK,CAPITAL TRUST GESTION; CAPITAL TRUST SECURITIES,1054037.99,1138.27,0.005592,-,0.000255,0.000668,0.005051,0.005592,0.011508,0.034697,0.063853,0.109479,2026-06-26,Hebdomadaire
MA0000038549,3854,CAPITAL TRUST HARMONIE,CAPITAL TRUST GESTION,FCP,OMLT,"]1,1  10]",MBI MLT,HEBDOMADAIRE,FNPP,MIXTE,0.0,0.0,0.02,BCP,CAPITAL TRUST GESTION,1016716690.83,1174.38,-0.01735,-,0.002099,-0.005757,0.010811,-0.01735,-0.013928,0.138544,0.25694,0.194707,2026-06-26,Hebdomadaire
MA0000038556,3855,UPLINE PATRIMOINE,UPLINE CAPITAL MANAGEMENT,FCP,DIVERSIFIÉ,-,60% MBI + 40% MASI,QUOTIDIENNE,FNPP,MIXTE,0.0,0.0,0.02,BCP,CRÉDIT POPULAIRE DU MAROC,1217269831.5,1264.82,-0.017409,-,-0.002177,-0.011906,0.025491,-0.017409,-0.009822,0.211963,0.384696,0.353399,2026-06-26,Hebdomadaire
MA0000038564,3856,FCP EMERGENCE SELECTION,VALORIS MANAGEMENT,FCP,ACTIONS,-,MASI,HEBDOMADAIRE,FGP,CAPITALISANT,0.03,0.015,0.02,ATTIJARIWAFA BANK,VALORIS MANAGEMENT,335162903.66,1843.05,-0.055394,-,-0.036978,-0.052348,0.024509,-0.055394,-0.05356,0.413937,0.669293,0.640661,2026-06-26,Hebdomadaire
MA0000038572,3857,FCP EMERGENCE ALLOCATION,VALORIS MANAGEMENT,FCP,DIVERSIFIÉ,-,80% MBI GLOBAL + 20% MASI,HEBDOMADAIRE,FGP,CAPITALISANT,0.03,0.015,0.02,CDG CAPITAL,VALORIS MANAGEMENT,1056620430.22,1147.01,-0.053759,-,-0.005721,-0.014359,0.004018,-0.053759,-0.077519,0.124409,0.219995,0.09171,2026-06-26,Hebdomadaire
MA0000038580,3858,CAPITAL TRUST PERFORMANCE,CAPITAL TRUST GESTION,FCP,DIVERSIFIÉ,-,40% INDICE SECTORIEL BANQUES + 60% MBI GLOBAL,HEBDOMADAIRE,FNPP,MIXTE,0.0,0.0,0.02,ATTIJARIWAFA BANK,CAPITAL TRUST GESTION,1169526114.62,1341.38,-0.03714,-,-0.008141,-0.019803,0.009297,-0.03714,-0.040468,0.176928,0.349647,0.357936,2026-06-26,Hebdomadaire
MA0000038598,3859,FH2 OBLIGATAIRE DYNAMIQUE,UPLINE CAPITAL MANAGEMENT,FCP,OMLT,"]1,1   7,1]",100% MBI,HEBDOMADAIRE,FNPP,MIXTE,0.0,0.0,0.02,BCP,UPLINE CAPITAL MANAGEMENT,3149058924.49,1217.38,-0.005352,-,0.00219,-0.002172,0.010232,-0.005352,0.003967,0.09808,0.189824,0.177717,2026-06-26,Hebdomadaire
MA0000038606,3860,TWIN CASH,TWIN CAPITAL GESTION,FCP,MONÉTAIRE,"[0  0,5]",MONIA,QUOTIDIENNE,FGP,CAPITALISANT,0.0,0.0,0.006,CFG BANK,TWIN CAPITAL GESTION; CFG BANK,973883873.96,1161.24,0.011939,-,0.000431,0.001345,0.00671,0.011939,0.024636,0.05856,0.095158,0.138192,2026-06-26,Hebdomadaire
MA0000038614,3861,TWIN BOND,TWIN CAPITAL GESTION,FCP,OMLT,"]1,1   5,1]",MBI MT,HEBDOMADAIRE,FGP,CAPITALISANT,0.0,0.0,0.01,CFG BANK,TWIN CAPITAL GESTION; CFG BANK,223560550.22,1159.84,-0.003111,-,-0.000414,-0.007063,0.01071,-0.003111,-0.00645,0.029002,0.06339,0.11808,2026-06-26,Hebdomadaire
MA0000038622,3862,CT SECUR RENDEMENT,CAPITAL TRUST GESTION,FCP,OMLT,"]1,1    7]",MBI GLOBAL,HEBDOMADAIRE,FNPP,CAPITALISANT,0.0,0.0,0.02,CDG,CAPITAL TRUST GESTION,2220725791.91,119916.07,-0.008249,-,0.00054,-0.005902,0.009439,-0.008249,-0.003801,0.112224,0.21889,0.153521,2026-06-26,Hebdomadaire
MA0000038630,3863,AC SECUR RENDEMENT,AFRICAPITAL MANAGEMENT,FCP,OMLT,"]1,1    7]",MBI GLOBAL,HEBDOMADAIRE,FNPP,CAPITALISANT,0.0,0.0,0.02,CDG,AFRICAPITAL MANAGEMENT,2812365954.08,1203.94,-0.0119,-,0.001281,-0.004053,0.008925,-0.0119,-0.003122,0.107845,0.206679,0.159798,2026-06-26,Hebdomadaire
MA0000038648,3864,FCP RM SECUR RENDEMENT,RED MED ASSET MANAGEMENT,FCP,OMLT,"]1,1    7]",MBI GLOBAL,HEBDOMADAIRE,FNPP,CAPITALISANT,0.0,0.0,0.02,CDG,RED MED ASSET MANAGEMENT,2734241347.28,122064.34,-0.010728,-,0.000883,-0.005229,0.009085,-0.010728,-0.005313,0.110731,0.206548,0.177558,2026-06-26,Hebdomadaire
MA0000038655,3865,TWIN TREASURY,TWIN CAPITAL GESTION,FCP,OCT,"]0,5 1,1]",MBI CT,QUOTIDIENNE,FGP,CAPITALISANT,0.0,0.0,0.008,CIH BANK,TWIN CAPITAL GESTION; CIH BANK,853344716.82,1183.13,0.013865,-,0.000626,0.001634,0.010109,0.013865,0.026773,0.070599,0.110274,0.155333,2026-06-26,Hebdomadaire
MA0000038663,3866,IRG SECUR RENDEMENT,IRG ASSET MANAGEMENT,FCP,OMLT,"]1,1    7]",MBI GLOBAL,HEBDOMADAIRE,FNPP,CAPITALISANT,0.0,0.0,0.02,CDG,IRG ASSET MANAGEMENT,3299188704.06,118.48,-0.01209,-,0.000845,-0.005039,0.010404,-0.01209,-0.00629,0.100399,0.206272,0.140108,2026-06-26,Hebdomadaire
MA0000038671,3867,FCP CAPITAL OBLIGATIONS PLUS,BMCE CAPITAL GESTION,FCP,OMLT,"]1,1  2,1]",MBI MT,HEBDOMADAIRE,FNPP,CAPITALISANT,0.02,0.02,0.02,BANK OF AFRICA,BMCE CAPITAL GESTION,11269530196.24,1867.13,0.006756,-,0.001083,0.000396,0.012543,0.006756,0.015915,0.067902,0.115997,0.128128,2026-06-26,Hebdomadaire
MA0000038689,3868,FCP CAPITAL SECURITE,BMCE CAPITAL GESTION,FCP,OMLT,"]1,1  5,1]",MBI MT,HEBDOMADAIRE,FNPP,CAPITALISANT,0.02,0.02,0.02,BANK OF AFRICA,BMCE CAPITAL GESTION,1163384128.67,29.33,0.006175,-,0.001708,0.000341,0.011379,0.006175,0.017343,0.075541,0.124617,0.139029,2026-06-26,Hebdomadaire
MA0000038697,3869,FCP CAPITAL SERENITE,BMCE CAPITAL GESTION,FCP,OMLT,"]1,1  5,1]",MBI MT,HEBDOMADAIRE,FNPP,CAPITALISANT,0.02,0.02,0.02,BANK OF AFRICA,BMCE CAPITAL GESTION,1640255112.75,1594.53,0.00522,-,0.000973,-0.00015,0.010373,0.00522,0.017848,0.075859,0.124072,0.124159,2026-06-26,Hebdomadaire
MA0000038705,3870,FCP AL KHEIR,CIH CAPITAL MANAGEMENT,FCP,DIVERSIFIÉ,-,-,HEBDOMADAIRE,FNPP,CAPITALISANT,0.0,0.0,0.02,BMCI,CIH CAPITAL MANAGEMENT,73332984.17,601090.03,-0.029885,-,-0.001285,-0.006303,0.009357,-0.029885,-0.012068,0.095987,0.201134,0.212523,2026-06-26,Hebdomadaire
MA0000038713,3871,OBLIGATAIRE PLUS,ATLAS CAPITAL MANAGEMENT,FCP,OMLT,"]1,1 5,1]",MBI,HEBDOMADAIRE,FGP,CAPITALISANT,0.03,0.03,0.02,BANK OF AFRICA,ATLAS CAPITAL MANAGEMENT,92439418.09,146.94,-0.001495,-,0.000885,-0.001495,0.008303,-0.001495,0.011287,0.157646,0.225521,0.184045,2026-06-26,Hebdomadaire
MA0000038721,3872,LMV EQUITY INVEST,SAHAM CAPITAL GESTION,FCP,ACTIONS,-,MASI RENTABILITE,HEBDOMADAIRE,FNPP,MIXTE,0.03,0.02,0.02,SAHAM BANK,SAHAM BANK,572137774.86,1860.87,-0.042452,-,-0.01886,-0.047183,0.050188,-0.042452,-0.045468,0.361639,0.628713,0.585433,2026-06-26,Hebdomadaire
MA0000038739,3873,ALIF V,SAHAM CAPITAL GESTION,FCP,OMLT,"]1,1  10]",50% MBI MT + 50% MBI MLT,QUOTIDIENNE,FNPP,CAPITALISANT,0.03,0.02,0.02,SAHAM BANK,SAHAM BANK,2074311757.93,1240.76,0.002132,-,0.002278,0.000347,0.015859,0.002132,0.012336,0.097532,0.184451,0.181451,2026-06-26,Hebdomadaire
MA0000038754,3875,FCP EMERGENCE OBLIG COURT TERME,VALORIS MANAGEMENT,FCP,OCT,"]0,5 1,1]",MBI CT,QUOTIDIENNE,FGP,CAPITALISANT,0.03,0.015,0.02,ATTIJARIWAFA BANK,Valoris Management; Capital Gestion Group,2825826437.22,1163.78,0.013084,-,0.00043,0.001239,0.008711,0.013084,0.025999,0.065001,0.106455,0.13767,2026-06-26,Hebdomadaire
MA0000038762,3876,FCP EMERGENCE TRESORERIE,VALORIS MANAGEMENT,FCP,MONÉTAIRE,"]0  0,5]",MONIA,QUOTIDIENNE,FGP,CAPITALISANT,0.03,0.015,0.02,CDG CAPITAL,Valoris Management; Capital Gestion Group,1939496047.25,1150.6,0.012389,-,0.000443,0.00141,0.006649,0.012389,0.02528,0.059533,0.097419,0.140134,2026-06-26,Hebdomadaire
MA0000038770,3877,FCP EMERGENCE OBLIHORIZON,VALORIS MANAGEMENT,FCP,OMLT,"]1,1  10]",50% MBI MT + 50% MBI MLT,QUOTIDIENNE,FNPP,CAPITALISANT,0.03,0.015,0.02,CIH BANK,VALORIS MANAGEMENT,1279389648.24,1145.9,-0.015601,-,0.000672,-0.00399,0.007084,-0.015601,-0.006089,0.090772,0.158797,0.109734,2026-06-26,Hebdomadaire
MA0000038788,3878,FCP EV CAT,VALORIS MANAGEMENT,FCP,OMLT,"]1,1  10]",MBI GLOBAL,HEBDOMADAIRE,FNPP,CAPITALISANT,0.03,0.015,0.02,CIH BANK,VALORIS MANAGEMENT,148235139.34,1204.95,0.001629,-,0.002496,0.000241,0.014951,0.001629,0.009543,0.126248,0.235517,0.20774,2026-06-26,Hebdomadaire
MA0000038796,3879,AWALI,UPLINE CAPITAL MANAGEMENT,FCP,OMLT,]4  8],95% MBI MLT + 5% MASI Flottant,HEBDOMADAIRE,FNPP,MIXTE,0.0,0.0,0.02,BCP,UPLINE CAPITAL MANAGEMENT,707116275.53,1190.67,-0.007502,-,0.001556,-0.003632,0.0135,-0.007502,-0.001509,0.12356,0.220937,0.183204,2026-06-26,Hebdomadaire
MA0000038804,3880,MUTUELLE PREVOYANCE PLUS - MPBP,UPLINE CAPITAL MANAGEMENT,FCP,OMLT,"]1,1  12]",50% MBI MT + 50% MBI MLT,HEBDOMADAIRE,FNPP,MIXTE,0.0,0.0,0.02,BCP,UPLINE CAPITAL MANAGEMENT,601395261.43,3092.01,0.003782,-,0.001357,0.000855,0.010722,0.003782,0.011936,0.087067,0.152905,2.072622,2026-06-26,Hebdomadaire
MA0000038812,3881,FCP SERENITE CT,CDG CAPITAL GESTION,FCP,OCT,"]0,5 1,1]",80% MBI CT + 20% MBI MT,QUOTIDIENNE,FGP,CAPITALISANT,0.03,0.015,0.02,CDG CAPITAL,CDG CAPITAL GESTION,1099631.67,1099.63,0.009066,-,0.000318,0.000901,0.005376,0.009066,0.017036,0.042175,0.069752,0.096592,2026-06-26,Hebdomadaire
MA0000038820,3882,DAILY EQUITY FUND,CDG CAPITAL GESTION,FCP,ACTIONS,-,100% MASI RB,QUOTIDIENNE,FGP,CAPITALISANT,0.03,0.015,0.02,CDG CAPITAL,CDG Capital Gestion,76455269.08,1344.59,-0.101876,-,-0.01384,-0.025864,0.018097,-0.101876,-0.09659,0.225385,0.404345,0.285127,2026-06-26,Hebdomadaire
MA0000038838,3883,AXA PERSPECTIVES,CFG GESTION,FCP,DIVERSIFIÉ,-,60% MBI GLOBAL + 40% MASI RB,HEBDOMADAIRE,FNPP,MIXTE,0.0,0.0,0.02,CFG BANK,CFG GESTION,819439220.785682,11757.34,-0.020602,-,-0.004308,-0.015988,0.017493,-0.020602,-0.017486,0.166356,0.272042,0.248193,2026-06-26,Hebdomadaire
MA0000038846,3884,R-MIXT SELECTION,UPLINE CAPITAL MANAGEMENT,FCP,DIVERSIFIÉ,-,45% MBI MLT + 30%  MBI MT  + 25% MASI Rentabilité,QUOTIDIENNE,FNPP,CAPITALISANT,0.0,0.0,0.02,CDG,UPLINE CAPITAL MANAGEMENT,5721183505.11,1299.2,-0.013538,-,-0.002794,-0.012068,0.026492,-0.013538,-0.010352,0.188851,0.322637,0.27076,2026-06-26,Hebdomadaire
MA0000038853,3885,R-MIXT COUVERTURE,IRG ASSET MANAGEMENT,FCP,DIVERSIFIÉ,-,45% MBI MLT + 30%  MBI MT  + 25% MASI Rentabilité,QUOTIDIENNE,FNPP,CAPITALISANT,0.03,0.015,0.02,CDG,IRG ASSET MANAGEMENT,1829553779.08,1310.15,-0.010356,-,-0.00539,-0.015117,0.027536,-0.010356,-0.000176,0.180485,0.306987,0.276551,2026-06-26,Hebdomadaire
MA0000038861,3886,R-MIXT PERFORMANCE,BMCE CAPITAL GESTION,FCP,DIVERSIFIÉ,-,45% MBI MLT + 30% MBI MT + 25% MASI Rentabilité,QUOTIDIENNE,FNPP,CAPITALISANT,0.03,0.015,0.02,CDG,BMCE CAPITAL GESTION,5693598006.67,1298.07,-0.015017,-,-0.002712,-0.011883,0.024814,-0.015017,-0.012627,0.176971,0.310044,0.266768,2026-06-26,Hebdomadaire
MA0000038879,3887,R-MIXT CROISSANCE,CFG GESTION,FCP,DIVERSIFIÉ,-,45% MBI MLT + 30% MBI MT + 25% MASI RB,QUOTIDIENNE,FNPP,CAPITALISANT,0.03,0.015,0.02,CFG BANK,CFG GESTION,2534861523.892364,1343.28,-0.014114,-,-0.004255,-0.014764,0.027161,-0.014114,-0.005626,0.18867,0.324616,0.310364,2026-06-26,Hebdomadaire
MA0000038887,3888,WG CAPITAL,WAFA GESTION,FCP,ACTIONS,-,MASI RB,HEBDOMADAIRE,FNPP,MIXTE,0.03,0.015,0.02,ATTIJARIWAFA BANK,WAFA GESTION,225564701.51,17582.41,0.00257,-,-0.017076,-0.039043,0.079335,0.00257,0.028383,0.502018,0.713403,0.6473,2026-06-26,Hebdomadaire
MA0000038895,3889,CFG INSTICASH,CFG GESTION,FCP,MONÉTAIRE,"]0  0,5]",TMP INTERBANCAIRE,QUOTIDIENNE,FGP,CAPITALISANT,0.005,0.005,0.02,CFG BANK,CFG GESTION; CFG BANK,4290573209.444366,1516.22,0.012873,-,0.000462,0.001506,0.00704,0.012873,0.025374,0.057661,0.094278,0.137424,2026-06-26,Hebdomadaire
MA0000038903,3890,CAPITAL TRUST BONDS,CAPITAL TRUST GESTION,FCP,OMLT,"]1,1   8]",50% MBI MT + 50% MBI MLT,QUOTIDIENNE,FNPP,CAPITALISANT,0.0,0.0,0.02,BCP,CAPITAL TRUST GESTION,1020297595.36,1170.2,-0.004898,-,0.000496,-0.004382,0.010658,-0.004898,0.002665,0.088882,0.16656,0.166968,2026-06-26,Hebdomadaire
MA0000038911,3891,UPLINE DIVERSIFIE,UPLINE CAPITAL MANAGEMENT,FCP,DIVERSIFIÉ,-,70% MBI + 30% MASI,HEBDOMADAIRE,FNPP,MIXTE,0.0,0.0,0.02,BCP,CRÉDIT POPULAIRE DU MAROC,24214069.64,1100.64,-0.011247,-,0.001137,-0.001116,0.01029,-0.011247,0.013583,0.101598,0.13866,0.102316,2026-06-26,Hebdomadaire
MA0000038929,3892,FCP OCT DYNAMIQUE,CDG CAPITAL GESTION,FCP,OCT,"]0,5 1,1]",90% MBI CT + 10% MBI MT,QUOTIDIENNE,FGP,CAPITALISANT,0.03,0.015,0.02,ATTIJARIWAFA BANK,CDG CAPITAL GESTION,1116886.53,1116.88,0.009262,-,0.000439,0.001246,0.006135,0.009262,0.017566,0.043725,0.073397,0.115742,2026-06-26,Hebdomadaire
MA0000038937,3893,FCP ALPHA RENDEMENT,RED MED ASSET MANAGEMENT,FCP,OMLT,]3   7],MBI GLOBAL,HEBDOMADAIRE,FNPP,MIXTE,0.0,0.0,0.02,BCP,RED MED ASSET MANAGEMENT,528126534.84,1077.23,-0.008514,-,0.001134,-0.003699,0.008425,-0.008514,-0.002593,0.096127,0.186873,0.07508,2026-06-26,Hebdomadaire
MA0000038945,3894,FCP MONETAIRE DYNAMIQUE,CDG CAPITAL GESTION,FCP,MONÉTAIRE,"]0  0,5[",50% MONIA + 50% MBI CT,QUOTIDIENNE,FGP,CAPITALISANT,0.03,0.015,0.02,ATTIJARIWAFA BANK,CDG CAPITAL GESTION,6165472.07,1114.1,0.010907,-,0.00044,0.001555,0.005914,0.010907,0.021033,0.046683,0.074898,-,2026-06-26,Hebdomadaire
MA0000038952,3895,AFG CASH MANAGEMENT,AFG ASSET MANAGEMENT,FCP,MONÉTAIRE,"]0  0,5]",MONIA,QUOTIDIENNE,FGP,MIXTE,0.03,0.015,0.02,SAHAM BANK,AFG ASSET MANAGEMENT,2438133574.39,1832.75,0.013538,-,0.000584,0.001727,0.007227,0.013538,0.026975,0.062445,0.100665,0.151492,2026-06-26,Hebdomadaire
MA0000038960,3896,AFG LIQUIDITY FUND,AFG ASSET MANAGEMENT,FCP,OCT,"]0,5 1,1]",MBI CT,QUOTIDIENNE,FGP,MIXTE,0.03,0.015,0.02,SAHAM BANK,AFG ASSET MANAGEMENT,4157836609.92,1914.98,0.015635,-,0.000878,0.001925,0.009755,0.015635,0.029365,0.073119,0.117982,0.175707,2026-06-26,Hebdomadaire
MA0000038978,3897,AFG INCOME FUND,AFG ASSET MANAGEMENT,FCP,OMLT,]3   7],MBI GLOBAL,QUOTIDIENNE,FGP,CAPITALISANT,0.03,0.03,0.02,SAHAM BANK,AFG ASSET MANAGEMENT,1046209419.03,2403.34,-0.018548,-,-0.0001,-0.006851,0.008717,-0.018548,-0.016299,0.086845,0.181653,0.200524,2026-06-26,Hebdomadaire
MA0000038986,3898,AFG OPTIMAL FUND,AFG ASSET MANAGEMENT,FCP,DIVERSIFIÉ,-,70% MBI GLOBAL + 30% MASI,QUOTIDIENNE,FGP,MIXTE,0.03,0.015,0.02,SAHAM BANK,AFG ASSET MANAGEMENT,2086744282.1,4528.39,-0.045433,-,-0.00933,-0.025537,0.02542,-0.045433,-0.059253,0.170635,0.310943,0.24726,2026-06-26,Hebdomadaire
MA0000038994,3899,AFG DYNAMIC FUND,AFG ASSET MANAGEMENT,FCP,ACTIONS,-,MASI,QUOTIDIENNE,FGP,MIXTE,0.03,0.015,0.02,SAHAM BANK,AFG ASSET MANAGEMENT,1089150451.67,8176.86,-0.038303,-,-0.019285,-0.041034,0.051747,-0.038303,-0.064946,0.376469,0.591795,0.552682,2026-06-26,Hebdomadaire
MA0000039000,3900,UPLINE RETAIL SERENITE PLUS,UPLINE CAPITAL MANAGEMENT,FCP,OMLT,"]1,1   5,1]",75% MBI MT + 25% MBI MLT,QUOTIDIENNE,FGP,MIXTE,0.0,0.0,0.02,BCP,GROUPE BANQUE POPULAIRE,1095659.46,1085.89,0.010262,-,0.001079,0.003484,0.011853,0.010262,0.018448,0.055502,0.094758,-,2026-06-26,Hebdomadaire
MA0000039018,3901,UPLINE RETAIL SERENITE,UPLINE CAPITAL MANAGEMENT,FCP,OCT,"]0,5 1,1]",85% MBI CT + 15% MBI MT,QUOTIDIENNE,FGP,MIXTE,0.0,0.0,0.02,BCP,GROUPE BANQUE POPULAIRE,1105466.78,1105.47,0.009257,-,0.000371,0.001132,0.006098,0.009257,0.017844,0.04646,0.078992,-,2026-06-26,Hebdomadaire
MA0000039026,3902,FCP CAPITAL ACTIONS PREMIUM,BMCE CAPITAL GESTION,FCP,ACTIONS,-,MASI,HEBDOMADAIRE,FNPP,MIXTE,0.0,0.0,0.02,BANK OF AFRICA,BMCE CAPITAL GESTION,216436466.33,227.34,-0.038691,-,-0.018182,-0.040962,0.05289,-0.038691,-0.045758,0.44874,0.733912,0.677167,2026-06-26,Hebdomadaire
MA0000039034,3903,FH2 ACTIONS,BMCE CAPITAL GESTION,FCP,ACTIONS,-,MASI,QUOTIDIENNE,FNPP,MIXTE,0.0,0.0,0.02,BANK OF AFRICA,BMCE CAPITAL GESTION,1259946812.14,1704.52,-0.040015,-,-0.018026,-0.041678,0.051589,-0.040015,-0.046449,0.434443,0.71941,0.681003,2026-06-26,Hebdomadaire
MA0000039059,3905,WG VALEURS,WAFA GESTION,FCP,ACTIONS,-,MASI RB,QUOTIDIENNE,FGP,MIXTE,0.0,0.0,0.01,ATTIJARIWAFA BANK,WAFA GESTION,200423326.12,1506.21,0.033498,-,-0.019548,-0.040606,0.078059,0.033498,0.066177,0.464401,0.645556,-,2026-06-26,Hebdomadaire
MA0000039067,3906,WG TAYSSIR,WAFA GESTION,FCP,ACTIONS,-,MASI RB,HEBDOMADAIRE,FGP,CAPITALISANT,0.0,0.0,0.01,ATTIJARIWAFA BANK,WAFA GESTION,196809253.43,1431.54,0.036379,-,-0.020828,-0.040709,0.084903,0.036379,0.024021,0.480362,0.626565,-,2026-06-26,Hebdomadaire
MA0000039075,3907,FCP OBLIG OPPORTUNITES,IRG ASSET MANAGEMENT,FCP,OMLT,"]1,1   5,1]",MBI MT,QUOTIDIENNE,FGP,CAPITALISANT,0.03,0.015,0.02,CDG,IRG ASSET MANAGEMENT,473302875.87,103.93,-0.010567,-,-0.000289,-0.004883,0.010108,-0.010567,-0.007733,0.052456,0.102472,-,2026-06-26,Hebdomadaire
MA0000039083,3908,FCP OBLIG LONG TERM,IRG ASSET MANAGEMENT,FCP,OMLT,]4  8],80% MBI MLT+20% MBI LT,HEBDOMADAIRE,FGP,CAPITALISANT,0.03,0.015,0.02,ATTIJARIWAFA BANK,IRG ASSET MANAGEMENT,123414427.21,113.42,-0.014339,-,0.001147,-0.004913,0.001855,-0.014339,-0.013825,0.064977,0.317458,-,2026-06-26,Hebdomadaire
MA0000039091,3909,CAPITAL TRUST EQUITY,CAPITAL TRUST GESTION,FCP,ACTIONS,-,MASI,QUOTIDIENNE,FGP,CAPITALISANT,0.03,0.015,0.02,BCP,CAPITAL TRUST GESTION,942723289.21,1388.35,-0.079301,-,-0.019838,-0.040101,0.020763,-0.079301,-0.096173,0.311472,0.552443,-,2026-06-26,Hebdomadaire
MA0000039109,3910,UPLINE PROTECTION DYNAMIQUE,UPLINE CAPITAL MANAGEMENT,FCP,DIVERSIFIÉ,-,-,HEBDOMADAIRE,FGP,CAPITALISANT,0.002,0.002,0.02,BCP,BANQUE POPULAIRE,558942207.66,1153.73,-0.011252,-,-0.004951,-0.013813,0.013644,-0.011252,0.000885,0.117598,0.169791,-,2026-06-26,Hebdomadaire
MA0000039117,3911,CAM OBLIBANQUES,MAROGEST,FCP,OCT,"]0,5 1,1]",85% MBI CT + 15% MBI MT,QUOTIDIENNE,FGP,CAPITALISANT,0.03,0.015,0.02,CIH BANK,CAM; MSIN; CIH; MAROGEST,1625305729.82,1141.35,0.013389,-,0.000456,0.001017,0.008643,0.013389,0.027336,0.06742,0.108914,-,2026-06-26,Hebdomadaire
MA0000039125,3912,CAM OBLIRENDEMENT,MAROGEST,FCP,OMLT,"]1,1   5,1]",100% MBI MT,QUOTIDIENNE,FGP,CAPITALISANT,0.03,0.015,0.02,CIH BANK,CAM; MSIN; CIH; MAROGEST,400608955.75,1149.22,-0.007239,-,0.001673,0.000104,0.01285,-0.007239,0.005196,0.085081,0.141186,-,2026-06-26,Hebdomadaire
MA0000039133,3913,CKG ISR SELECTION,CDG CAPITAL GESTION,FCP,ACTIONS,-,ESG 10,HEBDOMADAIRE,FGP,CAPITALISANT,0.03,0.015,0.02,CDG CAPITAL,CDG CAPITAL GESTION,226143104.91,909.54,-0.038012,-,-0.01469,-0.033925,0.035333,-0.038012,-0.059041,0.006451,0.083147,-,2026-06-26,Hebdomadaire
MA0000039141,3914,AD SELECT BANQUES,AD CAPITAL ASSET MANAGEMENT,FCP,OCT,"]0,5 1,1]",MBI CT,QUOTIDIENNE,FGP,CAPITALISANT,0.03,0.03,0.02,CFG BANK,AD CAPITAL ASSET MANAGEMENT; AD CAPITAL GROUP,1807034926.0,1146.73,0.013899,-,0.000567,0.001415,0.008904,0.013899,0.028061,0.0711,0.115182,-,2026-06-26,Hebdomadaire
MA0000039158,3915,AD COMPACT OBLIGATAIRE,AD CAPITAL ASSET MANAGEMENT,FCP,OMLT,"[3,5  7,5[",MBI GLOBAL,HEBDOMADAIRE,FGP,CAPITALISANT,0.03,0.03,0.02,CFG BANK,AD CAPITAL ASSET MANAGEMENT; AD CAPITAL GROUP,3641938535.79,1158.37,-0.011765,-,0.000907,-0.003973,0.009904,-0.011765,-0.00552,0.108902,0.191383,-,2026-06-26,Hebdomadaire
MA0000039166,3916,CAPITAL TRUST PATRIMOINE,CAPITAL TRUST GESTION,FCP,DIVERSIFIÉ,-,25% MASI + 30% MBI GLOBAL + 45% MBI MLT,QUOTIDIENNE,FGP,CAPITALISANT,0.03,0.015,0.02,BCP,CAPITAL TRUST GESTION,737883324.24,1319.61,-0.044896,-,-0.010052,-0.024736,0.011606,-0.044896,-0.038073,0.273792,0.381805,-,2026-06-26,Hebdomadaire
MA0000039174,3917,CAPITAL TRUST HORIZON,CAPITAL TRUST GESTION,FCP,OMLT,]3   7],MBI GLOBAL,QUOTIDIENNE,FGP,CAPITALISANT,0.03,0.015,0.02,BCP,CAPITAL TRUST GESTION,1070081.95,1070.08,0.003489,-,0.000954,-0.000159,0.011036,0.003489,0.006348,0.052835,0.093402,-,2026-06-26,Hebdomadaire
MA0000039182,3918,AD SECUR RENDEMENT,AD CAPITAL ASSET MANAGEMENT,FCP,OMLT,"]1,1   7]",MBI GLOBAL,HEBDOMADAIRE,FNPP,CAPITALISANT,0.0,0.0,0.02,CDG,AD CAPITAL ASSET MANAGEMENT,2886405605.32,1252.59,-0.007126,-,0.000935,-0.00377,0.012178,-0.007126,-0.000112,0.122946,0.22468,-,2026-06-26,Hebdomadaire
MA0000039190,3919,TWIN BOND TRESOR,TWIN CAPITAL GESTION,FCP,OMLT,]3   7],MBI GLOBAL,HEBDOMADAIRE,FGP,CAPITALISANT,0.0,0.0,0.01,CFG BANK,TWIN CAPITAL GESTION; CFG BANK,247270609.78,1146.67,-0.0189,-,0.000873,-0.004834,0.002798,-0.0189,-0.020032,0.072105,0.15012,-,2026-06-26,Hebdomadaire
MA0000039208,3920,TWIN OPPORTUNITY,TWIN CAPITAL GESTION,FCP,DIVERSIFIÉ,-,30% MASI + 70% MBI,HEBDOMADAIRE,FGP,CAPITALISANT,0.015,0.015,0.01,CFG BANK,TWIN CAPITAL GESTION; CFG BANK,284126995.16,1168.46,-0.058324,-,-0.010207,-0.028146,0.00601,-0.058324,-0.087226,0.119354,0.166838,-,2026-06-26,Hebdomadaire
MA0000039216,3921,FCP CAPITAL ISR,BMCE CAPITAL GESTION,FCP,DIVERSIFIÉ,-,75% MBI GLOBAL + 25% MASI ESG,QUOTIDIENNE,FGP,CAPITALISANT,0.02,0.01,0.02,BANK OF AFRICA,BMCE CAPITAL GESTION,793997217.15,1437.24,-0.047567,-,-0.003598,-0.017843,0.002581,-0.047567,-0.070355,0.131115,0.234308,0.136293,2026-06-26,Hebdomadaire
MA0000039224,3922,IRGAM ALLOCATION,IRG ASSET MANAGEMENT,FCP,DIVERSIFIÉ,-,40 % MASI RB + 60 % MBI GLOBAL,HEBDOMADAIRE,FNPP,MIXTE,0.0,0.0,0.02,ATTIJARIWAFA BANK,IRG ASSET MANAGEMENT,498107554.23,242.55,-0.022531,-,-0.00996,-0.025708,0.03038,-0.022531,-0.012474,0.245213,0.410034,0.334231,2026-06-26,Hebdomadaire
MA0000039232,3923,CAPITAL RENDEMENT PLUS,BMCE CAPITAL GESTION,FCP,OMLT,"]1,1   5]",MBI GLOBAL,QUOTIDIENNE,FGP,MIXTE,0.02,0.01,0.02,BANK OF AFRICA,BMCE CAPITAL GESTION; BANK OF AFRICA,1125333.99,1125.33,0.001468,-,0.000907,-0.00103,0.005432,0.001468,0.00855,0.059463,0.10714,-,2026-06-26,Hebdomadaire
MA0000039240,3924,AFG SECUR RENDEMENT,AFG ASSET MANAGEMENT,FCP,OMLT,"]1,1  7]",MBI Global,HEBDOMADAIRE,FNPP,CAPITALISANT,0.0,0.0,0.02,CDG,AFG ASSET MANAGEMENT,2830711471.12,1246.23,-0.009734,-,0.000257,-0.00572,0.012438,-0.009734,-0.006109,0.111941,0.215004,-,2026-06-26,Hebdomadaire
MA0000039281,3928,BMCI PREMIUM SHORT BOND DIST,CIH CAPITAL MANAGEMENT,FCP,OCT,"]0,5  1,1]",MBI CT,QUOTIDIENNE,FGP,DISTRIBUANT,0.0,0.0,0.02,BMCI,CIH CAPITAL MANAGEMENT,4964395.49,133.7,0.009666,-,0.000374,0.000599,0.006701,0.009666,0.018744,0.053835,0.092045,0.12958,2026-06-26,Hebdomadaire
MA0000039299,3929,WINEO SECUR RENDEMENT,WINEO GESTION,FCP,OMLT,"]1,1   7]",MBI GLOBAL,HEBDOMADAIRE,FNPP,CAPITALISANT,0.0,0.0,0.02,CDG,WINEO GESTION,2170872408.06,1247.57,-0.002247,-,0.000545,-0.005056,0.013782,-0.002247,0.005967,0.116933,0.20946,-,2026-06-26,Hebdomadaire
MA0000039315,3931,CFG OPPORTUNITÉS,CFG GESTION,FCP,DIVERSIFIÉ,-,70% MBI GLOBAL + 30% MASI,QUOTIDIENNE,FGP,MIXTE,0.03,0.015,0.02,CFG BANK,CFG GESTION; CFG BANK,96929653.609851,1238.86,0.029261,-,0.001067,-0.001974,0.030897,0.029261,0.027222,0.166766,0.209801,-,2026-06-26,Hebdomadaire
MA0000039323,3932,CFG Diversifié,CFG GESTION,FCP,DIVERSIFIÉ,-,80% MBI GLOBAL + 20% MASI RN,QUOTIDIENNE,FGP,CAPITALISANT,0.03,0.015,0.02,CFG BANK,CFG GESTION; CFG BANK,92034741.872332,1185.5,-0.040299,-,-0.008862,-0.028247,0.036122,-0.040299,-0.019875,0.090075,0.146263,-,2026-06-26,Hebdomadaire
MA0000039331,3933,UPLINE CROISSANCE,UPLINE CAPITAL MANAGEMENT,FCP,DIVERSIFIÉ,-,70% MBI + 30% MASI RB,QUOTIDIENNE,FNPP,MIXTE,0.0,0.0,0.02,BCP,UPLINE CAPITAL MANAGEMENT,1091573.13,1091.57,-0.018425,-,0.000779,-0.002559,0.006891,-0.018425,-0.004868,0.053405,0.081298,-,2026-06-26,Hebdomadaire
MA0000039349,3934,SECURITIES PERFORMANCE,UPLINE CAPITAL MANAGEMENT,FCP,DIVERSIFIÉ,-,75% MBI + 25% MASI RB,HEBDOMADAIRE,FNPP,MIXTE,0.0,0.0,0.02,BCP,UPLINE CAPITAL MANAGEMENT,1079444.56,1079.44,-0.020347,-,0.000825,-0.002172,0.005852,-0.020347,-0.008506,0.046364,0.070501,-,2026-06-26,Hebdomadaire
MA0000039356,3935,FCP EMERGENCE PATRIMOINE,VALORIS MANAGEMENT,FCP,DIVERSIFIÉ,-,80% MBI GLOBAL + 20% MASI RB,QUOTIDIENNE,FNPP,CAPITALISANT,0.0,0.0,0.02,BANK OF AFRICA,VALORIS MANAGEMENT,861165.38,176.72,-0.026336,-,0.00051,0.002269,0.016918,-0.026336,-0.014224,0.2536,0.356463,0.328722,2026-06-26,Hebdomadaire
MA0000039364,3936,PROFIL FLEXIBLE,WAFA GESTION,FCP,DIVERSIFIÉ,-,75% MASI + 25% MBI MT,QUOTIDIENNE,FGP,DISTRIBUANT,0.02,0.02,0.02,ATTIJARIWAFA BANK,WAFA GESTION; ATTIJARIWAFA BANK,1031400511.44,1644.39,0.039904,-,-0.012206,-0.028293,0.048611,0.039904,0.050433,0.219955,0.266738,0.224853,2026-06-26,Hebdomadaire
MA0000039372,3937,AFG T-BOND FUND,AFG ASSET MANAGEMENT,FCP,OMLT,"]1,1  10]",MBI MLT,QUOTIDIENNE,FNPP,MIXTE,0.0,0.0,0.02,ATTIJARIWAFA BANK,AFG ASSET MANAGEMENT,1220469925.91,1118.26,-0.037017,-,0.000716,-0.007887,0.011231,-0.037017,-0.02565,0.134645,0.25468,-,2026-06-26,Hebdomadaire
MA0000039380,3938,ATLAS HARMONIE,ATLAS CAPITAL MANAGEMENT,FCP,OMLT,"]1,1; 8]",MBI GLOBAL,HEBDOMADAIRE,FNPP,CAPITALISANT,0.03,0.03,0.02,CIH BANK,ATLAS CAPITAL MANAGEMENT,2390733140.98,249.12,-0.004317,-,0.001729,-0.002443,0.009646,-0.004317,0.000803,0.096286,0.181728,0.159345,2026-06-26,Hebdomadaire
MA0000039398,3939,IRGAM DISTRIEQUILIBRE,IRG ASSET MANAGEMENT,FCP,DIVERSIFIÉ,-,30% MASI FLOTTANT + 70% MBI GLOBAL,HEBDOMADAIRE,FGP,MIXTE,0.03,0.015,0.02,BCP,IRG ASSET MANAGEMENT,1211625597.74,138.6,-0.025042,-,-0.003595,-0.014785,0.013232,-0.025042,-0.025179,0.362698,0.397882,-,2026-06-26,Hebdomadaire
MA0000039406,3940,IRGAM DISTRIEQUITY,IRG ASSET MANAGEMENT,FCP,ACTIONS,-,MASI,HEBDOMADAIRE,FGP,MIXTE,0.03,0.015,0.02,BCP,IRG ASSET MANAGEMENT,1594724.37,159.47,-0.061057,-,-0.00144,-0.001065,0.022571,-0.061057,0.023622,0.497793,0.608371,-,2026-06-26,Hebdomadaire
MA0000039414,3941,FCP EMERGENCE ACTIONS,VALORIS MANAGEMENT,FCP,ACTIONS,-,MASI 20,QUOTIDIENNE,FGP,CAPITALISANT,0.03,0.015,0.02,ATTIJARIWAFA BANK,VALORIS GROUP;VALORIS MANAGEMENT,327239656.79,1779.64,-0.053071,-,-0.015386,-0.034326,0.043116,-0.053071,-0.054359,0.451535,0.750047,-,2026-06-26,Hebdomadaire
MA0000039422,3942,FCP EMERGENCE PERSPECTIVES,VALORIS MANAGEMENT,FCP,DIVERSIFIÉ,-,80% MBI GLOBAL + 20% MASI RB,HEBDOMADAIRE,FNPP,MIXTE,0.0,0.0,0.02,SAHAM BANK,VALORIS GROUP;VALORIS MANAGEMENT,1811623396.13,1297.17,-0.007551,-,-0.000993,-0.007293,0.019587,-0.007551,0.004989,0.17991,0.287936,-,2026-06-26,Hebdomadaire
MA0000039430,3943,FCP SANLAM OBLIGATIONS,VALORIS MANAGEMENT,FCP,OMLT,"]1,1   10]",MBI GLOBAL,QUOTIDIENNE,FNPP,MIXTE,0.03,0.015,0.02,BCP,VALORIS MANAGEMENT,992760426.11,1272.65,-0.02279,-,0.001676,-0.003484,0.012305,-0.02279,-0.006619,0.144965,0.268426,-,2026-06-26,Hebdomadaire
MA0000039448,3944,AFG GOV BOND FUND,AFG ASSET MANAGEMENT,FCP,OMLT,]4  8],MBI GLOBAL,QUOTIDIENNE,FGP,MIXTE,0.03,0.03,0.02,ATTIJARIWAFA BANK,AFG ASSET MANAGEMENT,3032366423.29,1217.67,-0.014726,-,0.001868,-0.004456,0.010397,-0.014726,-0.013625,0.094781,0.197422,-,2026-06-26,Hebdomadaire
MA0000039455,3945,AFG FLEXIBLE FUND,AFG ASSET MANAGEMENT,FCP,DIVERSIFIÉ,-,75% MBI GLOBAL + 25% MASI RB,QUOTIDIENNE,FNPP,MIXTE,0.03,0.03,0.02,BCP,AFG ASSET MANAGEMENT,899492968.0,1313.96,-0.031603,-,-0.005224,-0.02042,0.023963,-0.031603,-0.028802,0.202911,0.375966,-,2026-06-26,Hebdomadaire
MA0000039463,3946,ATLAS LIQUIDITE,ATLAS CAPITAL MANAGEMENT,FCP,OCT,"0,5 ; 1,1]",MBI CT,QUOTIDIENNE,FGP,CAPITALISANT,0.03,0.03,0.02,BANK OF AFRICA,ATLAS CAPITAL MANAGEMENT,67049944.58,147.53,0.01263,-,0.000543,0.001357,0.008338,0.01263,0.025297,0.060604,0.091037,0.085737,2026-06-26,Hebdomadaire
MA0000039471,3947,AZ TAWFIR,WAFA GESTION,FCP,OMLT,"]1,1  13]",MBI MLT,QUOTIDIENNE,FNPP,MIXTE,0.03,0.015,0.02,BCP,WAFA GESTION,380307350.15,837681.38,-0.01974,-,0.002227,-0.007182,0.003945,-0.01974,-0.015953,0.090272,0.254018,0.113087,2026-06-26,Hebdomadaire
MA0000039489,3948,UNIVERS DIVERSIFIE,WAFA GESTION,FCP,DIVERSIFIÉ,-,30% MASI RB + 70% MBI MLT,HEBDOMADAIRE,FNPP,MIXTE,0.0,0.0,0.02,ATTIJARIWAFA BANK,WAFA GESTION,209736184.93,1964.91,-0.011242,-,-0.007651,-0.015556,0.040698,-0.011242,0.012647,0.26149,0.391146,0.3413,2026-06-26,Hebdomadaire
MA0000039497,3949,CAPITAL IMTIYAZ GARANTI,BMCE CAPITAL GESTION,FCP,CONTRACTUEL,-,MONIA,QUOTIDIENNE,FGP,CAPITALISANT,0.01,0.01,0.02,BANK OF AFRICA,BMCE CAPITAL GESTION,2058944704.8,1057.24,0.010301,-,0.000397,0.001411,0.005134,0.010301,0.020571,0.045127,-,-,2026-06-26,Hebdomadaire
MA0000039505,3950,GENERATION PERFORMANCE,UPLINE CAPITAL MANAGEMENT,SICAV,OMLT,"]1,1   12]",MBI Global + 50 pbs,HEBDOMADAIRE,FNPP,CAPITALISANT,0.0,0.0,0.02,BCP,UPLINE CAPITAL MANAGEMENT,474183273.48,1101.47,0.004386,-,0.0011,9.1e-05,0.009347,0.004386,0.015301,0.088237,-,-,2026-06-26,Hebdomadaire
MA0000039513,3951,FCP MAROGEST BONDS,MAROGEST,FCP,OMLT,"]1,1   8,1]",100% MBI GLOBAL,QUOTIDIENNE,FNPP,CAPITALISANT,0.0,0.0,0,CIH BANK,MAROGEST,762099364.97,1082.1,-0.019162,-,0.00162,-0.002783,0.011356,-0.019162,-0.010887,0.072512,-,-,2026-06-26,Hebdomadaire
MA0000039521,3952,MAROGEST SECUR RENDEMENT,MAROGEST,FCP,OMLT,"]1,1   7]",100% MBI GLOBAL,HEBDOMADAIRE,FNPP,CAPITALISANT,0.0,0.0,0,CDG,MAROGEST,535306479.87,1124.29,-0.009192,-,0.000953,-0.002529,0.010561,-0.009192,0.000107,0.106345,-,-,2026-06-26,Hebdomadaire
MA0000039539,3953,ATTIJARI PRIVATE FUND,WAFA GESTION,FCP,DIVERSIFIÉ,-,50% MASI RB + 50% MBI GLOBAL,HEBDOMADAIRE,FGP,MIXTE,0.02,0.02,0.02,ATTIJARIWAFA BANK,WAFA GESTION,808287969.49,1086408.56,0.013989,-,-0.012499,-0.031457,0.035761,0.013989,0.024143,0.083003,-,-,2026-06-26,Hebdomadaire
MA0000039547,3954,FCP ALPHA BONDS,RED MED ASSET MANAGEMENT,FCP,OMLT,"]1,1   10]",MBI GLOBAL,QUOTIDIENNE,FNPP,CAPITALISANT,0.0,0.0,0.02,BCP,RED MED ASSET MANAGEMENT,2312692234.02,1203.2,-0.004715,-,0.00159,-0.002752,0.008491,-0.004715,0.001215,0.09597,0.177518,-,2026-06-26,Hebdomadaire
MA0000039554,3955,AD HARMONIE DIVERSIFIÉ,AD CAPITAL ASSET MANAGEMENT,FCP,DIVERSIFIÉ,-,50% MASI + 50% MBI MLT,HEBDOMADAIRE,FGP,DISTRIBUANT,0.03,0.03,0.02,ATTIJARIWAFA BANK,AD CAPITAL ASSET MANAGEMENT; AD CAPITAL GROUP,510370321.04,1091.08,-0.069425,-,-0.000714,-0.01374,0.010054,-0.069425,-0.053818,-,-,-,2026-06-26,Hebdomadaire
MA0000039570,3957,AFG ACTIVE BOND FUND,AFG ASSET MANAGEMENT,FCP,OMLT,]4  8],95% MBI GLOBAL + 5% MASI,QUOTIDIENNE,FGP,MIXTE,0.03,0.03,0.02,BANQUE CENTRALE POPULAIRE,AFG ASSET MANAGEMENT,1476142538.27,1091.93,-0.018684,-,0.000577,-0.006623,0.008898,-0.018684,-0.011685,-,-,-,2026-06-26,Hebdomadaire
MA0000039596,3959,FH2 OBLIGATAIRE DYNAMIQUE II,BMCE CAPITAL GESTION,FCP,OMLT,"]1,1   7,1]",MBI Global,HEBDOMADAIRE,FNPP,MIXTE,0.0,0.0,0.02,BANK OF AFRICA,BMCE CAPITAL GESTION,2109933689.71,1224.28,-0.004076,-,0.002013,-0.00482,0.007513,-0.004076,0.003163,-,-,-,2026-06-26,Hebdomadaire
MA0000039604,3960,FCP EMERGENCE OPTIMUM,VALORIS MANAGEMENT,FCP,DIVERSIFIÉ,-,60% MBI + 40% MASI,QUOTIDIENNE,FGP,MIXTE,0.03,0.015,0.02,CREDIT DU MAROC,VALORIS MANAGEMENT,1473567772.36,1154.73,-0.039981,-,-0.006154,-0.017502,0.016586,-0.039981,-0.034297,-,-,-,2026-06-26,Hebdomadaire
MA0000039612,3961,CCM SECUR RENDEMENT,CIH CAPITAL MANAGEMENT,FCP,OMLT,"[1,1 7]",MBI GLOBAL,HEBDOMADAIRE,FNPP,CAPITALISANT,0.0,0.0,0.02,CDG,CIH CAPITAL MANAGEMENT,1013541809.25,1122.96,-0.00717,-,0.000552,-0.005271,0.012725,-0.00717,-0.002416,-,-,-,2026-06-26,Hebdomadaire
MA0000039620,3962,FCP FH2 OBLIGATAIRE DP,VALORIS MANAGEMENT,FCP,OMLT,"[1,1 5]",90% MBI MT + 10% MBI MLT + 50 pbs,QUOTIDIENNE,FNPP,MIXTE,0.0,0.0,0.02,CDM,VALORIS MANAGEMENT,881196354.32,1069.39,0.009296,-,0.001292,0.001208,0.013822,0.009296,0.021278,-,-,-,2026-06-26,Hebdomadaire
MA0000039638,3963,FCP AFRICAPITAL RENDEMENT,AFRICAPITAL MANAGEMENT,FCP,OMLT,[2  6],MBI GLOBAL,QUOTIDIENNE,FGP,CAPITALISANT,0.03,0.03,0.02,BCP,AFRICAPITAL MANAGEMENT,1315247212.11,1022.84,-0.014529,-,0.000342,-0.006353,0.007139,-0.014529,-0.008174,-,-,-,2026-06-26,Hebdomadaire
MA0000039653,3965,FCP ALPHA OBLIGATAIRE,RED MED ASSET MANAGEMENT,FCP,OMLT,"]1,1   10]",MBI GLOBAL,QUOTIDIENNE,FNPP,CAPITALISANT,0.0,0.0,0.02,BCP,RED MED ASSET MANAGEMENT;RED MED SECURITIES,1119080.23,1119.08,-0.0031,-,0.002643,-0.000161,0.014532,-0.0031,-0.000214,0.087235,0.148458,-,2026-06-26,Hebdomadaire
MA0000039661,3966,FCP EMERGENCE HARMONY FUND,VALORIS MANAGEMENT,FCP,OMLT,"[1,1  10]",MBI MT,QUOTIDIENNE,FNPP,MIXTE,0.0,0.0,0.02,CIH BANK,VALORIS MANAGEMENT,27559946.31,1350.64,0.009108,-,0.000763,0.000259,0.012527,0.009108,0.01195,0.124933,0.247843,-,2026-06-26,Hebdomadaire
MA0000039679,3967,FCP OPTIMA EQUILIBRE,ALPHAVEST ASSET MANAGEMENT,FCP,DIVERSIFIÉ,-,60% MBI GLOBAL + 40% MASI,QUOTIDIENNE,FGP,CAPITALISANT,0.03,0.015,0.02,BANQUE CENTRALE POPULAIRE,ALPHAVEST ASSET MANAGEMENT,257662502.43,962.1,-0.039725,-,-0.005962,-0.018456,0.024077,-0.039725,-0.048547,-,-,-,2026-06-26,Hebdomadaire
MA0000039687,3968,FCP OPTIMA MONETAIRE,ALPHAVEST ASSET MANAGEMENT,FCP,MONÉTAIRE,"[0  0,5]",MONIA,QUOTIDIENNE,FGP,CAPITALISANT,0.03,0.015,0.02,BANQUE CENTRALE POPULAIRE,ALPHAVEST ASSET MANAGEMENT,712245854.46,1026.32,0.012829,-,0.000458,0.001464,0.006956,0.012829,0.025172,-,-,-,2026-06-26,Hebdomadaire
MA0000039695,3969,FCP OPTIMA OBLIGATAIRE,ALPHAVEST ASSET MANAGEMENT,FCP,OMLT,[4  8],MBI GLOBAL,QUOTIDIENNE,FGP,CAPITALISANT,0.03,0.015,0.02,BANQUE CENTRALE POPULAIRE,ALPHAVEST ASSET MANAGEMENT,602194992.28,1004.69,-0.010996,-,0.002065,-0.002304,0.010938,-0.010996,0.003967,-,-,-,2026-06-26,Hebdomadaire
MA0000039703,3970,FCP OPTIMA SOUVERAIN,ALPHAVEST ASSET MANAGEMENT,FCP,OMLT,[4  8],MBI GLOBAL,QUOTIDIENNE,FGP,CAPITALISANT,0.03,0.015,0.02,BANK OF AFRICA,ALPHAVEST ASSET MANAGEMENT,333991627.12,1072.77,0.056614,-,0.002814,-0.003067,0.009865,0.056614,0.072405,-,-,-,2026-06-26,Hebdomadaire
MA0000039711,3971,FCP OPTIMA DYNAMIQUE,ALPHAVEST ASSET MANAGEMENT,FCP,OCT,"[0,5  1,1]",MBI CT,QUOTIDIENNE,FGP,CAPITALISANT,0.03,0.015,0.02,BANK OF AFRICA,ALPHAVEST ASSET MANAGEMENT,735693202.59,1027.67,0.013661,-,0.000399,0.001179,0.008439,0.013661,0.026479,-,-,-,2026-06-26,Hebdomadaire
MA0000039729,3972,FCP OPTIMA PERFORMANCE,ALPHAVEST ASSET MANAGEMENT,FCP,ACTIONS,-,MASI,QUOTIDIENNE,FGP,CAPITALISANT,0.03,0.015,0.02,BANK OF AFRICA,ALPHAVEST ASSET MANAGEMENT,105075950.92,935.77,-0.036729,-,-0.017729,-0.04057,0.054484,-0.036729,-0.0525,-,-,-,2026-06-26,Hebdomadaire
MA0000039737,3973,FCP ALPHA INVEST,RED MED ASSET MANAGEMENT,FCP,DIVERSIFIÉ,-,40% MASI RB + 60% MBI GLOBAL,QUOTIDIENNE,FNPP,MIXTE,0.02,0.02,0.02,CDG CAPITAL,RED MED ASSET MANAGEMENT,236219186.52,1346.33,-0.071106,-,-0.006633,-0.020673,-0.019296,-0.071106,-0.06831,0.356969,0.394019,-,2026-06-26,Hebdomadaire
MA0000039745,3974,FONDS CIH D'IMPACT SOCIAL,CIH CAPITAL MANAGEMENT,FCP,OCT,"]0,5  1,1]",MBI CT,QUOTIDIENNE,FNPP,MIXTE,0.0,0.05,0.02,CIH BANK,CIH CAPITAL MANAGEMENT; CIH BANK,1002409.96,1002.41,0.00238,-,0.00011,-0.000369,0.003032,0.00238,-,-,-,-,2026-06-26,Hebdomadaire
MA0000039752,3975,AFG BALANCED FUND,AFG ASSET MANAGEMENT,FCP,DIVERSIFIÉ,-,50% MBI GLOBAL + 50% MASI,QUOTIDIENNE,FGP,MIXTE,0.03,0.03,0.02,BCP,AFG ASSET MANAGEMENT,761164453.96,902.76,-0.037918,-,-0.015701,-0.038993,0.03467,-0.037918,-,-,-,-,2026-06-26,Hebdomadaire
MA0000039760,3976,FCP WG INVEST,WAFA GESTION,FCP,DIVERSIFIÉ,-,50% MBI GLOBAL + 50% MASI RENTABILITE,HEBDOMADAIRE,FGP,CAPITALISANT,0.03,0.03,0.02,ATTIJARIWAFA BANK,WAFA GESTION,158101071.86,2040.96,0.001988,-,-0.004128,-0.011244,0.025,0.001988,0.009237,0.241467,0.324886,0.218498,2026-06-26,Hebdomadaire
MA0000039778,3977,CMIM PERFORMANCE,WAFA GESTION,FCP,OMLT,"]1,1   7]",MBI MT,QUOTIDIENNE,FNPP,MIXTE,0.0,0.0,0.02,ATTIJARIWAFA BANK,WAFA GESTION,1012966.82,10129.67,0.009998,-,0.000482,0.001378,0.007762,0.009998,-,-,-,-,2026-06-26,Hebdomadaire
MA0000039786,3978,FCP AFRICAPITAL TRESORERIE,AFRICAPITAL MANAGEMENT,FCP,MONÉTAIRE,"[0  0,5]",TMP Interbancaire,QUOTIDIENNE,FGP,CAPITALISANT,0.03,0.03,0.02,ATTIJARIWAFA BANK,AFRICAPITAL MANAGEMENT,6581100.08,1013.1,0.009506,-,0.000405,0.001206,0.005598,0.009506,-,-,-,-,2026-06-26,Hebdomadaire
MA0000039794,3979,FCP AFRICAPITAL DYNAMIQUE,AFRICAPITAL MANAGEMENT,FCP,DIVERSIFIÉ,-,70% MBI GLOBAL + 30% MASI,HEBDOMADAIRE,FGP,CAPITALISANT,0.03,0.03,0.02,ATTIJARIWAFA BANK,AFRICAPITAL MANAGEMENT,897806302.81,805.55,-0.048038,-,0.000298,-0.003624,0.007731,-0.048038,-,-,-,-,2026-06-26,Hebdomadaire
MA0000039802,3980,CFG OBLIGATAIRE PLUS,CFG GESTION,FCP,OMLT,]4  8],MBI GLOBAL,QUOTIDIENNE,FGP,CAPITALISANT,0.03,0.015,0.02,CFG BANK,CFG GESTION,1326820.105946,127.58,-0.00685,-,0.003145,-0.00219,0.013827,-0.00685,-0.007992,0.069674,0.166025,0.053455,2026-06-26,Hebdomadaire
MA0000039810,3981,AXA PÉRENNITÉ,CFG GESTION,FCP,DIVERSIFIÉ,-,60% MBI + 40% MASI RB,HEBDOMADAIRE,FNPP,MIXTE,0.0,0.0,0.02,CFG BANK,CFG GROUP,231373793.421709,26665.18,-0.0265,-,-0.005018,-0.016482,0.01559,-0.0265,-0.094288,-0.018938,0.07343,-0.039856,2026-06-26,Hebdomadaire
MA0000039828,3982,SN ACTIONS,CIH CAPITAL MANAGEMENT,FCP,ACTIONS,-,MASI RB,QUOTIDIENNE,FNPP,MIXTE,0.0,0.0,0.02,CIH BANK,CIH CAPITAL MANAGEMENT,635334.77,158833.69,-0.023682,-,-0.008845,-0.026838,0.037366,-0.023682,-0.03278,0.035994,0.0964,0.096301,2026-06-26,Hebdomadaire
MA0000039836,3983,STERLING BOND,STERLING ASSET MANAGEMENT,FCP,OMLT,[2  6],MBI GLOBAL,QUOTIDIENNE,FGP,CAPITALISANT,0.03,0.015,0.02,SAHAM BANK,STERLING ASSET MANAGEMENT,342444923.08,1005.67,-0.000745,-,0.000697,-0.000447,0.011374,-0.000745,-,-,-,-,2026-06-26,Hebdomadaire
MA0000039844,3984,STERLING EQUITY,STERLING ASSET MANAGEMENT,FCP,ACTIONS,-,MASI,QUOTIDIENNE,FGP,CAPITALISANT,0.03,0.015,0.02,ATTIJARIWAFA BANK,STERLING ASSET MANAGEMENT,802833558.14,920.81,-0.008848,-,-0.015629,-0.024462,0.051934,-0.008848,-,-,-,-,2026-06-26,Hebdomadaire
MA0000039851,3985,STERLING SHORT TERM BOND,STERLING ASSET MANAGEMENT,FCP,OCT,"[0,5  1,1]",MBI CT,QUOTIDIENNE,FGP,CAPITALISANT,0.03,0.015,0.02,SAHAM BANK,STERLING ASSET MANAGEMENT,1509111260.69,1016.15,0.013303,-,0.000473,0.00137,0.007396,0.013303,-,-,-,-,2026-06-26,Hebdomadaire
MA0000039869,3986,QUANTUM OPTIMUM CT,QUANTUM CAPITAL GESTION,FCP,OCT,"[0,5 1,1]",MBI CT,QUOTIDIENNE,FGP,CAPITALISANT,0.015,0.02,0.03,BANQUE CENTRALE POPULAIRE,QUANTUM CAPITAL GESTION,1804305712.0,1013.53,0.013034,-,0.000286,0.001146,0.008096,0.013034,-,-,-,-,2026-06-26,Hebdomadaire
MA0000039877,3987,QUANTUM OBLIGATION PLUS,QUANTUM CAPITAL GESTION,FCP,OMLT,[2  6],MBI GLOBAL,QUOTIDIENNE,FGP,CAPITALISANT,0.015,0.02,0.03,BANQUE CENTRALE POPULAIRE,QUANTUM CAPITAL GESTION,190074573.77,1007.29,0.006666,-,0.001083,0.000904,0.013737,0.006666,-,-,-,-,2026-06-26,Hebdomadaire
MA0000039885,3988,QUANTUM OPTIMUM CROISSANCE,QUANTUM CAPITAL GESTION,FCP,ACTIONS,-,MASI,QUOTIDIENNE,FGP,CAPITALISANT,0.015,0.02,0.03,BANQUE CENTRALE POPULAIRE,QUANTUM CAPITAL GESTION,19097713.09,1024.61,0.0352,-,-0.014078,-0.039989,0.091962,0.0352,-,-,-,-,2026-06-26,Hebdomadaire
MA0000039893,3989,FCP ALPHA BALANCE,RED MED ASSET MANAGEMENT,FCP,DIVERSIFIÉ,-,60% MBI GLOBAL + 40% MASI,QUOTIDIENNE,FGP,MIXTE,0.02,0.02,0.02,CREDIT DU MAROC,RED MED ASSET MANAGEMENT; RED MED SECURITIES; RED MED CAPITAL,605419716.99,1105.33,-,-,-0.006123,-0.015235,0.007548,-,-,-,-,-,2026-06-26,Hebdomadaire
MA0000039901,3990,FCP ALPHA EQUITY,RED MED ASSET MANAGEMENT,FCP,ACTIONS,-,MASI,QUOTIDIENNE,FGP,MIXTE,0.02,0.02,0.02,BCP,RED MED ASSET MANAGEMENT; RED MED SECURITIES; RED MED CAPITAL,964577.37,964.57,-,-,-0.01245,-0.031313,-0.035034,-,-,-,-,-,2026-06-26,Hebdomadaire
MA0000039919,3991,FCP ALPHA OPPORTUNITE,RED MED ASSET MANAGEMENT,FCP,OMLT,[6  10],50% MBI MLT + 50% MBI LT,QUOTIDIENNE,FGP,CAPITALISANT,0.02,0.02,0.02,SAHAM BANK,RED MED ASSET MANAGEMENT; RED MED SECURITIES; RED MED CAPITAL,1007924.4,1007.92,-,-,0.003365,-0.002958,0.007144,-,-,-,-,-,2026-06-26,Hebdomadaire
MA0000039927,3992,TWIN PERFORMANCE,TWIN CAPITAL GESTION,FCP,ACTIONS,-,MASI,QUOTIDIENNE,FGP,CAPITALISANT,0.02,0.02,0.02,BCP,TWIN CAPITAL GESTION,995343.83,99.53,-,-,-0.002206,-0.006786,0.009432,-,-,-,-,-,2026-06-26,Hebdomadaire
MA0000039935,3993,TWIN LIQUID BANK,TWIN CAPITAL GESTION,FCP,OCT,"[0,5  1,1]",MBI CT,QUOTIDIENNE,FGP,CAPITALISANT,0.0,0.0,0.01,BCP,TWIN CAPITAL GESTION,1016391.65,1016.39,-,-,0.000433,0.000995,0.015659,-,-,-,-,-,2026-06-26,Hebdomadaire
MA0000039943,3994,FCP STERLING CASH,STERLING ASSET MANAGEMENT,FCP,MONÉTAIRE,"[0  0,5]",MONIA,QUOTIDIENNE,FGP,CAPITALISANT,0.03,0.015,0.02,SAHAM BANK,STERLING ASSET MANAGEMENT,258441969.6,1002.48,-,-,0.000379,0.001288,-,-,-,-,-,-,2026-06-26,Hebdomadaire
MA0000039950,3995,FCP STERLING DYNAMIC,STERLING ASSET MANAGEMENT,FCP,DIVERSIFIÉ,-,70% MBI + 30% MASI,QUOTIDIENNE,FGP,CAPITALISANT,0.03,0.015,0.02,ATTIJARIWAFA BANK,STERLING ASSET MANAGEMENT,212992044.86,976.04,-,-,-0.006848,-0.000839,-,-,-,-,-,-,2026-06-26,Hebdomadaire
MA0000039968,3996,AFG ALLOCATION FUND,AFG ASSET MANAGEMENT,FCP,DIVERSIFIÉ,-,70% MBI GLOBAL + 30% MASI,QUOTIDIENNE,FNPP,MIXTE,0.03,0.03,0.02,ATTIJARIWAFA BANK,AFG ASSET MANAGEMENT,1005309.71,1005.3,-,-,0.001734,0.002813,-,-,-,-,-,-,2026-06-26,Hebdomadaire
MA0000039984,3998,FCP QUANTUM OPTIMUM DIVERSIFIE,QUANTUM CAPITAL GESTION,FCP,DIVERSIFIÉ,-,60% MBI GLOBAL + 40% MASI,QUOTIDIENNE,FGP,CAPITALISANT,0.03,0.015,0.02,BANQUE CENTRALE POPULAIRE,QUANTUM CAPITAL GESTION,255276177.15,1014.47,-,-,-0.002919,-0.009626,-,-,-,-,-,-,2026-06-26,Hebdomadaire
MA0000039992,3999,FCP ALPHAVEST SECUR RENDEMENT,ALPHAVEST ASSET MANAGEMENT,FCP,OMLT,"[1,1  7]",MBI GLOBAL,QUOTIDIENNE,FNPP,CAPITALISANT,0.0,0.0,0.02,CDG,ALPHAVEST ASSET MANAGEMENT,101244555.36,100242.13,-,-,0.001617,-0.003243,-,-,-,-,-,-,2026-06-26,Hebdomadaire
MA0000040008,4000,CNIA ASSURE,CDG CAPITAL GESTION,FCP,OMLT,[4  8[,MBI MLT,HEBDOMADAIRE,FNPP,MIXTE,0.0,0.0,0.02,CDG CAPITAL,CDG CAPITAL GESTION,1311777.63,304004.08,0.005935,-,0.001033,-0.000727,0.012112,0.005935,0.014375,0.150598,0.247049,0.174232,2026-06-26,Hebdomadaire
MA0000040016,4001,UPLINE RENDEMENT,UPLINE CAPITAL MANAGEMENT,FCP,OMLT,"]1,1   5,1]",80%MBI MT + 20% MBI MLT,QUOTIDIENNE,FGP,CAPITALISANT,0.0,0.0,0.02,BCP,UPLINE CAPITAL MANAGEMENT,8050262695.67,2852.56,0.000228,-,0.001432,-0.001033,0.013393,0.000228,0.011973,0.099485,0.175969,0.141508,2026-06-26,Hebdomadaire
MA0000040024,4002,UPLINE OBLIG,UPLINE CAPITAL MANAGEMENT,FCP,OCT,"]0,5 1,1]",MBI CT,QUOTIDIENNE,FGP,CAPITALISANT,0.0,0.0,0.02,BCP,UPLINE CAPITAL MANAGEMENT,5688042799.85,2150.65,0.014051,-,0.000693,0.001709,0.009458,0.014051,0.026936,0.065924,0.107196,0.155797,2026-06-26,Hebdomadaire
MA0000040040,4004,UPLINE ACTIONS,UPLINE CAPITAL MANAGEMENT,FCP,ACTIONS,-,MASI,QUOTIDIENNE,FGP,CAPITALISANT,0.01,0.005,0.02,BCP,UPLINE CAPITAL MANAGEMENT,2836674.3,5065.73,-0.043039,-,-0.017733,-0.042954,0.046241,-0.043039,-0.053462,0.348574,0.55954,0.501709,2026-06-26,Hebdomadaire
MA0000040057,4005,ALISTITMAR CHAABI,UPLINE CAPITAL MANAGEMENT,FCP,DIVERSIFIÉ,-,60% MASI +40% MBI,HEBDOMADAIRE,FGP,CAPITALISANT,0.003,0.003,0.018,BCP,UPLINE CAPITAL MANAGEMENT,42928075.9,5182.93,-0.026698,-,-0.00908,-0.027779,0.028914,-0.026698,-0.020235,0.233508,0.400546,0.336944,2026-06-26,Hebdomadaire
MA0000040065,4006,KENZ RENDEMENT,UPLINE CAPITAL MANAGEMENT,FCP,DIVERSIFIÉ,-,50% MASI + 50% MBI,QUOTIDIENNE,FGP,MIXTE,0.003,0.003,0.02,BCP,UPLINE CAPITAL MANAGEMENT,940982233.2,579.37,-0.029255,-,-0.007571,-0.024203,0.030522,-0.029255,-0.029498,0.265221,0.425475,0.30866,2026-06-26,Hebdomadaire
MA0000040073,4007,ALISTITMAR CHAABI ACTIONS,UPLINE CAPITAL MANAGEMENT,FCP,ACTIONS,-,MASI,HEBDOMADAIRE,FGP,CAPITALISANT,0.005,0.003,0.018,BCP,UPLINE CAPITAL MANAGEMENT,9386784.09,59986.73,-0.045616,-,-0.017265,-0.041604,0.044288,-0.045616,-0.052812,0.341283,0.546678,0.463263,2026-06-26,Hebdomadaire
MA0000040081,4008,KENZ ACTIONS,UPLINE CAPITAL MANAGEMENT,FCP,ACTIONS,-,MASI,HEBDOMADAIRE,FGP,CAPITALISANT,0.005,0.005,0.01,BCP,UPLINE CAPITAL MANAGEMENT,1323457490.4,1140.65,-0.041648,-,-0.017579,-0.043576,0.052115,-0.041648,-0.042838,0.417379,0.644156,0.618678,2026-06-26,Hebdomadaire
MA0000040099,4009,ASSANAD CHAABI,UPLINE CAPITAL MANAGEMENT,FCP,OMLT,]4   8],80% MBI MLT+20% MBI LT,HEBDOMADAIRE,FGP,CAPITALISANT,0.0,0.0,0.01,BCP,UPLINE CAPITAL MANAGEMENT,357550773.15,3998.78,-0.01092,-,0.000591,-0.004305,0.007777,-0.01092,-0.005902,0.118627,0.245319,0.20529,2026-06-26,Hebdomadaire
MA0000040107,4010,AL AMAL,UPLINE CAPITAL MANAGEMENT,FCP,OCT,"]0,5 1,1]",90% MBI CT + 10%MBI MT,QUOTIDIENNE,FGP,CAPITALISANT,0.0,0.0,0.0025,BCP,UPLINE CAPITAL MANAGEMENT,4876003895.87,3254.65,0.013048,-,0.000526,0.001372,0.008587,0.013048,0.025006,0.062989,0.102251,0.146121,2026-06-26,Hebdomadaire
MA0000040115,4011,KENZ OBLIGATIONS,UPLINE CAPITAL MANAGEMENT,FCP,OMLT,]3  7],30% MBI MT + 70% MBI MLT,HEBDOMADAIRE,FGP,CAPITALISANT,0.0,0.0,0.008,BCP,UPLINE CAPITAL MANAGEMENT,653616898.04,274.92,-0.005319,-,0.000764,-0.004274,0.011702,-0.005319,0.001676,0.116971,0.226774,0.14388,2026-06-26,Hebdomadaire
MA0000040123,4012,ALISTITMAR CHAABI TRESORERIE,UPLINE CAPITAL MANAGEMENT,FCP,MONÉTAIRE,"]0  0,5]",MBI CT,QUOTIDIENNE,FGP,CAPITALISANT,0.0,0.0,0.0025,BCP,UPLINE CAPITAL MANAGEMENT,222317564.2,597261.8,0.010567,-,0.000401,0.001418,0.005389,0.010567,0.02109,0.047626,0.077904,0.114746,2026-06-26,Hebdomadaire
MA0000040131,4013,FCP UPLINE BALANCED FUND,UPLINE CAPITAL MANAGEMENT,FCP,DIVERSIFIÉ,-,70% MBI + 30% MASI,HEBDOMADAIRE,FNPP,MIXTE,0.0,0.0,0.02,BCP,UPLINE CAPITAL MANAGEMENT,278803124.6,262033.01,-0.023994,-,-0.004298,-0.012581,0.025173,-0.023994,-0.025155,0.178421,0.267518,0.309608,2026-06-26,Hebdomadaire
MA0000040149,4014,KENZ PLUS,UPLINE CAPITAL MANAGEMENT,FCP,MONÉTAIRE,"]0  0,5]",MBI CT,QUOTIDIENNE,FGP,CAPITALISANT,0.0,0.0,0.003,BCP,UPLINE CAPITAL MANAGEMENT,3872083008.94,212.11,0.011444,-,0.000424,0.001369,0.006214,0.011444,0.02266,0.052394,0.086518,0.12561,2026-06-26,Hebdomadaire
MA0000040156,4015,ATTIJARI AL MOUCHARAKA,WAFA GESTION,FCP,ACTIONS,-,MASI,HEBDOMADAIRE,FGP,CAPITALISANT,0.03,0.015,0.02,ATTIJARIWAFA BANK,WAFA GESTION,666521995.48,1350.74,0.024903,-,-0.024257,-0.05279,0.076922,0.024903,0.023311,0.444024,0.582905,0.475283,2026-06-26,Hebdomadaire
MA0000040164,4016,PROFIL SERENITE,WAFA GESTION,FCP,OMLT,"]1,1  5]",5% MASI + 95% MBI MT,HEBDOMADAIRE,FGP,CAPITALISANT,0.01,0.0,0.01,ATTIJARIWAFA BANK,WAFA GESTION,1186589712.38,309.89,0.005679,-,0.000807,0.000291,0.017835,0.005679,0.020147,0.094747,0.155702,0.128062,2026-06-26,Hebdomadaire
MA0000040172,4017,PROFIL HARMONIE,WAFA GESTION,FCP,DIVERSIFIÉ,-,40% MASI + 60% MBI MT,HEBDOMADAIRE,FGP,CAPITALISANT,0.015,0.0025,0.015,ATTIJARIWAFA BANK,WAFA GESTION,1237166965.59,627.74,0.014907,-,-0.013003,-0.04052,0.043676,0.014907,0.025283,0.249731,0.364623,0.324765,2026-06-26,Hebdomadaire
MA0000040180,4018,OBLIDYNAMIC,WAFA GESTION,SICAV,OCT,"]0,5  1,1]",MBI CT,QUOTIDIENNE,FGP,CAPITALISANT,0.03,0.015,0.02,ATTIJARIWAFA BANK,WAFA GESTION,1389002731.77,210.28,0.013056,-,0.000714,0.001715,0.008634,0.013056,0.025356,0.059665,0.097037,0.127265,2026-06-26,Hebdomadaire
MA0000040198,4019,PATRIMOINE AL MOUSSAHAMA,WAFA GESTION,FCP,ACTIONS,-,-,HEBDOMADAIRE,FGP,CAPITALISANT,0.03,0.01,0.02,ATTIJARIWAFA BANK,WAFA GESTION,204395404.72,1306.31,0.028672,-,-0.024202,-0.05146,0.077218,0.028672,0.014909,0.430773,0.619426,0.518347,2026-06-26,Hebdomadaire
MA0000040214,4021,PATRIMOINE OBLIGATIONS,WAFA GESTION,FCP,OMLT,]3   7],MBI MLT,QUOTIDIENNE,FGP,CAPITALISANT,0.03,0.01,0.02,ATTIJARIWAFA BANK,WAFA GESTION,2219992330.64,424.98,-0.000917,-,0.001154,-0.000494,0.01631,-0.000917,0.012894,0.086711,0.154147,0.124583,2026-06-26,Hebdomadaire
MA0000040222,4022,WAFA ASSURANCE SECURITE,WAFA GESTION,FCP,OMLT,]4  8],MBI MLT,HEBDOMADAIRE,FNPP,DISTRIBUANT,0.03,0.015,0.02,ATTIJARIWAFA BANK,WAFA GESTION,5351367898.45,27453.08,-0.005234,-,0.002785,-0.001306,0.012866,-0.005234,0.002987,0.106525,0.212489,0.161872,2026-06-26,Hebdomadaire
MA0000040248,4024,CAP OBLIGATIONS,WAFA GESTION,FCP,OCT,"[0,5  1,1[",MBI CT,QUOTIDIENNE,FGP,CAPITALISANT,0.01,0.0,0.02,ATTIJARIWAFA BANK,WAFA GESTION,1976259482.76,314.03,0.013949,-,0.00051,0.001307,0.008316,0.013949,0.027652,0.060124,0.094334,0.110117,2026-06-26,Hebdomadaire
MA0000040255,4025,PROFIL DYNAMIQUE,WAFA GESTION,FCP,ACTIONS,-,75% MASI + 25% MBI MT,HEBDOMADAIRE,FGP,CAPITALISANT,0.02,0.005,0.02,ATTIJARIWAFA BANK,WAFA GESTION,484876930.4,865.12,0.010064,-,-0.019661,-0.046511,0.062018,0.010064,-0.000578,0.343542,0.478459,0.375805,2026-06-26,Hebdomadaire
MA0000040263,4026,ATTIJARI SECURITE,WAFA GESTION,FCP,OMLT,"[1,1  5[",MBI MT,HEBDOMADAIRE,FGP,CAPITALISANT,0.03,0.015,0.02,ATTIJARIWAFA BANK,WAFA GESTION,2015975085.46,2338.09,0.003649,-,0.00113,0.00128,0.014026,0.003649,0.00959,0.075088,0.140293,0.113138,2026-06-26,Hebdomadaire
MA0000040271,4027,CAP MONETAIRE PREMIERE,WAFA GESTION,FCP,MONÉTAIRE,"[0,1  0,5[",TMP,QUOTIDIENNE,FGP,CAPITALISANT,0.0,0.0,0.0065,ATTIJARIWAFA BANK,WAFA GESTION,25388514785.1,212831.28,0.011786,-,0.000531,0.001632,0.0064,0.011786,0.023288,0.053396,0.087683,0.130364,2026-06-26,Hebdomadaire
MA0000040289,4028,GROUPE MCMA-MAMDA OPTIMISATION,WAFA GESTION,FCP,OMLT,"]4,5 8,5]",MBI MLT,HEBDOMADAIRE,FNPP,CAPITALISANT,0.03,0.015,0.02,ATTIJARIWAFA BANK,WAFA GESTION,1042185568.14,26679.69,-0.010585,-,0.002333,-0.002917,0.014952,-0.010585,-0.006753,0.094498,0.203276,0.152865,2026-06-26,Hebdomadaire
MA0000040297,4029,WAFA ASSURANCE STRATEGIE,WAFA GESTION,FCP,ACTIONS,-,70% MASI + 30% MBI MT,HEBDOMADAIRE,FNPP,DISTRIBUANT,0.03,0.015,0.02,ATTIJARIWAFA BANK,WAFA GESTION,646405003.97,410847.07,0.014228,-,-0.019615,-0.050401,0.071896,0.014228,0.013074,0.409962,0.5719,0.534703,2026-06-26,Hebdomadaire
MA0000040305,4030,WAFA ASSURANCE OPTIMISATION,WAFA GESTION,FCP,DIVERSIFIÉ,-,50% CFG 25 FLOTTANT + 50% MBI MT,HEBDOMADAIRE,FNPP,DISTRIBUANT,0.03,0.015,0.02,ATTIJARIWAFA BANK,WAFA GESTION,2638452879.08,28809.9,0.005216,-,-0.007215,-0.030929,0.033274,0.005216,0.026995,0.283033,0.425091,0.407935,2026-06-26,Hebdomadaire
MA0000040313,4031,FCP CAP INSTITUTIONS,WAFA GESTION,FCP,OCT,"]0,5  1,1]",MBI CT,QUOTIDIENNE,FGP,CAPITALISANT,0.001,0.0,0.007,ATTIJARIWAFA BANK,WAFA GESTION,2265274634.26,685604.4,0.012572,-,0.000564,0.001476,0.008068,0.012572,0.025231,0.057983,0.097013,0.139527,2026-06-26,Hebdomadaire
MA0000040339,4033,ATTIJARI MONETAIRE JOUR,WAFA GESTION,FCP,MONÉTAIRE,"[0  0,5[",TMP,QUOTIDIENNE,FGP,CAPITALISANT,0.0,0.0,0.02,ATTIJARIWAFA BANK,WAFA GESTION,445961051.3,239.46,0.008805,-,0.000334,0.001171,0.004362,0.008805,0.01729,0.038962,0.064929,0.095626,2026-06-26,Hebdomadaire
MA0000040347,4034,PATRIMOINE ACTIONS,WAFA GESTION,FCP,ACTIONS,-,MASI,QUOTIDIENNE,FGP,CAPITALISANT,0.03,0.015,0.02,ATTIJARIWAFA BANK,WAFA GESTION,2229306537.87,1939.89,-0.005287,-,-0.019416,-0.043329,0.06537,-0.005287,-0.000531,0.397686,0.555808,0.533619,2026-06-26,Hebdomadaire
MA0000040362,4036,FCP CAT VALEURS,WAFA GESTION,FCP,OMLT,]5  9],MBI MLT,HEBDOMADAIRE,FNPP,CAPITALISANT,0.03,0.015,0.02,ATTIJARIWAFA BANK,WAFA GESTION,1754486853.01,266417.66,-0.005355,-,0.002526,-0.001754,0.012441,-0.005355,-0.000741,0.101465,0.175552,0.086217,2026-06-26,Hebdomadaire
MA0000040370,4037,WAFA ASSURANCE EXPANSION,WAFA GESTION,FCP,ACTIONS,-,CFG 25 FLOTTANT,HEBDOMADAIRE,FNPP,DISTRIBUANT,0.03,0.015,0.02,ATTIJARIWAFA BANK,WAFA GESTION,957863741.27,50368.07,0.009876,-,-0.015274,-0.047138,0.055227,0.009876,0.018008,0.404459,0.585738,0.567502,2026-06-26,Hebdomadaire
MA0000040388,4038,WG OBLIGATIONS,WAFA GESTION,SICAV,OMLT,[1.1  5[,MBI MT,QUOTIDIENNE,FGP,MIXTE,0.0,0.0,0.0125,ATTIJARIWAFA BANK,WAFA GESTION,359503652.62,178.42,0.006487,-,5.6e-05,-0.001232,0.011681,0.006487,0.018263,0.076051,0.131317,0.045777,2026-06-26,Hebdomadaire
MA0000040396,4039,OBLITOP,WAFA GESTION,SICAV,OCT,"]0,5  1,1]",MBI CT,QUOTIDIENNE,FGP,CAPITALISANT,0.0,0.01,0.01,ATTIJARIWAFA BANK,WAFA GESTION,13359665668.18,2386.88,0.014024,-,0.000553,0.001586,0.008953,0.014024,0.027804,0.066238,0.106902,0.146645,2026-06-26,Hebdomadaire
MA0000040412,4041,AL IDDIKHAR CHAABI MOUTAWASSIT AL MADA,UPLINE CAPITAL MANAGEMENT,FCP,OMLT,]3  7],30% MBI MT + 70% MBI MLT,QUOTIDIENNE,FGP,CAPITALISANT,0.0,0.0,0.02,BCP,UPLINE CAPITAL MANAGEMENT,356821959.26,224.84,-0.025823,-,-0.001776,-0.004163,0.014255,-0.025823,-0.011388,0.077336,0.167515,0.152317,2026-06-26,Hebdomadaire
MA0000040420,4042,AL IDDIKHAR CHAABI TAWIL AL MADA,UPLINE CAPITAL MANAGEMENT,FCP,OMLT,]4  8],80%MBI MLT + 20% MBI LT,QUOTIDIENNE,FGP,CAPITALISANT,0.0,0.0,0.02,BCP,UPLINE CAPITAL MANAGEMENT,4286251.12,229.1,-0.006849,-,0.00245,-0.00322,0.007343,-0.006849,-0.001177,0.07827,0.145557,0.12348,2026-06-26,Hebdomadaire
MA0000040438,4043,AL IDDIKHAR CHAABI KASSIR AL MADA,UPLINE CAPITAL MANAGEMENT,FCP,OMLT,"]1,1   5,1]",MBI,QUOTIDIENNE,FGP,MIXTE,0.0,0.0,0.008,BCP,UPLINE CAPITAL MANAGEMENT,227507228.26,209.95,0.003873,-,0.001049,0.001192,0.009375,0.003873,0.012881,0.087824,0.142958,0.180821,2026-06-26,Hebdomadaire
MA0000040446,4044,CDG CASH,CDG CAPITAL GESTION,FCP,MONÉTAIRE,"[0  0,5[",80% TMP + 20% MBI CT,QUOTIDIENNE,FGP,CAPITALISANT,0.0,0.0,0.006,CDG CAPITAL,CDG CAPITAL GESTION,255129974.93,2317.06,0.016219,-,0.000358,0.001305,0.010815,0.016219,0.030501,0.074808,0.116397,0.146571,2026-06-26,Hebdomadaire
MA0000040453,4045,ATLANTA PERFORMANCE,CDG CAPITAL GESTION,FCP,OMLT,[3  7[,MBI GLOBAL,HEBDOMADAIRE,FNPP,CAPITALISANT,0.03,0.015,0.02,CDG CAPITAL,CDG CAPITAL GESTION,719666099.68,2366.54,-0.007037,-,0.001316,-0.00268,0.013851,-0.007037,0.004268,0.11616,0.225203,0.169796,2026-06-26,Hebdomadaire
MA0000040461,4046,CDG OBLIGATIONS,CDG CAPITAL GESTION,FCP,OMLT,[3  7[,40% MBI MT + 60% MBI MLT,HEBDOMADAIRE,FNPP,CAPITALISANT,0.03,0.015,0.02,CDG CAPITAL,CDG CAPITAL GESTION,1152466499.48,2541.83,-0.006574,-,0.001466,-0.0021,0.015165,-0.006574,0.002137,0.097717,0.191965,0.147698,2026-06-26,Hebdomadaire
MA0000040495,4049,CAP SECURIVALO,WAFA GESTION,FCP,OMLT,[5  9[,MBI MLT,HEBDOMADAIRE,FNPP,CAPITALISANT,0.03,0.015,0.02,ATTIJARIWAFA BANK,WAFA GESTION,952279954.88,156.41,-0.005211,-,0.002243,-0.002296,0.011119,-0.005211,0.005818,0.107155,0.213055,0.152458,2026-06-26,Hebdomadaire
MA0000040503,4050,FCP CKG BONDS,CDG CAPITAL GESTION,FCP,OMLT,]4  8],MBI MLT,QUOTIDIENNE,FGP,CAPITALISANT,0.03,0.015,0.01,CDG,CDG CAPITAL GESTION; CDG,737110223.02,2656.36,-0.010154,-,0.0024,-0.001886,0.016773,-0.010154,-0.000854,0.105053,0.192723,0.147927,2026-06-26,Hebdomadaire
MA0000040529,4052,FH2 OBLIGATAIRE DYNAMIQUE III,CDG CAPITAL GESTION,FCP,OMLT,"[1,1  7,1[",MBI Global,HEBDOMADAIRE,FNPP,MIXTE,0.0,0.0,0.02,CDG CAPITAL,CDG CAPITAL GESTION,1794944897.88,179.45,-0.005487,-,0.002122,-0.003166,0.008769,-0.005487,0.001451,0.033817,0.066694,0.033579,2026-06-26,Hebdomadaire
MA0000040545,4054,CDG OBLIG PLUS,CDG CAPITAL GESTION,FCP,OMLT,[4  8[,MBI MLT,HEBDOMADAIRE,FNPP,CAPITALISANT,0.03,0.015,0.02,CDG CAPITAL,CDG CAPITAL GESTION,2523723.34,210310.27,-0.002506,-,0.002642,-0.000211,0.015074,-0.002506,0.001847,0.067,0.128493,0.093502,2026-06-26,Hebdomadaire
MA0000040552,4055,UPLINE BONDS,UPLINE CAPITAL MANAGEMENT,FCP,OMLT,"]2,5  6,5]",50% MBI MT + 50% MBI MLT,QUOTIDIENNE,FGP,MIXTE,0.0,0.0,0.02,BCP,UPLINE CAPITAL MANAGEMENT,1799649.91,0.67,0,-,0.0,0,0,0,0,0.080645,0.135593,0.098361,2026-06-26,Hebdomadaire
MA0000040578,4057,CDG RENDEMENT,CDG CAPITAL GESTION,FCP,OMLT,[4  8[,95% MBI MLT + 5% MASI,HEBDOMADAIRE,FGP,CAPITALISANT,0.03,0.015,0.02,CDG CAPITAL,CDG CAPITAL GESTION,371065345.83,2277.46,-0.011159,-,0.001403,-0.002431,0.011463,-0.011159,-0.003247,0.08023,0.160276,0.10631,2026-06-26,Hebdomadaire
MA0000040586,4058,FCP EDUCATION,CDG CAPITAL GESTION,FCP,OMLT,[4  8[,95% MBI MLT + 5% MASI,HEBDOMADAIRE,FNPP,CAPITALISANT,0.03,0.015,0.02,CDG CAPITAL,CDG CAPITAL GESTION,3440770259.85,2372.59,-0.012573,-,0.001752,-0.002174,0.015159,-0.012573,-0.006994,0.114274,0.223476,0.148915,2026-06-26,Hebdomadaire
MA0000040594,4059,CDG DYNAMIC COURT TERME,CDG CAPITAL GESTION,FCP,OCT,"]0,5  1,1]",80% MBI CT + 20% MBI MT,QUOTIDIENNE,FNPP,CAPITALISANT,0.03,0.015,0.02,CDG CAPITAL,CDG CAPITAL GESTION,1196410911.08,1193.75,0.011567,-,0.000562,0.001267,0.008516,0.011567,0.024089,0.06723,0.100109,0.143636,2026-06-26,Hebdomadaire
MA0000040602,4060,CDG BONDS DYNAMIQUE,CDG CAPITAL GESTION,FCP,OMLT,[3  7[,MBI GLOBAL,HEBDOMADAIRE,FGP,CAPITALISANT,0.03,0.015,0.02,CDG CAPITAL,CDG CAPITAL GESTION,4088305370.53,1912.62,-0.003091,-,0.002012,-0.00203,0.010044,-0.003091,0.003094,0.095913,0.186312,0.158953,2026-06-26,Hebdomadaire
MA0000040610,4061,FH2 ACTIONS II,CDG CAPITAL GESTION,FCP,ACTIONS,-,MASI RB,QUOTIDIENNE,FNPP,CAPITALISANT,0.03,0.015,0.02,CDG CAPITAL,CDG CAPITAL GESTION,874721145.23,8089.3,-0.089543,-,-0.013512,-0.02418,0.023704,-0.089543,-0.090499,0.260791,0.468736,0.424702,2026-06-26,Hebdomadaire
MA0000040636,4063,CDG MONEY PREMIUM,CDG CAPITAL GESTION,FCP,MONÉTAIRE,"<= 0,5",60% TMP + 40% MBI CT,QUOTIDIENNE,FGP,CAPITALISANT,0.03,0.015,0.02,CDG CAPITAL,CDG CAPITAL GESTION,7041463215.81,1668.75,0.012388,-,0.000432,0.001428,0.006733,0.012388,0.024106,0.052979,0.087459,0.129251,2026-06-26,Hebdomadaire
MA0000040644,4064,CAT EVOLUTION,CDG CAPITAL GESTION,FCP,DIVERSIFIÉ,-,50% MBI GLOBAL + 50% MASI,HEBDOMADAIRE,FNPP,MIXTE,0.03,0.015,0.02,CDG CAPITAL,CDG CAPITAL GESTION,245497942.36,1747.58,-0.056078,-,-0.002546,-0.009662,0.021276,-0.056078,-0.044548,0.19349,0.33467,0.236298,2026-06-26,Hebdomadaire
MA0000040651,4065,ATLANTA AVENIR,CDG CAPITAL GESTION,FCP,ACTIONS,-,CFG 25 FLOTTANT,HEBDOMADAIRE,FNPP,CAPITALISANT,0.03,0.015,0.02,CDG CAPITAL,CDG CAPITAL GESTION,596980464.02,5011.08,-0.098521,-,-0.013033,-0.022055,0.015748,-0.098521,-0.098233,0.235394,0.420592,0.333515,2026-06-26,Hebdomadaire
MA0000040669,4066,AXA OBLIG,CDG CAPITAL GESTION,FCP,OMLT,[2  6[,MBI GLOBAL,HEBDOMADAIRE,FNPP,MIXTE,0.03,0.015,0.02,CDG CAPITAL,CDG CAPITAL GESTION,651716.41,1073.66,0.010523,-,0.000792,0.001296,0.009933,0.010523,0.019262,0.060541,0.11321,0.04878,2026-06-26,Hebdomadaire
MA0000040677,4067,FCP INSTITUTIONS,CDG CAPITAL GESTION,FCP,OCT,"]0,5  1,1]",90% MBI CT + 10% MBI MT,QUOTIDIENNE,FGP,CAPITALISANT,0.03,0.015,0.02,CDG CAPITAL,CDG CAPITAL GESTION,631839.43,1759.99,0.009556,-,0.000387,0.001121,0.005783,0.009556,0.020053,0.046604,0.081095,0.124601,2026-06-26,Hebdomadaire
MA0000040693,4069,CDG OBLIG SELECTION,CDG CAPITAL GESTION,FCP,OMLT,[2  6[,80% MBI MT + 20% MBI MLT,HEBDOMADAIRE,FGP,CAPITALISANT,0.03,0.015,0.02,CDG CAPITAL,CDG CAPITAL GESTION,123510475.44,2004.87,0.003042,-,0.000834,-0.000279,0.017773,0.003042,0.02341,0.121687,0.209874,0.206786,2026-06-26,Hebdomadaire
MA0000040701,4070,CNIA AVENIR,CDG CAPITAL GESTION,FCP,DIVERSIFIÉ,-,50% MBI GLOBAL + 50% MASI,HEBDOMADAIRE,FNPP,MIXTE,0.03,0.015,0.02,CDG CAPITAL,CDG CAPITAL GESTION,1190941.78,2835.57,-0.033713,-,-0.009591,-0.019929,0.022424,-0.033713,-0.02547,0.227902,0.363248,0.346028,2026-06-26,Hebdomadaire
MA0000040719,4071,RMA DYNAMIQUE,RMA ASSET MANAGEMENT,FCP,ACTIONS,-,MASI,HEBDOMADAIRE,FGP,DISTRIBUANT,0.03,0.03,0.02,BANK OF AFRICA,RMA ASSET MANAGEMENT,8662091854.99,111939.36,-0.038441,-,-0.004174,-0.01213,0.029035,-0.038441,-0.072427,0.245484,0.384248,0.315774,2026-06-26,Hebdomadaire
MA0000040727,4072,RMA EQUITY MARKET,RMA ASSET MANAGEMENT,FCP,ACTIONS,-,MASI,HEBDOMADAIRE,FGP,CAPITALISANT,0.03,0.03,0.02,BANK OF AFRICA,RMA ASSET MANAGEMENT,125007842.5,257.67,-0.068371,-,-0.015023,-0.029601,0.026656,-0.068371,-0.067325,0.393866,0.571159,0.478822,2026-06-26,Hebdomadaire
MA0000040735,4073,RMA EXPANSION,RMA ASSET MANAGEMENT,FCP,ACTIONS,-,MASI,HEBDOMADAIRE,FGP,DISTRIBUANT,0.03,0.03,0.02,BANK OF AFRICA,RMA ASSET MANAGEMENT,1530125422.73,316011.03,0.006879,-,-0.009796,-0.026884,0.055783,0.006879,0.012512,0.36569,0.466191,0.509964,2026-06-26,Hebdomadaire
MA0000040743,4074,RMA OBLIGATIONS,RMA ASSET MANAGEMENT,FCP,OMLT,]6  10],50% MBI MLT + 50% MBI LT,HEBDOMADAIRE,FGP,DISTRIBUANT,0.03,0.03,0.02,BANK OF AFRICA,RMA ASSET MANAGEMENT,9897323824.57,392408.37,-0.012862,-,0.002928,-0.002587,0.010685,-0.012862,-0.007695,0.102317,0.213899,0.128363,2026-06-26,Hebdomadaire
MA0000040750,4075,FCP OPPORTUNITES,CDG CAPITAL GESTION,FCP,ACTIONS,-,MASI,HEBDOMADAIRE,FNPP,CAPITALISANT,0.03,0.015,0.02,CDG CAPITAL,CDG CAPITAL GESTION,766128281.1,2884.96,-0.092312,-,-0.010699,-0.023547,0.014702,-0.092312,-0.081878,0.270639,0.487269,0.469033,2026-06-26,Hebdomadaire
MA0000040768,4076,FCP OBLIG COURT TERME,CDG CAPITAL GESTION,FCP,OCT,"[0,5  1,1[",75% MBI CT + 25% MBI MT,QUOTIDIENNE,FGP,CAPITALISANT,0.03,0.015,0.02,CDG CAPITAL,CDG CAPITAL GESTION,4963297859.56,1675.3,0.014116,-,0.000567,0.001471,0.009144,0.014116,0.028732,0.068288,0.109529,0.151211,2026-06-26,Hebdomadaire
MA0000040776,4077,FCP LIQUIDITES,CDG CAPITAL GESTION,FCP,MONÉTAIRE,"[0  0,5[",70% TMP + 30% MBI CT,QUOTIDIENNE,FNPP,CAPITALISANT,0.03,0.015,0.02,CDG CAPITAL,CDG CAPITAL GESTION,2427355539.43,3421.49,0.011461,-,0.00045,0.001437,0.006176,0.011461,0.022213,0.049427,0.081573,0.119063,2026-06-26,Hebdomadaire
MA0000040784,4078,FCP SECURITE,CDG CAPITAL GESTION,FCP,OMLT,"[2,5  6,5[",MBI GLOBAL,HEBDOMADAIRE,FNPP,CAPITALISANT,0.03,0.015,0.02,CDG CAPITAL,CDG CAPITAL GESTION,858104187.92,2052.45,-0.013174,-,0.001224,-0.003433,0.01311,-0.013174,-0.004762,0.123996,0.228137,0.142751,2026-06-26,Hebdomadaire
MA0000040792,4079,FCP ALLOCATIONS,CDG CAPITAL GESTION,FCP,DIVERSIFIÉ,-,55% MBI Global +45% Masi RB,QUOTIDIENNE,FGP,CAPITALISANT,0.0,0.0,0.02,CDG CAPITAL,CDG CAPITAL GESTION,1396343.59,1886.95,-0.025416,-,-0.006915,-0.009267,-0.002548,-0.025416,-0.004248,0.06472,0.126114,0.12463,2026-06-26,Hebdomadaire
MA0000040818,4081,AL IDDIKHAR CHAABI ACTIONS,UPLINE CAPITAL MANAGEMENT,FCP,ACTIONS,-,MASI,HEBDOMADAIRE,FGP,CAPITALISANT,0.002,0.001,0.02,BCP,UPLINE CAPITAL MANAGEMENT,37105711.91,311.17,-0.051976,-,-0.015845,-0.041404,0.042446,-0.051976,-0.063305,0.330469,0.520647,0.445487,2026-06-26,Hebdomadaire
MA0000040826,4082,AL BADIL CHAABI ASSHOUM,UPLINE CAPITAL MANAGEMENT,FCP,ACTIONS,-,MASI,HEBDOMADAIRE,FGP,CAPITALISANT,0.005,0.005,0.02,BCP,UPLINE CAPITAL MANAGEMENT,600984790.92,4731.52,-0.001909,-,-0.01736,-0.045676,0.065403,-0.001909,-3.8e-05,0.515114,0.765763,0.670894,2026-06-26,Hebdomadaire
MA0000040842,4084,CDG MULTIGESTION,CDG CAPITAL GESTION,FCP,DIVERSIFIÉ,-,85% MBI GLOBAL + 15% MASI,HEBDOMADAIRE,FGP,CAPITALISANT,0.03,0.015,0.02,CDG CAPITAL,CDG CAPITAL GESTION,1479324.22,2113.32,-0.002144,-,-0.000846,-0.002544,0.015463,-0.002144,0.016669,0.140677,0.214531,0.200402,2026-06-26,Hebdomadaire
MA0000040859,4085,CDG OBLIG PREMIUM,CDG CAPITAL GESTION,FCP,OMLT,[2  6[,80% MBI MT + 20% MBI MLT,HEBDOMADAIRE,FGP,CAPITALISANT,0.03,0.015,0.02,CDG CAPITAL,CDG CAPITAL GESTION,455370581.8,1839.69,-0.007547,-,0.001944,-0.00139,0.015965,-0.007547,0.00189,0.11173,0.199183,0.144598,2026-06-26,Hebdomadaire
MA0000040941,4094,RMA RENDEMENT PLUS,RMA ASSET MANAGEMENT,FCP,OMLT,]4  8],MBI MLT,HEBDOMADAIRE,FGP,DISTRIBUANT,0.03,0.03,0.02,BANK OF AFRICA,RMA ASSET MANAGEMENT,3691436527.59,160.59,-0.005142,-,0.004692,0,0.019425,-0.005142,0.002497,0.107492,0.19862,0.135666,2026-06-26,Hebdomadaire
MA0000040958,4095,RMA MULTISTRATEGIES,RMA ASSET MANAGEMENT,FCP,ACTIONS,-,MASI,HEBDOMADAIRE,FGP,DISTRIBUANT,0.03,0.03,0.02,BANK OF AFRICA,RMA ASSET MANAGEMENT,2222347946.09,198.07,-0.015752,-,-0.008063,-0.020232,0.040885,-0.015752,-0.049139,0.302607,0.450395,0.375066,2026-06-26,Hebdomadaire
MA0000040966,4096,RMA PERFORMANCE,RMA ASSET MANAGEMENT,FCP,ACTIONS,-,MASI,HEBDOMADAIRE,FGP,DISTRIBUANT,0.03,0.03,0.02,BANK OF AFRICA,RMA ASSET MANAGEMENT,1228388839.13,294.85,0.006383,-,-0.00954,-0.021147,0.049288,0.006383,-0.035741,0.354793,0.483177,0.402971,2026-06-26,Hebdomadaire
MA0000040974,4097,FORCE MUTUELLE,CDG CAPITAL GESTION,FCP,OMLT,[3  7[,MBI GLOBAL,HEBDOMADAIRE,FNPP,MIXTE,0.03,0.015,0.02,CDG,CDG CAPITAL GESTION,1324293927.68,1620.21,-0.010529,-,0.00144,-0.004332,0.01102,-0.010529,-0.002309,0.099051,0.180489,0.081743,2026-06-26,Hebdomadaire
MA0000040982,4098,CDG CITOYENNETE,CDG CAPITAL GESTION,FCP,OMLT,[3  7[,MBI GLOBAL,HEBDOMADAIRE,FNPP,CAPITALISANT,0.0,0.015,0.01,CDG CAPITAL,CDG CAPITAL GESTION,1131077.45,1468.93,0.000116,-,0.000736,-0.000762,0.00713,0.000116,0.002388,0.046656,0.095742,0.030553,2026-06-26,Hebdomadaire
MA0000040990,4099,AL IJTIMAI SERENITE,CDG CAPITAL GESTION,FCP,OMLT,"[1,1  7[",MBI GLOBAL,HEBDOMADAIRE,FNPP,CAPITALISANT,0.03,0.015,0.02,CDG,CDG CAPITAL GESTION,216452739.63,2029.87,-0.008538,-,0.001653,-0.00306,0.012374,-0.008538,-0.002786,0.116884,0.212123,0.099831,2026-06-26,Hebdomadaire
MA0000041006,4100,FCP ALPHA DYNAMIC FUND,RED MED ASSET MANAGEMENT,FCP,ACTIONS,-,MASI,HEBDOMADAIRE,FGP,CAPITALISANT,0.03,0.015,0.02,CREDIT DU MAROC,RED MED ASSET MANAGEMENT,1487415618.42,261.77,-0.076356,-,-0.014976,-0.035767,0.024219,-0.076356,-0.099394,0.407366,0.741998,0.700799,2026-06-26,Hebdomadaire
MA0000041014,4101,FCP ALPHA INCOME FUND,RED MED ASSET MANAGEMENT,FCP,OMLT,"[1,5  5,5[",MBI MLT,HEBDOMADAIRE,FGP,CAPITALISANT,0.03,0.015,0.012,CDM,RED MED ASSET MANAGEMENT,2501097126.07,162.07,-0.00911,-,0.000741,-0.004423,0.010223,-0.00911,-0.002032,0.097292,0.184289,0.11811,2026-06-26,Hebdomadaire
MA0000041022,4102,FCP ALPHA MONETAIRE,RED MED ASSET MANAGEMENT,FCP,MONÉTAIRE,"<0,5",MBI MONETAIRE,QUOTIDIENNE,FGP,CAPITALISANT,0.0,0.0,0.008,CDM,RED MED ASSET MANAGEMENT,1814716805.02,153.77,0.012244,-,0.000455,0.001302,0.006809,0.012244,0.024177,0.05546,0.090335,0.136427,2026-06-26,Hebdomadaire
MA0000041030,4103,DAR AD-DAMANE FUND,CDG CAPITAL GESTION,FCP,OMLT,[3  7[,MBI GLOBAL,HEBDOMADAIRE,FNPP,MIXTE,0.03,0.015,0.02,BCP,CDG CAPITAL GESTION,597811.01,1850.9,0.005432,-,0.00073,-0.000583,0.012306,0.005432,0.011222,0.057554,0.098809,0.098685,2026-06-26,Hebdomadaire
MA0000041048,4104,CDG SMALL & MID CAP,CDG CAPITAL GESTION,FCP,ACTIONS,-,95% MASI FLOTTANT + 5% MSCI Europe Small Cap.,HEBDOMADAIRE,FGP,CAPITALISANT,0.03,0.015,0.02,CDG CAPITAL,CDG CAPITAL GESTION,1018907062.48,2542.43,-0.085625,-,-0.013545,-0.023907,0.023865,-0.085625,-0.084096,0.244654,0.428588,0.34214,2026-06-26,Hebdomadaire
MA0000041089,4108,RMA DIVERSIFIE,RMA ASSET MANAGEMENT,FCP,DIVERSIFIÉ,-,50% MASI + 50% MBI MLT,HEBDOMADAIRE,FGP,CAPITALISANT,0.03,0.03,0.02,BANK OF AFRICA,RMA ASSET MANAGEMENT,474663135.59,221.91,-0.039933,-,-0.006358,-0.018141,0.032092,-0.039933,-0.028415,0.340765,0.452005,0.475465,2026-06-26,Hebdomadaire
MA0000041097,4109,RMA TRESO PLUS,RMA ASSET MANAGEMENT,FCP,MONÉTAIRE,"< 0,5",TMP,QUOTIDIENNE,FGP,CAPITALISANT,0.0,0.0,0.01,BANK OF AFRICA,RMA ASSET MANAGEMENT,143030082.75,102.71,0.037265,-,0.00039,0.001365,0.007949,0.037265,0.048382,0.107147,0.191255,0.324778,2026-06-26,Hebdomadaire
MA0000041113,4111,CMR ASHOUM,CDG CAPITAL GESTION,FCP,ACTIONS,-,MASI,QUOTIDIENNE,FNPP,CAPITALISANT,0.03,0.015,0.02,CDG CAPITAL,CDG CAPITAL GESTION,1196667909.73,2718.16,-0.082348,-,-0.009933,-0.019253,0.023673,-0.082348,-0.078637,0.308733,0.533206,0.521977,2026-06-26,Hebdomadaire
MA0000041121,4112,FCP IRGAM MONETAIRE PLUS,IRG ASSET MANAGEMENT,FCP,OCT,"]0,5 1,1]",MBI CT,QUOTIDIENNE,FGP,CAPITALISANT,0.03,0.015,0.02,ATTIJARIWAFA BANK,IRG ASSET MANAGEMENT,272310841.21,148.95,0.007099,-,0.00047,0.000739,0.005807,0.007099,0.017766,0.038196,0.071429,0.108506,2026-06-26,Hebdomadaire
MA0000041139,4113,FCP ATTIJARI GOLD,WAFA GESTION,FCP,CONTRACTUEL,-,LONDON GOLD FIXING (USD),HEBDOMADAIRE,FGP,CAPITALISANT,0.015,0.02,0.02,ATTIJARIWAFA BANK,WAFA GESTION,239870520.63,2413.35,-0.076869,-,-0.013199,-0.065694,-0.094435,-0.076869,0.281298,0.630411,0.990375,1.362601,2026-06-26,Hebdomadaire
MA0000041154,4115,CDG OBLIG SÉCURITÉ,CDG CAPITAL GESTION,FCP,OCT,"]0,5 1,1]",80% MBI CT + 20% MBI MT,QUOTIDIENNE,FNPP,CAPITALISANT,0.03,0.015,0.02,CDG CAPITAL,CDG CAPITAL GESTION,1261128861.93,1701.15,0.012692,-,0.000565,0.001265,0.009105,0.012692,0.025561,0.060276,0.101289,0.140754,2026-06-26,Hebdomadaire
MA0000041162,4116,AL BARID TRESORERIE,CDG CAPITAL GESTION,FCP,MONÉTAIRE,"<=0,5",50% TMP + 50% MBI CT,QUOTIDIENNE,FGP,CAPITALISANT,0.03,0.015,0.02,CDG CAPITAL,AL BARID BANK,651317.56,748.23,0.008546,-,0.000348,0.001164,0.004363,0.008546,0.01641,0.037407,0.194874,0.234214,2026-06-26,Hebdomadaire
MA0000041170,4117,AL BARID ISTITMAR,CDG CAPITAL GESTION,FCP,OMLT,[1.1  5.1[,MBI MT,HEBDOMADAIRE,FGP,CAPITALISANT,0.03,0.015,0.02,CDG CAPITAL,AL BARID BANK,1989481623.54,149.89,0.001002,-,0.00147,0.000668,0.014141,0.001002,0.012497,0.088289,0.151406,0.142977,2026-06-26,Hebdomadaire
MA0000041188,4118,SANAD PERFORMANCE,CDG CAPITAL GESTION,FCP,DIVERSIFIÉ,-,80% MBI GLOBAL + 20% MASI,HEBDOMADAIRE,FNPP,MIXTE,0.03,0.015,0.02,CDG CAPITAL,CDG CAPITAL GESTION,197967458.93,973.11,-0.067091,-,-0.002675,-0.00987,0.009063,-0.067091,-0.051353,0.149834,0.292882,0.213439,2026-06-26,Hebdomadaire
MA0000041196,4119,CDG SERENITE,CDG CAPITAL GESTION,FCP,MONÉTAIRE,"<=0,5",60% TMP + 40% MBI CT,QUOTIDIENNE,FGP,CAPITALISANT,0.03,0.015,0.02,CDG CAPITAL,CDG CAPITAL GESTION,545986.78,1344.7,0.008982,-,0.00035,0.001214,0.00458,0.008982,0.017148,0.038691,0.066757,0.096792,2026-06-26,Hebdomadaire
MA0000041238,4123,RMA RENDEMENT CT,RMA ASSET MANAGEMENT,FCP,OCT,"]0,5 1,1]",MBI CT,QUOTIDIENNE,FGP,CAPITALISANT,0.03,0.02,0.02,BANK OF AFRICA,RMA ASSET MANAGEMENT,1227783.18,122.78,0.009289,-,0.000326,0.000815,0.005981,0.009289,0.018161,0.043515,0.072595,0.096936,2026-06-26,Hebdomadaire
MA0000041246,4124,RMA RENDEMENT MT,RMA ASSET MANAGEMENT,FCP,OMLT,"]1,1 5,1]",MBI MT,HEBDOMADAIRE,FGP,CAPITALISANT,0.03,0.02,0.02,BANK OF AFRICA,RMA ASSET MANAGEMENT,121640354.01,136.1,0.007476,-,0.000588,0.000515,0.010919,0.007476,0.017266,0.073429,0.126003,0.134639,2026-06-26,Hebdomadaire
MA0000041253,4125,RMA CORPORATE BOND,RMA ASSET MANAGEMENT,FCP,OCT,"]0,5 1,1]",MBI CT,HEBDOMADAIRE,FGP,CAPITALISANT,0.03,0.02,0.02,BANK OF AFRICA,RMA ASSET MANAGEMENT,3270602.06,1527.6,0.035233,-,0.000301,0.000891,0.00827,0.035233,0.045135,0.101132,0.186356,0.342603,2026-06-26,Hebdomadaire
MA0000041261,4126,FCP ALPHA SECURE FUND,RED MED ASSET MANAGEMENT,FCP,OMLT,[2   6[,MBI,QUOTIDIENNE,FGP,CAPITALISANT,0.02,0.02,0.02,BCP,RED MED ASSET MANAGEMENT,2469382922.65,1444.65,-0.009482,-,0.000901,-0.002809,0.009623,-0.009482,-0.003552,0.085224,0.169388,0.166762,2026-06-26,Hebdomadaire
MA0000041279,4127,CIMR CASH DYNAMIQUE,WAFA GESTION,FCP,MONÉTAIRE,"> 0,5",TMP,QUOTIDIENNE,FNPP,CAPITALISANT,0.03,0.015,0.02,ATTIJARIWAFA BANK,WAFA GESTION,1896654049.02,181.61,0.011417,-,0.000441,0.001378,0.006261,0.011417,0.022061,0.050315,0.082494,0.116569,2026-06-26,Hebdomadaire
MA0000041287,4128,SANAD SERENITY,UPLINE CAPITAL MANAGEMENT,FCP,OMLT,"]1,1   10]",MBI CLOBAL,HEBDOMADAIRE,FNPP,MIXTE,0.0,0.0,0.02,BCP,UPLINE CAPITAL MANAGEMENT,1327476271.43,21055.52,-0.013177,-,0.001978,-0.001486,0.010467,-0.013177,-0.002556,0.096534,0.199342,0.141719,2026-06-26,Hebdomadaire
MA0000041295,4129,CDG OPTIMUM,CDG CAPITAL GESTION,FCP,MONÉTAIRE,"]0  0,5[",50% TMP + 50% MBI CT,QUOTIDIENNE,FGP,CAPITALISANT,0.03,0.015,0.02,CDG CAPITAL,CDG CAPITAL GESTION,34056458.0,3057.95,0.01109,-,0.000432,0.001454,0.006236,0.01109,0.021578,0.049861,0.081144,0.118044,2026-06-26,Hebdomadaire
MA0000041303,4130,CDM MONETAIRE PLUS,WAFA GESTION,FCP,MONÉTAIRE,"]0  0,5]",TMP,QUOTIDIENNE,FGP,CAPITALISANT,0.0,0.0,0.0065,CDM,WAFA GESTION,2940249957.17,1278.7,0.012206,-,0.000415,0.001418,0.006367,0.012206,0.023976,0.05512,0.090436,0.13533,2026-06-26,Hebdomadaire
MA0000041311,4131,FCP CAM MONÉTAIRE,MAROGEST,FCP,MONÉTAIRE,"]0  0,5]",30% MBI CT + 70% TMP,QUOTIDIENNE,FGP,CAPITALISANT,0.0,0.0,0.01,CDG,MAROGEST,2738345919.04,141.97,0.011975,-,0.000423,0.00134,0.006451,0.011975,0.023871,0.054598,0.088727,0.131145,2026-06-26,Hebdomadaire
MA0000041329,4132,CAM OBLIGATIONS,MAROGEST,FCP,OMLT,[2.5  6.5[,MBI GLOBAL,QUOTIDIENNE,FGP,CAPITALISANT,0.01,0.005,0.01,CDG CAPITAL,MAROGEST,1112116192.04,139.62,-0.012588,-,0.000287,-0.002786,0.012032,-0.012588,-0.002999,0.087045,0.167684,0.027373,2026-06-26,Hebdomadaire
MA0000041337,4133,CAM ACTIONS,MAROGEST,FCP,ACTIONS,-,CFG 25 FLOTTANT,QUOTIDIENNE,FGP,CAPITALISANT,0.02,0.015,0.02,CDG CAPITAL,MAROGEST,4634132.9,138.1,-0.102664,-,-0.00833,-0.008543,0.019715,-0.102664,-0.115311,0.146724,0.29842,0.198473,2026-06-26,Hebdomadaire
MA0000041386,4138,WG MONETAIRE,WAFA GESTION,FCP,MONÉTAIRE,"]0  0,5]",TMP MARCHE INTERBANCAIRE,QUOTIDIENNE,FGP,CAPITALISANT,0.01,0.01,0.01,ATTIJARIWAFA BANK,WAFA GESTION,6431793052.09,1228.71,0.012084,-,0.000423,0.001418,0.006496,0.012084,0.024224,0.057282,0.091556,0.132139,2026-06-26,Hebdomadaire
MA0000041394,4139,FCP ALPHA BANQUES FUND,RED MED ASSET MANAGEMENT,FCP,OCT,"]0,5 1,1]",MBI CT,QUOTIDIENNE,FGP,CAPITALISANT,0.01,0.01,0.01,BCP,RED MED ASSET MANAGEMENT,5438870196.7,1318.4,0.014255,-,0.000789,0.001694,0.009101,0.014255,0.027215,0.06747,0.110129,0.155336,2026-06-26,Hebdomadaire
MA0000041402,4140,IRGAM SECURIPLUS,IRG ASSET MANAGEMENT,FCP,OCT,"]0,5 1,1]",MBI CT,QUOTIDIENNE,FGP,CAPITALISANT,0.03,0.015,0.02,BCP,IRG ASSET MANAGEMENT,662118.79,126.94,0.010427,-,0.000394,0.000946,0.006502,0.010427,0.017963,0.044258,0.076493,0.111267,2026-06-26,Hebdomadaire
MA0000041410,4141,IRGAM SECURIBANCAIRES,IRG ASSET MANAGEMENT,FCP,OMLT,]2   6],MBI GLOBAL,HEBDOMADAIRE,FGP,CAPITALISANT,0.03,0.015,0.02,BCP,IRG ASSET MANAGEMENT,67386505.37,124.0,-0.001771,-,0.00113,-0.000322,0.007557,-0.001771,0.002101,0.066667,0.136051,0.02683,2026-06-26,Hebdomadaire
MA0000041436,4143,CDM PROFIL DYNAMISME,WAFA GESTION,FCP,ACTIONS,-,90% MASI + 10% MBI MLT,HEBDOMADAIRE,FGP,CAPITALISANT,0.03,0.015,0.02,CDM,WAFA GESTION,34334087.52,974.75,-0.007979,-,-0.018794,-0.04209,0.070683,-0.007979,-0.02312,0.342372,0.522119,0.410616,2026-06-26,Hebdomadaire
MA0000041444,4144,CDM PROFIL EQUILIBRE,WAFA GESTION,FCP,DIVERSIFIÉ,-,60% MBI MLT + 40% MASI RENTABILITE,HEBDOMADAIRE,FGP,CAPITALISANT,0.03,0.015,0.015,CDM,WAFA GESTION,620894150.09,703.52,-0.005204,-,-0.011855,-0.032483,0.044124,-0.005204,0.000398,0.226863,0.336373,0.274147,2026-06-26,Hebdomadaire
MA0000041451,4145,CDM PROFIL SERENITE,WAFA GESTION,FCP,OMLT,[3  5[,95% MBI + 5% MASI RENTABILITE,HEBDOMADAIRE,FGP,CAPITALISANT,0.03,0.015,0.01,CDM,WAFA GESTION,30924596.61,261.11,-0.003321,-,-0.000536,-0.004802,0.014808,-0.003321,-0.005182,0.095168,0.162038,0.136101,2026-06-26,Hebdomadaire
MA0000041477,4147,ATTIJARI DIVIDEND FUND,WAFA GESTION,FCP,ACTIONS,-,MASI,HEBDOMADAIRE,FGP,DISTRIBUANT,0.03,0.015,0.02,ATTIJARIWAFA BANK,WAFA GESTION; ATTIJARIWAFA BANK,171606991.29,1110.13,-0.007386,-,-0.01794,-0.031224,0.05606,-0.007386,-0.01284,0.241173,0.365907,0.243004,2026-06-26,Hebdomadaire
MA0000041501,4150,LIBERIS SERENITE,WAFA GESTION,FCP,OMLT,"]1,1 10]",MBI GLOBAL,QUOTIDIENNE,FNPP,MIXTE,0.03,0.015,0.02,CDM,CREDIT DU MAROC,1397243816.63,1146.32,-0.012768,-,0.000821,-0.006018,0.014541,-0.012768,-0.003491,0.106416,0.206428,0.131854,2026-06-26,Hebdomadaire
MA0000041519,4151,CDM OBLIGATIONS,WAFA GESTION,FCP,OMLT,"]1,1  5]",MBI GLOBAL,QUOTIDIENNE,FGP,CAPITALISANT,0.03,0.015,0.02,CDM,CREDIT DU MAROC,146524773.99,1230.87,-0.00386,-,5.7e-05,-0.00307,0.012412,-0.00386,-0.001744,0.07633,0.151067,0.143559,2026-06-26,Hebdomadaire
MA0000041527,4152,CDG PERFORMANCE,CDG CAPITAL GESTION,FCP,ACTIONS,-,MASI RB,HEBDOMADAIRE,FNPP,CAPITALISANT,0.03,0.015,0.02,CDG CAPITAL,CDG CAPITAL GESTION,2495112306.01,3156.86,-0.079582,-,-0.013608,-0.025841,0.027366,-0.079582,-0.081178,0.250202,0.434669,0.40566,2026-06-26,Hebdomadaire
MA0000041550,4155,ATTAKAFOUL,WAFA GESTION,FCP,ACTIONS,-,-,HEBDOMADAIRE,FNPP,DISTRIBUANT,0.0,0.015,0,ATTIJARIWAFA BANK,WAFA GESTION,898605238.17,2376.37,0.041112,-,-0.024214,-0.06354,0.075324,0.041112,0.07195,0.514046,0.688849,0.62619,2026-06-26,Hebdomadaire
MA0000041568,4156,HORIZON DISTRIPERF,SAHAM CAPITAL GESTION,FCP,DIVERSIFIÉ,-,85% MBI MT + 15 % MASI,HEBDOMADAIRE,FGP,MIXTE,0.02,0.02,0.02,SAHAM BANK,SAHAM BANK,212909857.13,1260.12,-0.058185,-,-0.007756,-0.022208,0.029316,-0.058185,-0.057523,0.105543,0.177407,0.166195,2026-06-26,Hebdomadaire
MA0000041592,4159,FCP ALIF VI,CDG CAPITAL GESTION,FCP,OMLT,"]1,1  10]",50% MBI MLT + 50% MBI MT,QUOTIDIENNE,FNPP,CAPITALISANT,0.03,0.015,0.02,CDG CAPITAL,CDG CAPITAL GESTION,1988683771.97,1219.81,0.001198,-,0.00226,0.000927,0.015966,0.001198,0.009108,0.099859,0.183833,0.184224,2026-06-26,Hebdomadaire
MA0000041600,4160,FCP MONETAIRE PREMIUM,CDG CAPITAL GESTION,FCP,MONÉTAIRE,"]0  0,5]",50% MONIA + 50% MBI CT,QUOTIDIENNE,FGP,CAPITALISANT,0.03,0.015,0.02,BCP,CDG CAPITAL GESTION,155729010.65,1139.97,0.012596,-,0.000518,0.001485,0.007076,0.012596,0.024628,0.056692,0.090171,0.131956,2026-06-26,Hebdomadaire
MA0000041618,4161,FCP TRESORERIE PLUS,CDG CAPITAL GESTION,FCP,OCT,"]0,5 1,1]",MBI CT,QUOTIDIENNE,FGP,CAPITALISANT,0.03,0.015,0.02,BCP,CDG CAPITAL GESTION,1111615.77,1111.61,0.009683,-,0.000432,0.001117,0.006364,0.009683,0.018545,0.046369,0.07404,0.103269,2026-06-26,Hebdomadaire
MA0000041626,4162,FCP OBLIG PERENITE,CDG CAPITAL GESTION,FCP,OMLT,]4  8],MBI MLT,HEBDOMADAIRE,FGP,CAPITALISANT,0.03,0.015,0.02,CDG CAPITAL,CDG CAPITAL GESTION,3554089694.8,11536.21,-0.00855,-,0.001519,-0.002919,0.014044,-0.00855,-0.001099,0.111116,0.206153,0.150017,2026-06-26,Hebdomadaire
MA0000041634,4163,FCP OBLIGATIONS OPTIMUM,CDG CAPITAL GESTION,FCP,OMLT,"]1,1 10]",MBI GLOBAL,HEBDOMADAIRE,FGP,CAPITALISANT,0.03,0.015,0.02,CDG CAPITAL,CDG CAPITAL GESTION,635983.47,1109.91,0.005171,-,0.001308,0.000604,0.01046,0.005171,0.011529,0.050345,0.089728,0.106458,2026-06-26,Hebdomadaire
MA0000041659,4165,PRESCOLAIRE,SAHAM CAPITAL GESTION,FCP,OMLT,[4  8],95% MBI MLT + 5% MASI FLOTTANT,HEBDOMADAIRE,FNPP,CAPITALISANT,0.03,0.03,0.02,SAHAM BANK,SAHAM BANK,701637358.13,1266.34,-0.009558,-,0.001241,-0.005224,0.018974,-0.009558,-0.003666,0.11558,0.223446,0.25999,2026-06-26,Hebdomadaire
MA0000041667,4166,R-MIXT OPTIMUM,WAFA GESTION,FCP,DIVERSIFIÉ,-,45% MBI MLT + 30% MBI MT + 25% MASI RENTABILITE,QUOTIDIENNE,FNPP,CAPITALISANT,0.03,0.015,0.02,CDG,WAFA GESTION,5868225632.34,1223.51,-0.003729,-,-0.006867,-0.021153,0.031923,-0.003729,0.005705,0.193715,0.312019,0.281927,2026-06-26,Hebdomadaire
MA0000041675,4167,HORIZON OBLIG OPTIMAL,SAHAM CAPITAL GESTION,FCP,OMLT,[3   7[,MBI GLOBAL,HEBDOMADAIRE,FGP,CAPITALISANT,0.005,0.001,0.02,SAHAM BANK,SAHAM BANK,656373906.26,1974.29,-0.011535,-,0.001283,-0.003282,0.01214,-0.011535,-0.008746,0.093899,0.172855,0.131223,2026-06-26,Hebdomadaire
MA0000041683,4168,HORIZON CASH PLUS,SAHAM CAPITAL GESTION,FCP,MONÉTAIRE,"[0  0,5[",TMP INTERBANCAIRE,QUOTIDIENNE,FGP,CAPITALISANT,0.0,0.0,0.005,SAHAM BANK,SAHAM BANK,4352653713.67,16794.64,0.012755,-,0.000474,0.001537,0.006931,0.012755,0.024776,0.055772,0.091129,0.134944,2026-06-26,Hebdomadaire
MA0000041691,4169,HORIZON CAPITAL GARANTI,SAHAM CAPITAL GESTION,FCP,CONTRACTUEL,-,MONIA,QUOTIDIENNE,FGP,CAPITALISANT,0.0,0.0,0.02,SAHAM BANK,SAHAM BANK,2403896258.88,142460.18,0.00935,-,0.000346,0.001247,0.004521,0.00935,0.018919,0.041892,0.069583,0.102981,2026-06-26,Hebdomadaire
MA0000041709,4170,HORIZON EPARGNE,SAHAM CAPITAL GESTION,FCP,ACTIONS,-,MASI,QUOTIDIENNE,FGP,CAPITALISANT,0.03,0.015,0.02,SAHAM BANK,SAHAM BANK,828310924.39,244.82,-0.047356,-,-0.019426,-0.048947,0.047358,-0.047356,-0.061273,0.33337,0.575925,0.543243,2026-06-26,Hebdomadaire
MA0000041717,4171,HORIZON COURT TERME,SAHAM CAPITAL GESTION,FCP,OCT,"[0,5  1,1[",MBI CT,QUOTIDIENNE,FGP,CAPITALISANT,0.0,0.0,0.02,SAHAM BANK,SAHAM BANK,6889827002.99,1533.45,0.013932,-,0.000633,0.00145,0.008676,0.013932,0.026241,0.063943,0.103964,0.147921,2026-06-26,Hebdomadaire
MA0000041725,4172,INVEST EQUILIBRE,SAHAM CAPITAL GESTION,FCP,DIVERSIFIÉ,-,80% MBI MT + 20% MASI,QUOTIDIENNE,FGP,CAPITALISANT,0.02,0.02,0.02,SAHAM BANK,SAHAM BANK,2565197155.46,1424.85,-0.02279,-,-0.007433,-0.02281,0.027652,-0.02279,-0.026622,0.196207,0.325479,0.299382,2026-06-26,Hebdomadaire
MA0000041733,4173,HORIZON FLEXIBLE,SAHAM CAPITAL GESTION,FCP,DIVERSIFIÉ,-,80% MBI GLOBAL + 20% MASI,QUOTIDIENNE,FGP,MIXTE,0.02,0.02,0.02,SAHAM BANK,SAHAM BANK,203461387.68,1455.04,-0.013973,-,-0.007754,-0.022551,0.029577,-0.013973,-0.012575,0.211181,0.342412,0.33193,2026-06-26,Hebdomadaire
MA0000041741,4174,HORIZON PREMIUM,SAHAM CAPITAL GESTION,FCP,MONÉTAIRE,"]0 0,5]",60% TMP + 40% MBI CT,QUOTIDIENNE,FGP,CAPITALISANT,0.0,0.0,0.02,SAHAM BANK,SAHAM BANK,274860686.02,1148.11,0.009425,-,0.000366,0.001125,0.00477,0.009425,0.01855,0.042618,0.073682,0.11082,2026-06-26,Hebdomadaire
MA0000041774,4177,WG EQUITY FUND,WAFA GESTION,FCP,ACTIONS,-,MASI,HEBDOMADAIRE,FNPP,DISTRIBUANT,0.0,0.0,0.02,ATTIJARIWAFA BANK,WAFA GESTION; ATTIJARIWAFA BANK,255173983.62,1591.12,0.002451,-,-0.020337,-0.044355,0.076106,0.002451,0.002177,0.380759,0.511034,0.410471,2026-06-26,Hebdomadaire
MA0000041782,4178,WG OPPORTUNITES,WAFA GESTION,FCP,DIVERSIFIÉ,-,80% MBI MT + 20% MASI RB,HEBDOMADAIRE,FNPP,CAPITALISANT,0.03,0.015,0.02,ATTIJARIWAFA BANK,WAFA GESTION,243086895.69,1311.18,0.009252,-,-0.011795,-0.031217,0.037893,0.009252,0.01538,0.213123,0.304034,0.309517,2026-06-26,Hebdomadaire
MA0000041816,4181,BMCI PREMIUM MONEY MARKET,CIH CAPITAL MANAGEMENT,FCP,MONÉTAIRE,"]0  0,5]",TMI(jj),QUOTIDIENNE,FGP,CAPITALISANT,0.0,0.0,0.02,BMCI,CIH CAPITAL MANAGEMENT,545601551.19,14608.23,0.010358,-,0.000422,0.001283,0.006028,0.010358,0.020232,0.046451,0.075381,0.106863,2026-06-26,Hebdomadaire
MA0000041824,4182,BMCI PREMIUM LONG TERM BOND,CIH CAPITAL MANAGEMENT,FCP,OMLT,]3  7],MBI,HEBDOMADAIRE,FGP,MIXTE,0.0,0.0,0.02,BMCI,CIH CAPITAL MANAGEMENT,87110491.65,15905.36,-0.007297,-,0.001201,-0.003775,0.012679,-0.007297,-0.005471,0.064026,0.126272,0.077092,2026-06-26,Hebdomadaire
MA0000041832,4183,BMCI PREMIUM MEDIUM TERM BOND,CIH CAPITAL MANAGEMENT,FCP,OMLT,"]1,1  5,1]",MBI MT,HEBDOMADAIRE,FGP,CAPITALISANT,0.0,0.0,0.02,BMCI,CIH CAPITAL MANAGEMENT,53553979.44,19157.84,0.006288,-,0.001079,-0.000188,0.010636,0.006288,0.013164,0.061297,0.10416,0.109828,2026-06-26,Hebdomadaire
MA0000041840,4184,BMCI PREMIUM SHORT TERM BOND,CIH CAPITAL MANAGEMENT,FCP,OCT,"]0,5 1,1]",MBI CT,QUOTIDIENNE,FGP,CAPITALISANT,0.0,0.0,0.02,BMCI,CIH CAPITAL MANAGEMENT,979078549.64,125.91,0.011569,-,0.000556,0.001113,0.007683,0.011569,0.023326,0.058779,0.095441,0.129542,2026-06-26,Hebdomadaire
MA0000041857,4185,BMCI PREMIUM OPPORTUNITY I,CIH CAPITAL MANAGEMENT,FCP,DIVERSIFIÉ,-,50% MASI Rentabilite nette + 50% MBI CT,QUOTIDIENNE,FGP,CAPITALISANT,0.002,0.009000000000000001,0.02,BMCI,CIH CAPITAL MANAGEMENT,199116951.24,15276.86,-0.040327,-,-0.005426,-0.018548,0.007063,-0.040327,-0.055101,0.048889,0.120481,0.093678,2026-06-26,Hebdomadaire
MA0000041865,4186,BMCI PREMIUM OPPORTUNITY II,CIH CAPITAL MANAGEMENT,FCP,DIVERSIFIÉ,-,50% MASI Rentabilite Nette + 50% MBI Court Terme,HEBDOMADAIRE,FGP,MIXTE,0.03,0.015,0.02,BMCI,CIH CAPITAL MANAGEMENT,157468235.28,15558.81,-0.007574,-,0.00182,-0.001,0.010866,-0.007574,0.006701,0.0943,0.166577,0.160654,2026-06-26,Hebdomadaire
MA0000041873,4187,BMCI PREMIUM EQUITY GROWTH,CIH CAPITAL MANAGEMENT,FCP,ACTIONS,-,MASI,QUOTIDIENNE,FGP,CAPITALISANT,0.002,0.001,0.02,BMCI,CIH CAPITAL MANAGEMENT,231916088.19,21835.11,-0.057489,-,-0.015447,-0.034537,0.027927,-0.057489,-0.060377,0.318872,0.508886,0.461369,2026-06-26,Hebdomadaire
MA0000041881,4188,BMCI PREMIUM EQUITY INCOME,CIH CAPITAL MANAGEMENT,FCP,ACTIONS,-,MASI,HEBDOMADAIRE,FGP,DISTRIBUANT,0.002,0.001,0.02,BMCI,CIH CAPITAL MANAGEMENT,250348953.0,15362.99,-0.040596,-,-0.020039,-0.042221,0.048965,-0.040596,-0.043493,0.174266,0.300375,0.238791,2026-06-26,Hebdomadaire
MA0000041899,4189,BMCI MONETAIRE PLUS,CIH CAPITAL MANAGEMENT,FCP,MONÉTAIRE,"[0  0,5]",TMP INTERBANCAIRE,QUOTIDIENNE,FGP,CAPITALISANT,0.0,0.0,0.02,BMCI,CIH CAPITAL MANAGEMENT,323732007.02,145684.92,0.012462,-,0.000441,0.00136,0.007537,0.012462,0.025354,0.053795,0.082342,0.113512,2026-06-26,Hebdomadaire
MA0000041931,4193,HORIZON TREASURY FUND,SAHAM CAPITAL GESTION,FCP,MONÉTAIRE,"[0  0,5]",75% MONIA + 25% MBI CT,QUOTIDIENNE,FGP,CAPITALISANT,0.02,0.02,0.02,SAHAM BANK,SAHAM BANK,131830011.29,1172.62,0.0098,-,0.000384,0.001264,0.005427,0.0098,0.019156,0.042765,0.071101,-,2026-06-26,Hebdomadaire
MA0000041949,4194,HORIZON OBLIG TRESOR,SAHAM CAPITAL GESTION,FCP,OMLT,"[3,1   7,1[",MBI GLOBAL,HEBDOMADAIRE,FGP,CAPITALISANT,0.03,0.03,0.02,SAHAM BANK,SAHAM BANK,1328486.27,1132.08,0.005346,-,0.000964,-0.000309,0.010118,0.005346,0.010912,0.054432,0.097009,-,2026-06-26,Hebdomadaire
MA0000041956,4195,HORIZON MID & SMALL CAP,SAHAM CAPITAL GESTION,FCP,ACTIONS,-,MASI,HEBDOMADAIRE,FGP,CAPITALISANT,0.03,0.03,0.02,SAHAM BANK,SAHAM BANK,139021053.69,161.37,-0.045035,-,-0.018311,-0.05227,0.047381,-0.045035,-0.060273,0.340616,0.639106,-,2026-06-26,Hebdomadaire
MA0000041964,4196,SOCIAL IMPACT FUND,SAHAM CAPITAL GESTION,FCP,MONÉTAIRE,"]0 0,5]",MONIA,QUOTIDIENNE,FGP,MIXTE,0.02,0.06,0.005,SAHAM BANK,SAHAM BANK,105652843.56,1014.54,-0.015793,-,0.000424,-0.025259,-0.021045,-0.015793,-0.005168,0.023476,0.056087,-,2026-06-26,Hebdomadaire
MA0000041972,4197,WINEO AL AMINE,WINEO GESTION,FCP,ACTIONS,-,-,QUOTIDIENNE,FGP,MIXTE,0.005,0.005,0.02,ATTIJARIWAFA BANK,WINEO GESTION,204435315.75,146.45,0.017014,-,-0.018037,-0.028266,0.060924,0.017014,0.026567,0.458933,0.639857,-,2026-06-26,Hebdomadaire
MA0000041980,4198,WINEO ACTIONS,WINEO GESTION,FCP,ACTIONS,-,MASI,HEBDOMADAIRE,FGP,CAPITALISANT,0.02,0.015,0.02,CIH BANK,WINEO GESTION,1239823871.16,4266.43,0.003009,-,-0.016836,-0.041241,0.053786,0.003009,0.019628,0.423372,0.65061,0.603481,2026-06-26,Hebdomadaire
MA0000041998,4199,WINEO CASH,WINEO GESTION,FCP,MONÉTAIRE,"[0  0,5[",-,QUOTIDIENNE,FGP,CAPITALISANT,0.0,0.0,0.0065,CIH BANK,WINEO GESTION,294704867.92,1543.24,0.011994,-,0.000441,0.001376,0.006233,0.011994,0.023667,0.054003,0.087348,0.128958,2026-06-26,Hebdomadaire
MA0000042004,4200,WINEO DELTA,WINEO GESTION,FCP,DIVERSIFIÉ,-,50% MBI MT + 50% MASI,HEBDOMADAIRE,FGP,MIXTE,0.03,0.03,0.02,CIH BANK,WINEO GESTION,2020187710.16,2109.85,0.005121,-,-0.008198,-0.0232,0.034494,0.005121,0.018744,0.249733,0.402192,0.390749,2026-06-26,Hebdomadaire
MA0000042012,4201,WINEO OBLIG,WINEO GESTION,FCP,OMLT,"[1,1  5,1[",MBI,HEBDOMADAIRE,FGP,CAPITALISANT,0.005,0.0025,0.009,CIH BANK,WINEO GESTION,24965040.49,1831.45,-0.002016,-,0.000984,-0.000698,0.008702,-0.002016,0.010606,0.1012,0.181672,0.210308,2026-06-26,Hebdomadaire
MA0000042020,4202,WINEO OBLIG CT,WINEO GESTION,FCP,OCT,[0.5  1.1[,MBI CT,QUOTIDIENNE,FGP,CAPITALISANT,0.0,0.0,0.02,CIH BANK,WINEO GESTION,218543823.04,1355.43,0.012497,-,0.000502,0.00116,0.007747,0.012497,0.025094,0.062924,0.103582,0.148261,2026-06-26,Hebdomadaire
MA0000042038,4203,WINEO OBLIG SECURITE,WINEO GESTION,FCP,OMLT,[1.1  5.1[,MBI MLT,HEBDOMADAIRE,FGP,CAPITALISANT,0.03,0.03,0.02,CIH BANK,WINEO GESTION,277066342.81,1533.59,-0.004221,-,0.001823,-0.001751,0.010863,-0.004221,-9.1e-05,0.081791,0.158458,0.191897,2026-06-26,Hebdomadaire
MA0000042046,4204,ATLAS TRESORERIE,ATLAS CAPITAL MANAGEMENT,FCP,MONÉTAIRE,"[0  0,5]",MONIA,QUOTIDIENNE,FGP,CAPITALISANT,0.03,0.03,0.02,CIH BANK,ATLAS CAPITAL MANAGEMENT,253432766.39,125.81,0.011091,-,0.000318,0.001353,0.006239,0.011091,0.021434,0.049641,0.083915,0.124609,2026-06-26,Hebdomadaire
MA0000042053,4205,ATLAS MONEBANQUES,ATLAS CAPITAL MANAGEMENT,FCP,MONÉTAIRE,"[0  0,5]",MONIA,QUOTIDIENNE,FGP,CAPITALISANT,0.03,0.03,0.02,CIH BANK,ATLAS CAPITAL MANAGEMENT,1333861547.91,123.0,0.012346,-,0.000488,0.001384,0.006464,0.012346,0.02372,0.053714,0.088303,0.129269,2026-06-26,Hebdomadaire
MA0000042061,4206,ATLAS OBLIGBANCAIRES,ATLAS CAPITAL MANAGEMENT,FCP,OCT,"]0,5 1,1]",MBI CT,QUOTIDIENNE,FGP,CAPITALISANT,0.03,0.03,0.02,CIH BANK,ATLAS CAPITAL MANAGEMENT,842634224.48,125.07,0.013041,-,0.00032,0.001121,0.008141,0.013041,0.024492,0.059466,0.097779,0.141566,2026-06-26,Hebdomadaire
MA0000042079,4207,ATLAS PERENNITE,ATLAS CAPITAL MANAGEMENT,FCP,OMLT,"]3,5 7,5]",50% MBI MT + 50%MBI MLT,HEBDOMADAIRE,FGP,CAPITALISANT,0.03,0.03,0.02,CIH BANK,ATLAS CAPITAL MANAGEMENT,1444648660.5,136.84,-0.007831,-,0.00139,-0.003133,0.008178,-0.007831,-0.000876,0.08897,0.173484,0.146544,2026-06-26,Hebdomadaire
MA0000042087,4208,ATLAS CROISSANCE,ATLAS CAPITAL MANAGEMENT,FCP,DIVERSIFIÉ,-,50% MASI + 50% MBI,HEBDOMADAIRE,FGP,CAPITALISANT,0.03,0.03,0.02,CIH BANK,ATLAS CAPITAL MANAGEMENT,1336380004.15,146.25,-0.018325,-,-0.007667,-0.019444,0.031019,-0.018325,-0.018851,0.224772,0.354668,0.341005,2026-06-26,Hebdomadaire
MA0000042095,4209,ATLAS OPTIMISATION,ATLAS CAPITAL MANAGEMENT,FCP,ACTIONS,-,MASI RN,HEBDOMADAIRE,FGP,CAPITALISANT,0.03,0.015,0.02,CIH BANK,ATLAS CAPITAL MANAGEMENT,142351892.68,225.77,-0.034387,-,-0.014664,-0.032359,0.046346,-0.034387,-0.02765,0.379759,0.581022,0.607476,2026-06-26,Hebdomadaire
MA0000042103,4210,AL IJTIMAI PROTECTION,ATLAS CAPITAL MANAGEMENT,FCP,OMLT,"[1,1  7[",MBI Global,HEBDOMADAIRE,FNPP,CAPITALISANT,0.03,0.015,0.02,CDG,ATLAS CAPITAL MANAGEMENT,2806197185.78,254484.19,-0.00748,-,0.000724,-0.00436,0.012092,-0.00748,-0.000967,0.102828,0.186462,0.323328,2026-06-26,Hebdomadaire
MA0000042111,4211,ATTIJARI MIXED DISTRIBUTION,WAFA GESTION,FCP,DIVERSIFIÉ,-,70% MBI MT + 30% MASI,QUOTIDIENNE,FGP,DISTRIBUANT,0.02,0.02,0.02,ATTIJARIWAFA BANK,WAFA GESTION; ATTIJARIWAFA BANK,2481466.33,146.17,-0.000752,-,-0.013831,-0.037405,0.04437,-0.000752,-0.004113,0.278963,0.391823,-,2026-06-26,Hebdomadaire
MA0000042129,4212,ATTIJARI FIXED INCOME DISTRIBUTION,WAFA GESTION,FCP,OMLT,[5  9[,MBI MT,QUOTIDIENNE,FGP,CAPITALISANT,0.03,0.03,0.02,ATTIJARIWAFA BANK,WAFA GESTION; ATTIJARIWAFA BANK,369498112.4,108.48,-0.007139,-,0.001385,-0.009767,0.003515,-0.007139,-0.005864,0.04348,0.08479,-,2026-06-26,Hebdomadaire
MA0000042137,4213,ATTIJARI VALEURS ESG,WAFA GESTION,FCP,ACTIONS,-,ESG 10 INDEX,HEBDOMADAIRE,FGP,CAPITALISANT,0.02,0.02,0.02,ATTIJARIWAFA BANK,WAFA GESTION; ATTIJARIWAFA BANK,295568598.82,176.15,0.007262,-,-0.017294,-0.03843,0.062168,0.007262,-0.013607,0.405938,0.583655,-,2026-06-26,Hebdomadaire
MA0000042145,4214,ATTIJARI CASH GARANTI,WAFA GESTION,FCP,CONTRACTUEL,-,MONIA,QUOTIDIENNE,FGP,CAPITALISANT,0.0,0.0,0.0015,ATTIJARIWAFA BANK,WAFA GESTION,3582875926.22,1087.28,0.00962,-,0.000359,0.001289,0.004703,0.00962,0.019188,0.042444,0.071222,-,2026-06-26,Hebdomadaire
MA0000042152,4215,FCP EMERGENCE MONÉTAIRE PLUS ,VALORIS MANAGEMENT,FCP,OCT,"]0,5 1,1]",MBI CT,QUOTIDIENNE,FGP,CAPITALISANT,0.03,0.015,0.02,BANK OF AFRICA,VALORIS MANAGEMENT;VALORIS GROUP,6156368224.78,1355.32,0.013013,-,0.000517,0.001411,0.008595,0.013013,0.02612,0.066358,0.107297,0.154437,2026-06-26,Hebdomadaire
MA0000042160,4216,EMERGENCE EQUITY FUND,VALORIS MANAGEMENT,FCP,ACTIONS,-,MASI,QUOTIDIENNE,FGP,CAPITALISANT,0.03,0.015,0.02,BANK OF AFRICA,VALORIS MANAGEMENT;VALORIS GROUP,2247753098.41,673.0,-0.072466,-,-0.017088,-0.035817,0.024774,-0.072466,-0.080676,0.349888,0.566027,0.443308,2026-06-26,Hebdomadaire
MA0000042178,4217,EMERGENCE MONÉTAIRE,VALORIS MANAGEMENT,FCP,MONÉTAIRE,"]0  0,5]",TMP au jour le jour,QUOTIDIENNE,FGP,CAPITALISANT,0.0,0.0,0.02,BANK OF AFRICA,VALORIS MANAGEMENT;CAPITAL GESTION GROUP,4334715285.99,1316.23,0.012298,-,0.000464,0.001476,0.006654,0.012298,0.025021,0.058301,0.094979,0.140304,2026-06-26,Hebdomadaire
MA0000042186,4218,EMERGENCE RENDEMENT BANQUES,VALORIS MANAGEMENT,FCP,OMLT,"]1,1  5,1]",50 % MBI MT + 50% MBI MLT,QUOTIDIENNE,FGP,CAPITALISANT,0.03,0.015,0.02,BANK OF AFRICA,VALORIS MANAGEMENT;VALORIS GROUP,3612124343.22,1436.96,-0.009376,-,0.000759,-0.0044,0.009094,-0.009376,-0.004703,0.091243,0.167415,0.147457,2026-06-26,Hebdomadaire
MA0000042194,4219,PATRIMOINE CROISSANCE,WAFA GESTION,FCP,DIVERSIFIÉ,-,25% MASI RB + 75% MBI MLT,HEBDOMADAIRE,FGP,MIXTE,0.03,0.015,0.02,ATTIJARIWAFA BANK,WAFA GESTION,562190861.77,1415.93,0.00041,-,-0.012367,-0.034799,0.043396,0.00041,0.043365,0.284314,0.414826,-,2026-06-26,Hebdomadaire
MA0000042202,4220,EMERGENCE ÉQUILIBRE,VALORIS MANAGEMENT,FCP,DIVERSIFIÉ,-,80% MBI Global + 20% MASI,QUOTIDIENNE,FGP,CAPITALISANT,0.03,0.015,0.02,BANK OF AFRICA,"VALORIS MANAGEMENT,VALORIS GROUP",4121831245.77,1995.5,-0.045279,-,-0.006319,-0.018504,0.015651,-0.045279,-0.04925,0.190483,0.319592,0.180769,2026-06-26,Hebdomadaire
MA0000042210,4221,EMERGENCE RENDEMENT PLUS,VALORIS MANAGEMENT,FCP,OMLT,(3  7),50% MBI MT + 50% MBI MLT,QUOTIDIENNE,FGP,CAPITALISANT,0.03,0.01,0.02,BANK OF AFRICA,"VALORIS MANAGEMENT,VALORIS GROUP",4004388330.84,1111.84,-0.011065,-,0.001721,-0.002709,0.012107,-0.011065,-0.006399,0.082367,0.156937,0.083359,2026-06-26,Hebdomadaire
MA0000042228,4222,FCP CKG GARANTI,CDG CAPITAL GESTION,FCP,CONTRACTUEL,-,MONIA,QUOTIDIENNE,FGP,CAPITALISANT,0.03,0.015,0.02,CDG,CDG CAPITAL GESTION,283843940.68,1065.04,0.010053,-,0.000376,0.001392,0.00502,0.010053,0.019753,0.042154,-,-,2026-06-26,Hebdomadaire
MA0000042236,4223,FSEC I CT,CDG CAPITAL GESTION,FCP,OCT,"]0,5 1,1]",80% MBI CT + 20% MBI MT,QUOTIDIENNE,FNPP,CAPITALISANT,0.0,0.0,0.02,CDG,CDG CAPITAL GESTION,616373.56,1090.92,0.010701,-,0.000367,0.000954,0.006625,0.010701,0.024011,0.059115,-,-,2026-06-26,Hebdomadaire
MA0000042244,4224,FSEC II OMLT,CDG CAPITAL GESTION,FCP,OMLT,"]1,1  10]",MBI GLOBAL,QUOTIDIENNE,FNPP,CAPITALISANT,0.0,0.0,0.02,CDG,CDG CAPITAL GESTION,1453473657.23,1108.0,-0.005841,-,0.001473,-0.002593,0.013807,-0.005841,-0.000352,0.063891,-,-,2026-06-26,Hebdomadaire
MA0000042251,4225,WG SERENITE,WAFA GESTION,FCP,DIVERSIFIÉ,-,40% MASI RB + 60% MBI MT,HEBDOMADAIRE,FGP,MIXTE,0.002,0.001,0.02,ATTIJARIWAFA BANK,WAFA GESTION,99037483.0,142025.87,-0.000139,-,0.003191,0.002145,0.014784,-0.000139,0.013864,0.092635,0.20829,0.17288,2026-06-26,Hebdomadaire
MA0000042269,4226,WG BALANCED,WAFA GESTION,FCP,DIVERSIFIÉ,-,50% MASI RB + 50% MBI MT,HEBDOMADAIRE,FGP,MIXTE,0.0,0.0,0.02,ATTIJARIWAFA BANK,WAFA GESTION,340192709.08,1647.02,0.01475,-,-0.00924,-0.023832,0.062176,0.01475,0.042952,0.315921,0.449765,0.404025,2026-06-26,Hebdomadaire
MA0000042277,4227,WG PERFORMANCE,WAFA GESTION,FCP,DIVERSIFIÉ,-,15% MASI + 85% MBI MT,HEBDOMADAIRE,FGP,CAPITALISANT,0.0,0.0,0.02,ATTIJARIWAFA BANK,WAFA GESTION,193308130.65,14502.41,0.045916,-,-0.010026,-0.02711,0.06512,0.045916,0.074249,0.303161,0.419002,0.386389,2026-06-26,Hebdomadaire
MA0000042285,4228,HORIZON AVENIR,SAHAM CAPITAL GESTION,FCP,OMLT,"]2,5  6,5]",MBI GLOBAL,HEBDOMADAIRE,FGP,MIXTE,0.03,0.03,0.02,SAHAM BANK,SAHAM BANK,1106216.59,1106.21,0.00086,-,0.001657,-0.000921,0.011059,0.00086,0.004048,0.063244,-,-,2026-06-26,Hebdomadaire
MA0000042293,4229,WG ACTIONS,WAFA GESTION,FCP,ACTIONS,-,MASI RB,HEBDOMADAIRE,FNPP,MIXTE,0.0,0.0,0.02,ATTIJARIWAFA BANK,WAFA GESTION,350116124.92,2027.87,-0.035441,-,-0.012116,-0.018636,0.059532,-0.035441,0.001299,0.491125,0.684375,0.674639,2026-06-26,Hebdomadaire
MA0000042301,4230,PATRIMOINE MULTIVALEURS,WAFA GESTION,FCP,ACTIONS,-,85% MASI RB + 15% MBI MT,HEBDOMADAIRE,FNPP,MIXTE,0.002,0.001,0.02,ATTIJARIWAFA BANK,WAFA GESTION,3088116469.51,1385.85,0.023221,-,-0.022749,-0.053012,0.073462,0.023221,0.052494,0.477814,0.670967,0.595627,2026-06-26,Hebdomadaire
MA0000042319,4231,WG LOW VOLATILITY FACTOR FUND,WAFA GESTION,FCP,ACTIONS,-,MASI,HEBDOMADAIRE,FGP,CAPITALISANT,0.02,0.02,0.015,ATTIJARIWAFA BANK,WAFA GESTION; ATTIJARIWAFA BANK,2485221.59,150.01,-0.017552,-,-0.003653,-0.014324,0.040869,-0.017552,-0.045009,0.332948,-,-,2026-06-26,Hebdomadaire
MA0000042327,4232,WG VALUE FACTOR FUND,WAFA GESTION,FCP,ACTIONS,-,MASI,HEBDOMADAIRE,FGP,CAPITALISANT,0.02,0.02,0.015,ATTIJARIWAFA BANK,WAFA GESTION; ATTIJARIWAFA BANK,2358276.93,124.79,-0.092106,-,-0.017711,-0.038598,-0.027282,-0.092106,-0.100677,0.14644,-,-,2026-06-26,Hebdomadaire
MA0000042335,4233,WG MOMENTUM FACTOR FUND,WAFA GESTION,FCP,ACTIONS,-,MASI,HEBDOMADAIRE,FGP,CAPITALISANT,0.02,0.02,0.015,ATTIJARIWAFA BANK,WAFA GESTION; ATTIJARIWAFA BANK,81349706.45,172.33,-0.027593,-,-0.016718,-0.037908,0.059059,-0.027593,-0.031255,0.512728,-,-,2026-06-26,Hebdomadaire
MA0000042350,4235,CKG ACTIONS IDIKHAR,CDG CAPITAL GESTION,FCP,ACTIONS,-,MASI,HEBDOMADAIRE,FGP,MIXTE,0.03,0.015,0.02,CDG,CDG CAPITAL GESTION,35804163.79,293.06,-0.069326,-,-0.006846,0.00041,0.066875,-0.069326,-0.042256,0.431097,0.595232,0.564405,2026-06-26,Hebdomadaire
MA0000042368,4236,UNIVERS OBLIGATIONS,WAFA GESTION,FCP,OMLT,"]1,1  13]",50% MBI MLT +50% MBI MT,QUOTIDIENNE,FNPP,MIXTE,0.0,0.0,0.02,ATTIJARIWAFA BANK,WAFA GESTION,3359623158.31,1926.99,0.013256,-,0.006519,0.005878,-0.001663,0.013256,0.036819,0.100257,0.189067,0.19872,2026-06-26,Hebdomadaire
MA0000042376,4237,WG FRUCTI PATRIMOINE,WAFA GESTION,FCP,DIVERSIFIÉ,-,20% MASI RB + 80% MBI GLOBAL,HEBDOMADAIRE,FNPP,MIXTE,0.03,0.015,0.02,ATTIJARIWAFA BANK,WAFA GESTION,1681738060.1,1387.88,0.002543,-,-0.00464,-0.018757,0.012844,0.002543,0.014814,0.176209,0.284646,0.369353,2026-06-26,Hebdomadaire
MA0000042384,4238,OBLIFUTUR,WAFA GESTION,FCP,OMLT,"]1,1  5]",MBI MT,HEBDOMADAIRE,FNPP,CAPITALISANT,0.0,0.0,0.02,ATTIJARIWAFA BANK,WAFA GESTION,21005258601.67,169.06,0.015375,-,0.000533,0.002253,0.012032,0.015375,0.026099,0.067231,0.107428,0.143302,2026-06-26,Hebdomadaire
MA0000042392,4239,WG RENDEMENT,WAFA GESTION,FCP,DIVERSIFIÉ,-,30% MASI RENTABILITE + 70% MBI GLOBAL,QUOTIDIENNE,FGP,MIXTE,0.03,0.015,0.02,ATTIJARIWAFA BANK,WAFA GESTION,124760061.64,162865.13,0.050682,-,-0.016024,-0.041358,0.088031,0.050682,0.134391,0.314792,0.426434,0.45742,2026-06-26,Hebdomadaire
MA0000042400,4240,CAP SECURICOURT,WAFA GESTION,FCP,OMLT,]3  7],40% MBI MT + 60% MBI MLT,HEBDOMADAIRE,FNPP,CAPITALISANT,0.0,0.0,0.02,ATTIJARIWAFA BANK,WAFA GESTION,1635042936.24,299.62,-0.001832,-,0.001638,-0.002131,0.015523,-0.001832,0.009127,0.102476,0.199536,0.177243,2026-06-26,Hebdomadaire
MA0000042418,4241,WG BOND FUND,WAFA GESTION,FCP,OMLT,"]1,1 9]",MBI MLT,QUOTIDIENNE,FNPP,MIXTE,0.03,0.015,0.02,ATTIJARIWAFA BANK,WAFA GESTION,321892711.9,1097.15,0.003002,-,0.001808,-0.001056,0.013858,0.003002,0.012584,0.099455,0.150223,0.14922,2026-06-26,Hebdomadaire
MA0000042426,4242,CIH ACTIONS,CIH CAPITAL MANAGEMENT,FCP,ACTIONS,-,MASI,HEBDOMADAIRE,FGP,CAPITALISANT,0.03,0.015,0.02,CIH BANK,CIH CAPITAL MANAGEMENT,36375954.79,2559.03,-0.05186,-,-0.015076,-0.030718,0.029368,-0.05186,-0.050974,0.344728,0.534982,0.46933,2026-06-26,Hebdomadaire
MA0000042434,4243,CIH CASH,CIH CAPITAL MANAGEMENT,FCP,MONÉTAIRE,"[0  0,5[",80% MBI CT + 20% TMP,QUOTIDIENNE,FGP,CAPITALISANT,0.03,0.015,0.02,CIH BANK,CIH,3166994023.04,1559.33,0.013249,-,0.000494,0.001561,0.007241,0.013249,0.026064,0.057603,0.089519,0.127368,2026-06-26,Hebdomadaire
MA0000042442,4244,CIH EPARGNE,CIH CAPITAL MANAGEMENT,FCP,DIVERSIFIÉ,-,60 % MBI GLOBAL + 40% MASI,HEBDOMADAIRE,FGP,CAPITALISANT,0.03,0.015,0.02,CIH BANK,CIH CAPITAL MANAGEMENT,2155556.73,2155.62,0.000943,-,-0.004153,-0.001848,0.009313,0.000943,0.03197,0.220015,0.330071,0.285809,2026-06-26,Hebdomadaire
MA0000042459,4245,CIH MONETAIRE PLUS,CIH CAPITAL MANAGEMENT,FCP,OCT,"[0,5  1,1[",80% MBI CT +20 MBI MT,QUOTIDIENNE,FGP,CAPITALISANT,0.03,0.015,0.02,CIH BANK,CIH,2022245187.26,1605.45,0.013964,-,0.000592,0.001316,0.008816,0.013964,0.026726,0.06501,0.09842,0.130129,2026-06-26,Hebdomadaire
MA0000042467,4246,CIH OBLIGATIONS,CIH CAPITAL MANAGEMENT,FCP,OMLT,[3  7[,MBI GLOBAL,HEBDOMADAIRE,FGP,CAPITALISANT,0.03,0.015,0.02,CIH BANK,CIH,56554804.59,1958.18,-0.003242,-,0.0009,-0.00274,0.009064,-0.003242,0.006575,0.180622,0.236303,0.206467,2026-06-26,Hebdomadaire
MA0000042475,4247,CIH PATRIMOINE,CIH CAPITAL MANAGEMENT,FCP,DIVERSIFIÉ,-,80% MBI GLOBAL + 20% MASI,HEBDOMADAIRE,FGP,CAPITALISANT,0.03,0.015,0.02,CIH BANK,CIH CAPITAL MANAGEMENT,467147411.98,1748.09,-0.036769,-,-0.00242,-0.012507,0.004176,-0.036769,-0.032489,0.110053,0.192698,0.131794,2026-06-26,Hebdomadaire
MA0000042483,4248,CIH TRESORERIE,CIH CAPITAL MANAGEMENT,FCP,MONÉTAIRE,"[0  0,5[",50% MBI CT + 50% TMP,QUOTIDIENNE,FGP,CAPITALISANT,0.03,0.015,0.02,CIH BANK,CIH,1638366.2,1434.84,0.004073,-,0.00016,0.000307,0.002599,0.004073,0.007605,0.020505,0.045588,0.073371,2026-06-26,Hebdomadaire
MA0000042491,4249,WINEO OCT PLUS,WINEO GESTION,FCP,OCT,"]0,5 1,1]",MBI CT,QUOTIDIENNE,FGP,CAPITALISANT,0.0,0.0,0.02,ATTIJARIWAFA BANK,WINEO GESTION,135876817.92,1068.91,0.015119,-,0.000627,0.001546,0.00891,0.015119,0.027927,0.068942,-,-,2026-06-26,Hebdomadaire
MA0000042509,4250,FH2 OBLIGATAIRE DYNAMIQUE IV,WAFA GESTION,FCP,OMLT,"]1,1  7,1]",MBI GLOBAL,HEBDOMADAIRE,FNPP,MIXTE,0.0,0.0,0.02,ATTIJARIWAFA BANK,WAFA GESTION,2007677853.46,140.44,-0.002698,-,0.001926,-0.002911,0.011014,-0.002698,0.005441,-0.008822,0.016355,0.01901,2026-06-26,Hebdomadaire
MA0000042517,4251,WINEO DIVIDENDES ET CROISSANCE,WINEO GESTION,FCP,ACTIONS,-,MASI,HEBDOMADAIRE,FGP,DISTRIBUANT,0.02,0.015,0.02,ATTIJARIWAFA BANK,WINEO GESTION,79377726.68,1279.14,0.006262,-,-0.014765,-0.036502,0.052856,0.006262,0.024069,-,-,-,2026-06-26,Hebdomadaire
MA0000042525,4252,WG HORIZON,WAFA GESTION,FCP,DIVERSIFIÉ,-,75% MBI GLOBAL + 25% MASI RB,HEBDOMADAIRE,FGP,CAPITALISANT,0.0,0.0,0.02,ATTIJARIWAFA BANK,WAFA GESTION,240256244.85,17114.64,-0.004257,-,-0.010197,-0.026434,0.039155,-0.004257,0.019003,0.260559,0.372958,0.351116,2026-06-26,Hebdomadaire
MA0000042533,4253,AWG CAPITAL CROISSANCE,WAFA GESTION,FCP,DIVERSIFIÉ,-,70% MBI GLOBAL + 30% MASI RB,HEBDOMADAIRE,FGP,CAPITALISANT,0.0,0.0,0.02,ATTIJARIWAFA BANK,WAFA GESTION,127435921.32,971.35,-0.002803,-,-0.008604,-0.018224,0.03378,-0.002803,-,-,-,-,2026-06-26,Hebdomadaire
MA0000042541,4254,WG EPARGNE,WAFA GESTION,FCP,DIVERSIFIÉ,-,90% MASI RB + 10% MBI GLOBAL,HEBDOMADAIRE,FGP,MIXTE,0.0,0.0,0.02,ATTIJARIWAFA BANK,WAFA GESTION,375803064.08,173.62,-0.018264,-,-0.013747,-0.034801,0.038397,-0.018264,-0.006694,0.132551,0.212515,0.27613,2026-06-26,Hebdomadaire
MA0000042558,4255,WG DYNAMIC,WAFA GESTION,FCP,DIVERSIFIÉ,-,75% MBI + 25% MASI RB,HEBDOMADAIRE,FGP,CAPITALISANT,0.0,0.0,0.02,ATTIJARIWAFA BANK,WAFA GESTION,281549492.91,6156.99,0.005185,-,-0.014516,-0.034096,0.055107,0.005185,0.030828,0.295044,0.422861,0.36311,2026-06-26,Hebdomadaire
MA0000042566,4256,CMIM SERENITE,CDG CAPITAL GESTION,FCP,OMLT,"]1,1  10,1]",100% MBI MT,HEBDOMADAIRE,FNPP,MIXTE,0.0,0.0,0.02,CDG CAPITAL,CDG CAPITAL GESTION,1098417.26,1098.41,0.003627,-,0.001504,-0.000582,0.011809,0.003627,0.008224,0.067329,0.127453,0.094972,2026-06-26,Hebdomadaire
MA0000042574,4257,HORIZON OBLI BANQUES,SAHAM CAPITAL GESTION,FCP,OCT,"[0,5  1,1[",MBI CT,QUOTIDIENNE,FGP,CAPITALISANT,0.0,0.0,0.0075,SAHAM BANK,SAHAM BANK,600514697.83,215.79,0.012006,-,0.000556,0.001299,0.008129,0.012006,0.02338,0.058936,0.096884,0.136634,2026-06-26,Hebdomadaire
MA0000042582,4258,HORIZON EQUITY VALUE,SAHAM CAPITAL GESTION,FCP,ACTIONS,-,MASI,HEBDOMADAIRE,FGP,CAPITALISANT,0.02,0.02,0.02,SAHAM BANK,SAHAM BANK,28908012.42,189.12,-0.097538,-,-0.008337,-0.030303,-0.027561,-0.097538,-0.124201,0.175461,0.397886,0.378024,2026-06-26,Hebdomadaire
MA0000042590,4259,HORIZON AL BARAKA,SAHAM CAPITAL GESTION,FCP,ACTIONS,-,MASI,HEBDOMADAIRE,FGP,CAPITALISANT,0.02,0.015,0.02,SAHAM BANK,SAHAM BANK,574373057.15,790.97,-0.045414,-,-0.020943,-0.054847,0.055246,-0.045414,-0.060115,0.387545,0.689999,0.609527,2026-06-26,Hebdomadaire
MA0000042632,4263,WINEO EQUINOXE,WINEO GESTION,FCP,DIVERSIFIÉ,-,50% MBI + 50% MASI,QUOTIDIENNE,FGP,MIXTE,0.03,0.03,0.02,CIH BANK,WINEO GESTION,599610.76,1934.22,0.024693,-,-0.011968,-0.034372,0.04579,0.024693,0.039467,0.542268,0.741615,0.715662,2026-06-26,Hebdomadaire
MA0000300022,30002,STERLING SECUR RENDEMENT,STERLING ASSET MANAGEMENT,FCP,OMLT,"[1,1  7]",MBI GLOBAL,QUOTIDIENNE,FNPP,CAPITALISANT,0.0,0.0,0.02,CDG,STERLING ASSET MANAGEMENT,100206224.67,1002.04,-,-,0.000359,0.000909,-,-,-,-,-,-,2026-06-26,Hebdomadaire
MA0000300030,30003,AD CAPITAL DYNAMIC BOND,AD CAPITAL ASSET MANAGEMENT,FCP,OMLT,[3  7],MBI MLT,QUOTIDIENNE,FGP,MIXTE,0.03,0.015,0.02,BANQUE CENTRALE POPULAIRE,AD CAPITAL ASSET MANAGEMENT; AD CAPITAL GROUP,541377.88,1002.55,-,-,0.0027,0.003403,-,-,-,-,-,-,2026-06-26,Hebdomadaire
MA0000300048,30004,AD CAPITAL MULTISTRATEGIE,AD CAPITAL ASSET MANAGEMENT,FCP,ACTIONS,-,MASI,QUOTIDIENNE,FGP,MIXTE,0.03,0.015,0.02,CREDIT DU MAROC,AD CAPITAL ASSET MANAGEMENT; AD CAPITAL GROUP,539520.55,1000.97,-,-,0.002434,0.002253,-,-,-,-,-,-,2026-06-26,Hebdomadaire
MA0000300055,30005,AD CAPITAL OBLIGATAIRE PLUS,AD CAPITAL ASSET MANAGEMENT,FCP,OMLT,[3  7],MBI MLT,QUOTIDIENNE,FGP,MIXTE,0.03,0.015,0.02,SAHAM BANK,AD CAPITAL ASSET MANAGEMENT; AD CAPITAL GROUP,541546.09,1002.86,-,-,0.00278,0.003603,-,-,-,-,-,-,2026-06-26,Hebdomadaire
MA0000300071,30007,TWIN SECUR RENDEMENT,TWIN CAPITAL GESTION,FCP,OMLT,"[1,1  7]",MBI GLOBAL,QUOTIDIENNE,FNPP,CAPITALISANT,0.0,0.0,0.02,CDG,TWIN CAPITAL GESTION,101061535.16,1000.64,-,-,0.00042,-,-,-,-,-,-,-,2026-06-26,Hebdomadaire
MA0000030132,3013,BMCI TRESORERIE,CIH CAPITAL MANAGEMENT,SICAV,MONÉTAIRE,"[0  0,5[",TMJ(jj),QUOTIDIENNE,FGP,CAPITALISANT,0.0125,0.005,0.0195,BMCI,CIH CAPITAL MANAGEMENT,190692707.26,123186.5,0.007782,0.000125,0.000285,0.001402,0.00405,0.007893,0.015416,0.035174,0.059192,0.082501,2026-06-29,Quotidienne
MA0000030280,3028,CDG TAWFIR,CDG CAPITAL GESTION,SICAV,OMLT,[3  7[,MBI GLOBAL,QUOTIDIENNE,FGP,CAPITALISANT,0.005,0.0,0.02,CDG CAPITAL,CDG CAPITAL GESTION,1831568775.49,3460.73,-0.004854,0.00103,0.002456,0.000714,0.014419,-0.007502,0.007362,0.102312,0.191396,0.101663,2026-06-29,Quotidienne
MA0000030298,3029,SICAV OBLIGATIONS PÉRENNITÉ,CDG CAPITAL GESTION,SICAV,OMLT,"[1,1  16[",MBI MT,QUOTIDIENNE,FNPP,CAPITALISANT,0.03,0.015,0.02,CDG CAPITAL,CDG CAPITAL GESTION,6249371603.98,3288.24,-0.0083,0.001273,0.002763,0.001761,0.013091,-0.008312,0.004322,0.065804,0.116092,0.117472,2026-06-29,Quotidienne
MA0000030306,3030,CDG TRESORERIE,CDG CAPITAL GESTION,SICAV,MONÉTAIRE,"[0  0,5[",50% MBI CT + 50% TMP,QUOTIDIENNE,FGP,CAPITALISANT,0.0,0.0,0.02,CDG CAPITAL,CDG CAPITAL GESTION,5008575009.5,2268.14,0.013449,0.000216,0.000485,0.002608,0.007677,0.013744,0.026768,0.059948,0.096939,0.135194,2026-06-29,Quotidienne
MA0000030371,3037,CIMR TRESO PLUS,SAHAM CAPITAL GESTION,SICAV,OCT,"]0,5  1,1]",MBI CT,QUOTIDIENNE,FNPP,CAPITALISANT,0.0,0.0,0.02,SAHAM BANK,SAHAM BANK,136468943.53,401379.24,0.011646,0.000189,0.000413,0.001911,0.007848,0.011819,0.022235,0.056309,0.093659,0.129921,2026-06-29,Quotidienne
MA0000030413,3041,BMCI CASH,CIH CAPITAL MANAGEMENT,SICAV,OCT,"[0,6  1,1[",MBI CT,QUOTIDIENNE,FGP,CAPITALISANT,0.0,0.0,0.0067,BMCI,CIH CAPITAL MANAGEMENT,32381268.18,195.19,0.014396,0.000205,0.000359,0.003806,0.012239,0.014554,0.03166,0.06446,0.09295,0.109854,2026-06-29,Quotidienne
MA0000030470,3047,CFG CROISSANCE,CFG GESTION,SICAV,DIVERSIFIÉ,-,50% CFG 25 FLOTTANT + 50% CFG BONDS CT,QUOTIDIENNE,FGP,CAPITALISANT,0.002,0.002,0.015,CFG BANK,CFG GESTION; CFG BANK,1709786016.260528,9414.24,-0.037277,0.000572,-0.01057,-0.020227,0.023751,-0.05592,-0.035934,0.211785,0.322879,0.239894,2026-06-29,Quotidienne
MA0000030488,3048,IRAD,BMCE CAPITAL GESTION,SICAV,MONÉTAIRE,"<0,5",Taux Repo au jour le jour,QUOTIDIENNE,FGP,CAPITALISANT,0.0,0.0,0.015,BANK OF AFRICA,BMCE CAPITAL GESTION,3644236811.86,2781.15,0.013088,0.000219,0.000471,0.002437,0.007422,0.01342,0.026637,0.059671,0.097711,0.141547,2026-06-29,Quotidienne
MA0000030512,3051,HORIZON EXPANSION,UPLINE CAPITAL MANAGEMENT,SICAV,DIVERSIFIÉ,-,40% TMP + 60% MASI,QUOTIDIENNE,FGP,CAPITALISANT,0.01,0.005,0.02,BCP,UPLINE CAPITAL MANAGEMENT,4580216.67,41638.33,-0.020128,0.001323,-0.009528,-0.022631,0.02286,-0.033608,-0.002106,0.210188,0.305637,0.280532,2026-06-29,Quotidienne
MA0000030520,3052,ATTIJARI DIVERSIFIE,WAFA GESTION,SICAV,DIVERSIFIÉ,-,30% MASI + 70% MBI MT,QUOTIDIENNE,FGP,CAPITALISANT,0.03,0.015,0.02,ATTIJARIWAFA BANK,WAFA GESTION,4793025163.35,750.65,0.0437,0.001949,-0.015864,-0.033552,0.056762,0.029176,0.06045,-,-,-,2026-06-29,Quotidienne
MA0000030553,3055,ATTIJARI TRESORERIE,WAFA GESTION,SICAV,MONÉTAIRE,"[0  0,5[",TMP,QUOTIDIENNE,FGP,CAPITALISANT,0.0,0.0,0.02,ATTIJARIWAFA BANK,WAFA GESTION,3173114075.48,5672.05,0.010436,0.000166,0.00037,0.001814,0.005913,0.010677,0.020693,0.046865,0.076448,0.106187,2026-06-29,Quotidienne
MA0000030579,3057,CDM OPTIMUM,WAFA GESTION,SICAV,DIVERSIFIÉ,-,50% MBI MLT + 50% MASI RENTABILITE,QUOTIDIENNE,FGP,CAPITALISANT,0.03,0.015,0.02,CDM,WAFA GESTION,531213629.9,6873.53,0.001801,0.002863,-0.012624,-0.031439,0.04018,-0.011839,0.02126,0.262261,0.385267,0.297534,2026-06-29,Quotidienne
MA0000030587,3058,CDM GENERATION,WAFA GESTION,SICAV,OMLT,[3  5[,65% MBI MT + 35% MBI MLT,QUOTIDIENNE,FGP,CAPITALISANT,0.03,0.015,0.02,CDM,WAFA GESTION,981706338.29,3592.86,-0.004064,0.001374,0.001031,-0.001792,0.013566,-0.005756,0.005606,0.088126,0.182161,0.109274,2026-06-29,Quotidienne
MA0000030595,3059,CDM TRESOR PLUS,WAFA GESTION,SICAV,OCT,"]0,5  1,1]",MBI CT,QUOTIDIENNE,FGP,DISTRIBUANT,0.03,0.015,0.02,CDM,WAFA GESTION,236129669.44,1737.15,0.013258,0.000219,0.00049,0.002383,0.008839,0.013542,0.025503,0.061626,0.104172,0.13725,2026-06-29,Quotidienne
MA0000030603,3060,CDM CASH,WAFA GESTION,SICAV,MONÉTAIRE,"[0  0,5[",40% TMP + 60% MBI CT,QUOTIDIENNE,FGP,CAPITALISANT,0.03,0.015,0.015,CDM,WAFA GESTION,1495196366.17,5978.66,0.011115,0.000176,0.00039,0.001979,0.006175,0.01134,0.0221,0.050726,0.082728,0.115596,2026-06-29,Quotidienne
MA0000030736,3073,BMCI TRESO PLUS,CIH CAPITAL MANAGEMENT,SICAV,MONÉTAIRE,"[0,6  1,1[",MBI CT,QUOTIDIENNE,FGP,CAPITALISANT,0.0,0.0,0.02,BMCI,CIH CAPITAL MANAGEMENT,1147729635.04,167.93,0.010105,0.000179,0.000417,0.00179,0.00587,0.010348,0.020045,0.047272,0.078202,0.110722,2026-06-29,Quotidienne
MA0000030777,3077,HORIZON LIQUIDITE,SAHAM CAPITAL GESTION,SICAV,MONÉTAIRE,"[0  0,5[",MONIA,QUOTIDIENNE,FGP,CAPITALISANT,0.0,0.0,0.02,SAHAM BANK,SAHAM BANK,429076595.02,215.54,0.010786,0.000186,0.000418,0.001999,0.006115,0.011118,0.022146,0.051569,0.08317,0.117306,2026-06-29,Quotidienne
MA0000030785,3078,HORIZON OBLIG PLUS,SAHAM CAPITAL GESTION,SICAV,OMLT,"]2,5  6,5]",MBI MT,QUOTIDIENNE,FGP,CAPITALISANT,0.005,0.001,0.02,SAHAM BANK,SAHAM BANK,1300070655.59,247.22,-0.008025,0.001661,0.002189,-0.002823,0.013197,-,-0.001373,-,-,-,2026-06-29,Quotidienne
MA0000035594,3559,HORIZON BALANCED FUND,SAHAM CAPITAL GESTION,FCP,DIVERSIFIÉ,-,50% MBI GLOBAL + 50% MASI,QUOTIDIENNE,FGP,DISTRIBUANT,0.02,0.015,0.02,SAHAM BANK,SAHAM BANK,1253475.41,104456.28,-0.0324,0.001077,-0.009671,-,-,-,-0.015771,-,-,-,2026-06-29,Quotidienne
MA0000035677,3567,CDG HORIZONS,CDG CAPITAL GESTION,FCP,OMLT,"]1,1  5,1]",50% MBI MLT + 50% MBI MT,QUOTIDIENNE,FGP,CAPITALISANT,0.03,0.015,0.02,CDG CAPITAL,CDG CAPITAL GESTION,229771074.22,2248.35,0.003168,0.00036,0.001216,0.000587,0.013834,0.00306,0.021119,0.099411,0.153817,0.128871,2026-06-29,Quotidienne
MA0000035735,3573,STAFF ACTION,CFG GESTION,FCP,ACTIONS,-,CFG 25 FLOTTANT,QUOTIDIENNE,FNPP,CAPITALISANT,0.003,0.003,0.02,CFG BANK,CFG GESTION; CFG BANK,48832574.917844,4396.16,-0.044367,-0.000448,-0.023781,-0.041519,0.039547,-0.072356,-0.008827,0.408994,0.635841,0.661493,2026-06-29,Quotidienne
MA0000035743,3574,CFG PERFORMANCE,CFG GESTION,FCP,ACTIONS,-,CFG 25 FLOTTANT,QUOTIDIENNE,FGP,CAPITALISANT,0.004500000000000001,0.004500000000000001,0.02,CFG BANK,CFG GESTION; CFG BANK,1262211522.87645,1142.85,-0.047045,-0.000157,-0.022712,-0.046385,0.030337,-0.074263,-0.038054,0.399642,0.614263,0.489676,2026-06-29,Quotidienne
MA0000035784,3578,CFG VALEURS,CFG GESTION,FCP,ACTIONS,-,CFG 25 FLOTTANT,QUOTIDIENNE,FGP,CAPITALISANT,0.003,0.003,0.02,CFG BANK,CFG GESTION; CFG BANK,87166081.932348,669.37,-0.058247,0.000418,-0.021375,-0.043812,0.022923,-0.083457,-0.04088,0.329513,0.467981,0.382282,2026-06-29,Quotidienne
MA0000035792,3579,CFG RENDEMENT,CFG GESTION,FCP,OMLT,[2   6[,CFG BONDS CT,QUOTIDIENNE,FGP,CAPITALISANT,0.0,0.0,0.01,CFG BANK,CFG GESTION; CFG BANK,42094235.219329,347.98,-0.006623,8.6e-05,0.000374,-0.001492,5.7e-05,-0.006538,0.051172,0.05872,0.069654,-0.010071,2026-06-29,Quotidienne
MA0000035826,3582,CFG LIQUIDITE,CFG GESTION,FCP,OCT,"]0,5; 1,1]",MBI CT,QUOTIDIENNE,FGP,CAPITALISANT,0.0,0.0,0.01,CFG BANK,CFG GESTION; CFG BANK,106867316.330037,227.46,0.007575,0.000176,0.000352,0.001365,0.005748,0.007664,0.03358,0.052617,0.078367,0.092717,2026-06-29,Quotidienne
MA0000035834,3583,CFG SECURITE,CFG GESTION,FCP,MONÉTAIRE,"]0 0,5]",TMP INTERBANCAIRE,QUOTIDIENNE,FGP,CAPITALISANT,0.0,0.0,0.006,CFG BANK,CFG GESTION; CFG BANK,1896285376.006668,2559.7,0.010704,0.00018,0.000371,0.001891,0.0061,0.01098,0.024171,0.052543,0.082797,0.113203,2026-06-29,Quotidienne
MA0000035842,3584,FCP CAPITAL BALANCE,BMCE CAPITAL GESTION,FCP,DIVERSIFIÉ,-,50% MASI + 50% MBI Global,QUOTIDIENNE,FGP,CAPITALISANT,0.02,0.02,0.02,BANK OF AFRICA,BMCE CAPITAL GESTION,460429654.01,5659.86,-0.027133,0.00104,-0.009638,-0.022526,0.022669,-0.043556,-0.019596,-,-,-,2026-06-29,Quotidienne
MA0000035867,3586,FCP CAPITAL IMTIYAZ CROISSANCE,BMCE CAPITAL GESTION,FCP,DIVERSIFIÉ,-,30% MASI + 70% MBI,QUOTIDIENNE,FGP,CAPITALISANT,0.02,0.02,0.02,BANK OF AFRICA,BMCE CAPITAL GESTION,1528551.46,66458.75,0.005958,0.000482,-0.01138,-0.020591,0.027792,-0.004729,0.02561,-,-,-,2026-06-29,Quotidienne
MA0000035875,3587,FCP CAPITAL PARTICIPATIONS,BMCE CAPITAL GESTION,FCP,ACTIONS,-,MASI,QUOTIDIENNE,FGP,CAPITALISANT,0.02,0.02,0.02,BANK OF AFRICA,BMCE CAPITAL GESTION,681071484.51,9773.85,-0.123607,-0.003892,-0.008748,-0.0127,0.003804,-0.139891,-0.126382,-,-,-,2026-06-29,Quotidienne
MA0000035883,3588,CAPITAL DIVIDENDES PLUS,BMCE CAPITAL GESTION,FCP,ACTIONS,-,MASI,QUOTIDIENNE,FGP,MIXTE,0.02,0.02,0.02,BANK OF AFRICA,BMCE CAPITAL GESTION,5309887.41,8045.28,-0.031685,0.00086,-0.016206,-0.032419,0.038625,-0.056454,-0.000453,-,-,-,2026-06-29,Quotidienne
MA0000035917,3591,CAPITAL TRESOR,BMCE CAPITAL GESTION,FCP,OMLT,[2    6[,40% MBI MLT + 60% MBI MT,QUOTIDIENNE,FGP,CAPITALISANT,0.02,0.02,0.02,BANK OF AFRICA,BMCE CAPITAL GESTION,4572660363.55,2845.74,-0.008218,0.001559,0.002625,-0.001617,0.012474,-0.009378,-0.004861,-,-,-,2026-06-29,Quotidienne
MA0000035925,3592,FCP CAPITAL DYNAMIQUE,BMCE CAPITAL GESTION,FCP,OCT,"]0,5  1,1]",MBI CT,QUOTIDIENNE,FGP,CAPITALISANT,0.01,0.01,0.01,BANK OF AFRICA,BMCE CAPITAL GESTION,145548654.31,2338.28,0.008579,0.000197,0.000381,0.001559,0.005318,0.008884,0.052639,0.069657,0.083219,0.106192,2026-06-29,Quotidienne
MA0000035933,3593,FCP CAPITAL INSTITUTIONS,BMCE CAPITAL GESTION,FCP,OMLT,"]1,1  5,1]",MBI MT,QUOTIDIENNE,FGP,CAPITALISANT,0.02,0.02,0.02,BANK OF AFRICA,BMCE CAPITAL GESTION,1172755502.86,2631.52,-0.004457,0.000844,0.001644,0.000825,0.013581,-0.005769,0.008547,-,-,-,2026-06-29,Quotidienne
MA0000035941,3594,FCP CAPITAL IMTIYAZ SECURITE,BMCE CAPITAL GESTION,FCP,OMLT,]2  6],MBI GLOBAL,QUOTIDIENNE,FGP,CAPITALISANT,0.02,0.02,0.02,BANK OF AFRICA,BMCE CAPITAL GESTION,1105193217.69,30010.4,-0.004147,0.001235,0.002375,-0.000677,0.008855,-0.004396,0.009102,-,-,-,2026-06-29,Quotidienne
MA0000035974,3597,EMERGENCE MONEY MARKET FUND,VALORIS MANAGEMENT,FCP,MONÉTAIRE,"[0  0,5[",MBI CT,QUOTIDIENNE,FGP,CAPITALISANT,0.0,0.0,0.0065,BANK OF AFRICA,VALORIS MANAGEMENT,479690947.88,2089.42,0.009957,0.000177,0.000378,0.001736,0.005457,0.010162,0.026394,0.05456,0.08578,0.117188,2026-06-29,Quotidienne
MA0000036006,3600,UPLINE TRESORERIE,UPLINE CAPITAL MANAGEMENT,FCP,MONÉTAIRE,"]0  0,5]",100% TMP,QUOTIDIENNE,FGP,CAPITALISANT,0.0,0.0,0.02,BCP,UPLINE CAPITAL MANAGEMENT,351124653.43,19525.37,0.010365,0.000175,0.000379,0.001916,0.005512,0.010519,0.020706,0.04833,0.077939,0.115953,2026-06-29,Quotidienne
MA0000036014,3601,UPLINE CASH,UPLINE CAPITAL MANAGEMENT,FCP,MONÉTAIRE,"]0  0,5]",60% TMP + 40% MBI CT,QUOTIDIENNE,FNPP,CAPITALISANT,0.0,0.0,0.02,BCP,UPLINE CAPITAL MANAGEMENT,313352991.13,23452.81,0.011027,0.000184,0.000426,0.002061,0.006234,0.011264,0.022441,0.051832,0.083457,0.117344,2026-06-29,Quotidienne
MA0000036048,3604,ATTIJARI MONETAIRE PLUS,WAFA GESTION,FCP,OCT,"[0,5  1,1[",MBI CT,QUOTIDIENNE,FGP,CAPITALISANT,0.0,0.0,0.02,ATTIJARIWAFA BANK,WAFA GESTION,897035539.89,230.96,0.011474,0.00013,0.00052,0.00217,0.007635,0.011696,0.022626,0.053746,0.088664,0.116126,2026-06-29,Quotidienne
MA0000036063,3606,ATTIJARI ACTIONS,WAFA GESTION,FCP,ACTIONS,-,MASI,QUOTIDIENNE,FGP,CAPITALISANT,0.03,0.015,0.02,ATTIJARIWAFA BANK,WAFA GESTION,842201012.03,903.86,-0.009295,0.002351,-0.020928,-0.043949,0.048963,-0.034018,0.004925,0.387437,0.496507,0.397347,2026-06-29,Quotidienne
MA0000036147,3614,CDM SECURITE PLUS,WAFA GESTION,FCP,MONÉTAIRE,"[0  0,5[",TMP,QUOTIDIENNE,FGP,CAPITALISANT,0.0,0.0,0.01,CDM,WAFA GESTION,243857037.13,2039.31,0.00878,0.000137,0.000309,0.001562,0.004408,0.00888,0.017691,0.03907,0.065081,0.094673,2026-06-29,Quotidienne
MA0000036154,3615,FCP CDM LIQUIDITES,WAFA GESTION,FCP,OCT,"[0  1,1[",80% MBI CT + 20% MBI MT,QUOTIDIENNE,FGP,CAPITALISANT,0.03,0.015,0.02,CDM,WAFA GESTION,499442252.24,40054.72,0.009958,0.000185,0.000243,0.001546,0.007057,0.010124,0.01912,0.049309,0.082741,0.101012,2026-06-29,Quotidienne
MA0000036196,3619,FCP CAM LIQUIDITE,MAROGEST,FCP,MONÉTAIRE,"]0 0,5]",TMP INTERBANCAIRE,QUOTIDIENNE,FGP,CAPITALISANT,0.0,0.0,0.0065,CIH BANK,MAROGEST,1354270881.97,1939.61,0.013656,0.000186,0.000346,0.002979,0.00771,0.014037,0.027799,0.060911,0.097356,0.140471,2026-06-29,Quotidienne
MA0000036220,3622,FCP CAPITAL PROTECTION,BMCE CAPITAL GESTION,FCP,ACTIONS,-,MASI,QUOTIDIENNE,FNPP,CAPITALISANT,0.02,0.02,0.02,BANK OF AFRICA,BMCE CAPITAL GESTION,998583358.68,3699.95,-0.042242,0.001117,-0.019346,-0.037889,0.036824,-0.06989,-0.036032,0.376068,0.587888,0.583989,2026-06-29,Quotidienne
MA0000036238,3623,FCP CAPITAL MONETAIRE,BMCE CAPITAL GESTION,FCP,MONÉTAIRE,"[0  0,25[",MONIA,QUOTIDIENNE,FGP,CAPITALISANT,0.01,0.01,0.01,BANK OF AFRICA,BMCE CAPITAL GESTION,233839280.2,1651.95,0.009552,0.000151,0.000357,0.001765,0.004885,0.009688,0.019131,0.041405,0.068877,0.101564,2026-06-29,Quotidienne
MA0000036246,3624,CDG MONETAIRE PLUS,CDG CAPITAL GESTION,FCP,OCT,"[0,5  1,1[",85% MBI CT + 15% MBI MT,QUOTIDIENNE,FGP,CAPITALISANT,0.005,0.0,0.01,CDG CAPITAL,CDG CAPITAL GESTION,2630077537.92,2307.51,0.015777,0.000256,0.00059,0.002581,0.011015,0.016099,0.031986,0.074405,0.117617,0.147866,2026-06-29,Quotidienne
MA0000036261,3626,CAPITAL IMTIYAZ LIQUIDITE,BMCE CAPITAL GESTION,FCP,OCT,"]0,5  1,1]",MBI CT,QUOTIDIENNE,FGP,CAPITALISANT,0.01,0.005,0.008,BANK OF AFRICA,BMCE CAPITAL GESTION,13690933393.07,19281.29,0.014006,0.000251,0.000552,0.00241,0.009686,0.014255,0.02917,0.071101,0.114603,0.161139,2026-06-29,Quotidienne
MA0000036287,3628,EMERGENCE BOND FUND,VALORIS MANAGEMENT,FCP,OCT,]0.5  1.1],MBI CT,QUOTIDIENNE,FGP,CAPITALISANT,0.0,0.0,0.008,BANK OF AFRICA,VALORIS MANAGEMENT,576882995.91,2409.14,0.010571,0.000191,0.00039,0.001738,0.007166,0.010787,0.02335,0.053918,0.087285,0.125598,2026-06-29,Quotidienne
MA0000036303,3630,FCP CAPITAL ACTIONS,BMCE CAPITAL GESTION,FCP,ACTIONS,-,MASI,QUOTIDIENNE,FGP,CAPITALISANT,0.02,0.02,0.02,BANK OF AFRICA,BMCE CAPITAL GESTION,252571776.86,257.7,-0.040331,0.000699,-0.019742,-0.039902,0.035023,-0.067588,-0.034289,0.41718,0.60331,0.485046,2026-06-29,Quotidienne
MA0000036311,3631,FCP CAPITAL SELECTION,BMCE CAPITAL GESTION,FCP,ACTIONS,-,MADEX,QUOTIDIENNE,FGP,CAPITALISANT,0.02,0.02,0.02,BANK OF AFRICA,BMCE CAPITAL GESTION,3574580.89,312.79,-0.04369,-0.00201,-0.014679,-0.03065,0.015288,-0.066103,-0.022806,0.365239,0.563872,0.481996,2026-06-29,Quotidienne
MA0000036329,3632,FCP CAPITAL TERME,BMCE CAPITAL GESTION,FCP,DIVERSIFIÉ,-,80% MBI GLOBAL + 20% MASI,QUOTIDIENNE,FGP,CAPITALISANT,0.02,0.02,0.02,BANK OF AFRICA,BMCE CAPITAL GESTION,78621174.16,240.7,-0.008567,0.001123,-0.002776,-0.007954,0.016126,-0.01522,0.003126,0.175293,0.289994,0.225935,2026-06-29,Quotidienne
MA0000036345,3634,CFG INSTIBONDS,CFG GESTION,FCP,OMLT,"]1,5  5,5]",MBI GLOBAL,QUOTIDIENNE,FGP,CAPITALISANT,0.03,0.015,0.02,CFG BANK,CFG GESTION; CFG BANK,551067488.43309,34.06,-0.00088,0.00147,0.003536,0.000882,0.011283,-0.000587,-0.778385,-0.763472,-0.753474,-,2026-06-29,Quotidienne
MA0000036352,3635,FCP CAM TRESO PLUS,MAROGEST,FCP,OCT,"]0,5 1,1]",85% MBI CT + 15 % MBI MT,QUOTIDIENNE,FGP,CAPITALISANT,0.03,0.015,0.02,CIH BANK,CIH,788727562.61,173.92,0.013815,0.000288,0.00046,0.002363,0.009226,0.01417,0.027957,0.068108,0.10975,0.149884,2026-06-29,Quotidienne
MA0000036402,3640,UPLINE EQUILIBRE,UPLINE CAPITAL MANAGEMENT,FCP,DIVERSIFIÉ,-,75% MBI GLOBAL + 25% MASI 20,QUOTIDIENNE,FNPP,MIXTE,0.0,0.0,0.02,BCP,UPLINE CAPITAL MANAGEMENT,555168883.25,121.57,-0.01887,0.00173,-0.004993,-0.015787,0.029687,-0.031089,-0.009638,-0.082326,-,-,2026-06-29,Quotidienne
MA0000036477,3647,INSTIMONETAIRE,CIH CAPITAL MANAGEMENT,FCP,MONÉTAIRE,"<=0,5",TMI(jj),QUOTIDIENNE,FGP,CAPITALISANT,0.0125,0.005,0.0195,BMCI,CIH CAPITAL MANAGEMENT,12261973.53,139.73,0.018366,0.000143,0.000286,0.005686,0.015185,0.018514,0.04354,0.079913,0.094891,0.111969,2026-06-29,Quotidienne
MA0000036493,3649,FCP CAPITAL MAGHREB,BMCE CAPITAL GESTION,FCP,ACTIONS,-,MASI,QUOTIDIENNE,FGP,CAPITALISANT,0.02,0.02,0.02,BANK OF AFRICA,BMCE CAPITAL GESTION,1326546321.68,1698.4,-0.044861,0.000742,-0.019801,-0.038556,0.036849,-0.073088,-0.040669,-,-,-,2026-06-29,Quotidienne
MA0000036501,3650,FCP CAPITAL MULTI-GESTION,BMCE CAPITAL GESTION,FCP,DIVERSIFIÉ,-,80% MBI GLOBAL + 20% MASI,QUOTIDIENNE,FGP,CAPITALISANT,0.02,0.02,0.02,BANK OF AFRICA,BMCE CAPITAL GESTION,1724662397.15,535.34,-0.032512,0.001253,-0.003462,-0.013834,0.016288,-0.043609,-0.026336,-,-,-,2026-06-29,Quotidienne
MA0000036576,3657,UPLINE VALEURS PLUS,UPLINE CAPITAL MANAGEMENT,FCP,ACTIONS,-,MASI,QUOTIDIENNE,FGP,MIXTE,0.0,0.0,0.02,BCP,UPLINE CAPITAL MANAGEMENT,14707421.31,4249.47,-0.036069,0.001419,-0.017327,-0.034946,0.040135,-0.06304,-0.02572,0.397526,0.599283,0.537741,2026-06-29,Quotidienne
MA0000036584,3658,HORIZON NOVA,SAHAM CAPITAL GESTION,FCP,MONÉTAIRE,"[0  0,5[",TMP INTERBANCAIRE,QUOTIDIENNE,FNPP,CAPITALISANT,0.03,0.015,0.02,SAHAM BANK,SAHAM BANK,1593044.66,1514.3,0.008015,0.000139,0.00031,0.001468,0.004537,0.008223,0.015818,0.03744,0.063458,0.089456,2026-06-29,Quotidienne
MA0000036592,3659,FCP CAPITAL IMMOBILIER,BMCE CAPITAL GESTION,FCP,ACTIONS,-,10% Indice Sectoriel Immobilier + 10 % Indice Sectoriel Batiments et Matériaux de Construction + 80% MASI,QUOTIDIENNE,FGP,CAPITALISANT,0.02,0.02,0.02,BANK OF AFRICA,BMCE CAPITAL GESTION,1336670.73,1836.08,-0.060579,-0.003652,-0.011186,-0.019722,0.007208,-0.079659,-0.023253,-,-,-,2026-06-29,Quotidienne
MA0000036600,3660,ALIF I,UPLINE CAPITAL MANAGEMENT,FCP,OMLT,"]3,1   7,1]",50% MBI MT + 50% MBI MLT,QUOTIDIENNE,FNPP,CAPITALISANT,0.0,0.0,0.02,BCP,UPLINE CAPITAL MANAGEMENT,2786655816.64,1855.65,0.001425,0.001446,0.002756,0.002767,0.016778,0.001565,0.012937,0.10558,0.204506,0.180154,2026-06-29,Quotidienne
MA0000036618,3661,UPLINE PERENNITE,UPLINE CAPITAL MANAGEMENT,FCP,MONÉTAIRE,"]0  0,5]",50% TMP +  50% MBI CT,QUOTIDIENNE,FGP,MIXTE,0.0,0.0,0.02,BCP,UPLINE CAPITAL MANAGEMENT,8102347949.66,1780.15,0.01253,0.000191,0.000444,0.002207,0.007168,0.012853,0.025025,0.057888,0.093814,0.135785,2026-06-29,Quotidienne
MA0000036659,3665,ATTIJARI LIQUIDITE,WAFA GESTION,FCP,MONÉTAIRE,"[0  0,5[",TMP,QUOTIDIENNE,FGP,CAPITALISANT,0.02,0.02,0.02,ATTIJARIWAFA BANK,WAFA GESTION,4021647631.96,1585.42,0.009301,0.000145,0.000334,0.001706,0.004683,0.00941,0.019019,0.042457,0.070622,0.104437,2026-06-29,Quotidienne
MA0000036774,3677,AFRICAPITAL LIQUIDITY,AFRICAPITAL MANAGEMENT,FCP,MONÉTAIRE,"]0  0,5]",Repo jj capitalisé,QUOTIDIENNE,FGP,CAPITALISANT,0.03,0.03,0.02,ATTIJARIWAFA BANK,AFRICAPITAL MANAGEMENT,1632768228.02,1583.42,0.01177,0.000183,0.000398,0.001974,0.00681,0.011945,0.023834,0.054032,0.088463,0.126396,2026-06-29,Quotidienne
MA0000036873,3687,AFRICAPITAL CASH,AFRICAPITAL MANAGEMENT,FCP,OCT,]0.5  1.1],MBI CT,QUOTIDIENNE,FGP,CAPITALISANT,0.02,0.02,0.02,ATTIJARIWAFA BANK,AFRICAPITAL MANAGEMENT,1958476854.37,1595.06,0.011638,0.000245,0.000295,0.001834,0.008702,0.011831,0.023931,0.063302,0.104926,0.142151,2026-06-29,Quotidienne
MA0000036907,3690,FCP IRGAM MONETAIRE,IRG ASSET MANAGEMENT,FCP,MONÉTAIRE,"]0 0,5]",80% MONIA + 20% MBI CT,QUOTIDIENNE,FGP,CAPITALISANT,0.03,0.015,0.02,ATTIJARIWAFA BANK,IRG ASSET MANAGEMENT,247956887.92,155.98,0.005998,6.4e-05,0.000192,0.000963,0.003474,0.006128,0.016554,0.031818,0.060079,0.098141,2026-06-29,Quotidienne
MA0000036915,3691,FCP IRGAM OBLIGATAIRE,IRG ASSET MANAGEMENT,FCP,OMLT,"[3,5  7,5]",MBI MLT,QUOTIDIENNE,FGP,CAPITALISANT,0.03,0.015,0.02,ATTIJARIWAFA BANK,IRG ASSET MANAGEMENT,1663832875.4,164.65,-0.015133,0.000729,0.00146,-0.005136,0.007342,-0.015604,-0.009028,0.089315,0.179188,-0.004775,2026-06-29,Quotidienne
MA0000036923,3692,FCP IRGAM ACTIONS,IRG ASSET MANAGEMENT,FCP,ACTIONS,-,MASI FLOTTANT,QUOTIDIENNE,FGP,CAPITALISANT,0.03,0.015,0.02,ATTIJARIWAFA BANK,IRG ASSET MANAGEMENT,1518791087.52,248.83,-0.052221,0.000643,-0.017298,-0.031375,0.030779,-0.079124,-0.040489,0.364574,0.572882,0.40725,2026-06-29,Quotidienne
MA0000036972,3697,CFG PREVOYANCE,CFG GESTION,FCP,OMLT,]1.1  8],MBI GLOBAL,QUOTIDIENNE,FGP,CAPITALISANT,0.03,0.015,0.02,CFG BANK,CFG GESTION,626199232.774679,163.5,-0.002551,0.001225,0.002575,-0.0011,0.010007,-0.005315,0.002488,0.11143,0.209574,0.160626,2026-06-29,Quotidienne
MA0000037046,3704,AXA MONETAIRE,CIH CAPITAL MANAGEMENT,FCP,MONÉTAIRE,"<=0,5",TMI(jj),QUOTIDIENNE,FNPP,CAPITALISANT,0.0,0.0,0.02,BMCI,CIH CAPITAL MANAGEMENT,407684352.23,159376.21,0.011094,0.000173,0.000402,0.002007,0.00635,0.011356,0.022125,0.0512,0.08397,0.120105,2026-06-29,Quotidienne
MA0000037061,3706,FCP CAPITAL PLUS,BMCE CAPITAL GESTION,FCP,OMLT,"]1,1  5,1]",MBI MT,QUOTIDIENNE,FGP,CAPITALISANT,0.02,0.02,0.02,BANK OF AFRICA,BMCE CAPITAL GESTION,2618771681.06,1658.7,-0.003335,0.001256,0.001455,-0.001228,0.00831,-0.005981,-0.003939,-,-,-,2026-06-29,Quotidienne
MA0000037095,3709,AD CASH,AD CAPITAL ASSET MANAGEMENT,FCP,MONÉTAIRE,[0  0.5[,MBI CT,QUOTIDIENNE,FGP,CAPITALISANT,0.03,0.03,0.02,ATTIJARIWAFA BANK,AD CAPITAL ASSET MANAGEMENT; AD CAPITAL GROUP,1616633410.95,1584.69,0.013073,0.000221,0.00048,0.002353,0.007227,0.013423,0.02642,0.062046,0.100265,0.146316,2026-06-29,Quotidienne
MA0000037186,3718,FCP ALIF II,WAFA GESTION,SICAV,OMLT,"]1,1 10]",50% MBI MLT + 50% MBI MT,QUOTIDIENNE,FNPP,CAPITALISANT,0.03,0.015,0.02,ATTIJARIWAFA BANK,WAFA GESTION,3142006453.84,1843.77,0.003014,0.001853,0.003472,0.003227,0.017578,0.003309,0.016916,0.114411,0.208435,0.191166,2026-06-29,Quotidienne
MA0000037202,3720,ATLAS EQUILIBRE,ATLAS CAPITAL MANAGEMENT,FCP,OCT,]0.5  1.1],MBI CT,QUOTIDIENNE,FGP,CAPITALISANT,0.005,0.005,0.0075,ATTIJARIWAFA BANK,ATLAS CAPITAL MANAGEMENT,299864505.79,145.96,0.013963,0.000206,0.000411,0.002197,0.009056,0.014245,0.028177,0.066803,0.106093,0.148026,2026-06-29,Quotidienne
MA0000037251,3725,FCP MAROGEST CASH,MAROGEST,FCP,MONÉTAIRE,"]0  0,5]",TMP INTERBANCAIRE,QUOTIDIENNE,FGP,CAPITALISANT,0.0,0.0,0.02,ATTIJARIWAFA BANK,MAROGEST,93719808.51,137.54,0.020251,0.000218,0.000509,0.004528,0.009246,0.020554,0.033669,0.065623,0.099616,0.141032,2026-06-29,Quotidienne
MA0000037327,3732,CAPITAL TRUST MONÉTAIRE,CAPITAL TRUST GESTION,FCP,MONÉTAIRE,"<= 0,5",Taux Repo au jour le jour,QUOTIDIENNE,FGP,CAPITALISANT,0.0,0.0,0.02,BMCI,CAPITAL TRUST GESTION,31291349.87,1443.46,0.008397,0.000152,0.000305,0.001381,0.004565,0.008566,0.027754,0.047625,0.075628,0.110209,2026-06-29,Quotidienne
MA0000037335,3733,CMR ACTIONS,WAFA GESTION,FCP,ACTIONS,-,MASI,QUOTIDIENNE,FNPP,MIXTE,0.03,0.015,0.02,ATTIJARIWAFA BANK,WAFA GESTION,1602333135.7,286642.78,0.006312,0.00229,-0.020115,-0.038442,0.061643,-0.019766,0.022858,0.456282,0.625762,0.618091,2026-06-29,Quotidienne
MA0000037350,3735,UPLINE CAPITAL GARANTI,UPLINE CAPITAL MANAGEMENT,FCP,CONTRACTUEL,-,MONIA,QUOTIDIENNE,FGP,CAPITALISANT,0.0,0.0,0.02,BCP,UPLINE CAPITAL MANAGEMENT,3457648333.3,13192.35,0.01012,0.000165,0.00038,0.001905,0.005165,0.010231,0.02066,0.04426,0.073546,0.106751,2026-06-29,Quotidienne
MA0000037368,3736,UPLINE HORIZON,UPLINE CAPITAL MANAGEMENT,FCP,OMLT,"]1,1  5,1]",MBI,QUOTIDIENNE,FNPP,CAPITALISANT,0.0,0.0,0.02,BCP,UPLINE CAPITAL MANAGEMENT,10958559766.45,16237.36,0.002463,0.001197,0.002228,0.002166,0.012451,0.002539,0.013991,0.086718,0.151535,0.134513,2026-06-29,Quotidienne
MA0000037376,3737,UPLINE OBLIG PLUS,UPLINE CAPITAL MANAGEMENT,FCP,OMLT,"]1,2  5,2]",50%MBI CT + 50% MBI MLT,QUOTIDIENNE,FNPP,CAPITALISANT,0.0,0.0,0.02,BCP,UPLINE CAPITAL MANAGEMENT,2753390156.48,1801.02,0.009037,0.000839,0.001618,0.002516,0.01285,0.009065,0.024762,0.11898,0.223594,0.185186,2026-06-29,Quotidienne
MA0000037384,3738,UPLINE OPPORTUNITES,UPLINE CAPITAL MANAGEMENT,FCP,DIVERSIFIÉ,-,80% MBI + 20% MASI,QUOTIDIENNE,FNPP,CAPITALISANT,0.0,0.0,0.02,BCP,UPLINE CAPITAL MANAGEMENT,2181012971.8,19704.86,-0.005682,0.001472,-0.001975,-0.00977,0.021693,-0.013284,0.008992,0.208571,0.326553,0.251337,2026-06-29,Quotidienne
MA0000037392,3739,FCP CAPITAL OBLIGATIONS BANQUES,BMCE CAPITAL GESTION,FCP,OCT,"]0,5  1,1]",90% MBI CT + 10% MBI MT,QUOTIDIENNE,FGP,CAPITALISANT,0.01,0.01,0.01,BANK OF AFRICA,BMCE CAPITAL GESTION,898211357.41,1509.05,0.012344,0.000292,0.00057,0.002391,0.008932,0.012554,0.025727,0.064999,0.107454,0.143142,2026-06-29,Quotidienne
MA0000037400,3740,CFG TRADER,CFG GESTION,FCP,ACTIONS,-,-,QUOTIDIENNE,FGP,CAPITALISANT,0.002,0.002,0.02,CFG BANK,CFG GESTION; CFG BANK,25017345.639827,222.4,-0.112459,-0.00412,-0.014927,-0.033296,-0.012126,-0.135068,-0.092948,0.270204,0.513131,0.504126,2026-06-29,Quotidienne
MA0000037442,3744,FCP CAPITAL IMTIYAZ TRESORERIE,BMCE CAPITAL GESTION,FCP,MONÉTAIRE,"[0,25  0,5]",MONIA CAPITALISE,QUOTIDIENNE,FGP,CAPITALISANT,0.01,0.01,0.01,BANK OF AFRICA,BMCE CAPITAL GESTION,6471591265.08,144813.96,0.013466,0.000212,0.000482,0.002451,0.007354,0.013779,0.027589,0.062912,0.099919,0.142273,2026-06-29,Quotidienne
MA0000037459,3745,SECURITE TRESO PLUS,SAHAM CAPITAL GESTION,FCP,OCT,"[0,5  1,1[",MBI CT,QUOTIDIENNE,FNPP,DISTRIBUANT,0.0,0.0,0.02,SAHAM BANK,SAHAM BANK,5714429.55,1122.01,0.01072,0.000196,0.000428,0.001839,0.007398,0.01092,0.021393,0.053738,0.090071,0.122369,2026-06-29,Quotidienne
MA0000037483,3748,CAPITAL TRUST OBLIG COURT TERME,CAPITAL TRUST GESTION,FCP,OCT,"[0,5  1,1[",MBI CT,QUOTIDIENNE,FGP,CAPITALISANT,0.02,0.015,0.02,BMCI,CAPITAL TRUST GESTION,605813874.09,1451.03,0.010523,0.000227,0.000193,0.001498,0.007114,0.010762,0.023373,0.058366,0.09909,0.132061,2026-06-29,Quotidienne
MA0000037517,3751,CFG TRESOCORP,CFG GESTION,FCP,MONÉTAIRE,[0  0.5[,CFG BONDS MONETAIRE,QUOTIDIENNE,FGP,CAPITALISANT,0.005,0.005,0.004,CFG BANK,CFG GESTION; CFG BANK,135909201.994667,2426950.04,0.00625,0.00013,0.000262,0.001208,0.003619,0.006457,0.05262,0.048985,0.038252,0.019134,2026-06-29,Quotidienne
MA0000037558,3755,CIMR MONETAIRE PLUS,UPLINE CAPITAL MANAGEMENT,FCP,OCT,]0.5 1.1],MBI CT,QUOTIDIENNE,FNPP,CAPITALISANT,0.0,0.0,0.02,BCP,UPLINE CAPITAL MANAGEMENT,395352468.8,1401.86,0.011845,0.000186,0.000478,0.002044,0.0083,0.012254,0.023622,0.057369,0.093776,0.129712,2026-06-29,Quotidienne
MA0000037566,3756,CIMR MONETAIRE,CIH CAPITAL MANAGEMENT,FCP,MONÉTAIRE,"[0  0,5]",TMI(jj),QUOTIDIENNE,FNPP,CAPITALISANT,0.0,0.0,0.02,BMCI,CIH CAPITAL MANAGEMENT,28979244.25,130537.14,0.010068,0.000179,0.000392,0.001878,0.005759,0.010202,0.019872,0.047239,0.080615,0.119344,2026-06-29,Quotidienne
MA0000037616,3761,FCP EMERGENCE BANCAIRES,VALORIS MANAGEMENT,FCP,OCT,"]0,5 1,1]",MBI CT,QUOTIDIENNE,FGP,CAPITALISANT,0.0,0.0,0.02,BANK OF AFRICA,VALORIS MANAGEMENT,3987987265.25,1431.3,0.014099,0.000314,0.000678,0.002472,0.009322,0.014509,0.028757,0.071838,0.114511,0.159041,2026-06-29,Quotidienne
MA0000037624,3762,AD YIELD FUND,AD CAPITAL ASSET MANAGEMENT,FCP,OCT,"]0,5 1,1]",MBI CT,QUOTIDIENNE,FGP,CAPITALISANT,0.03,0.03,0.02,BANK OF AFRICA,AD CAPITAL ASSET MANAGEMENT; AD CAPITAL GROUP,1129717274.62,1364.76,0.013885,0.000491,0.000235,0.0021,0.009244,0.01451,0.028525,0.072621,0.117492,0.151356,2026-06-29,Quotidienne
MA0000037632,3763,AD FIXED INCOME FUND,AD CAPITAL ASSET MANAGEMENT,FCP,MONÉTAIRE,"]0  0,5]",MBI CT,QUOTIDIENNE,FGP,CAPITALISANT,0.03,0.03,0.02,BANK OF AFRICA,AD CAPITAL ASSET MANAGEMENT; AD CAPITAL GROUP,435145836.23,1297.6,0.012429,0.000193,0.000424,0.002155,0.006969,0.012658,0.026144,0.059283,0.094827,0.13379,2026-06-29,Quotidienne
MA0000037673,3767,FCP CAPITAL MONETAIRE PLUS,BMCE CAPITAL GESTION,FCP,MONÉTAIRE,"]0  0,5[",MONIA CAPITALISE,QUOTIDIENNE,FGP,CAPITALISANT,0.01,0.005,0.004,BANK OF AFRICA,BMCE CAPITAL GESTION,231034565.71,1286.6,0.009906,0.000163,0.000373,0.001869,0.005282,0.010072,0.020366,0.046586,0.07668,0.114306,2026-06-29,Quotidienne
MA0000037715,3771,CAPITAL RENDEMENT,BMCE CAPITAL GESTION,FCP,OCT,"]0,5  1,1]",MBI CT,QUOTIDIENNE,FGP,CAPITALISANT,0.03,0.015,0.01,BANK OF AFRICA,BMCE CAPITAL GESTION,5150072754.87,2570.45,0.013528,0.000276,0.000541,0.002293,0.0091,0.013824,0.027773,0.070134,0.114244,0.148881,2026-06-29,Quotidienne
MA0000037723,3772,FCP CAPITAL COMBO,BMCE CAPITAL GESTION,FCP,OMLT,"]1,1 5,1]",50% MBI CT + 50% MBI MT,QUOTIDIENNE,FGP,CAPITALISANT,0.01,0.005,0.01,BANK OF AFRICA,BMCE CAPITAL GESTION,1190203222.87,151714.87,0.000868,0.000822,0.00102,8.8e-05,0.013665,-0.001081,0.01688,-,-,-,2026-06-29,Quotidienne
MA0000037749,3774,FCP CAPITAL GLOBAL MACRO,BMCE CAPITAL GESTION,FCP,DIVERSIFIÉ,-,80% MBI GLOBAL + 20% MASI,QUOTIDIENNE,FGP,CAPITALISANT,0.01,0.005,0.02,BANK OF AFRICA,BMCE CAPITAL GESTION,29580909.79,159896.8,-0.01831,0.001414,-0.002539,-0.011507,0.014744,-0.024451,-0.010545,-,-,-,2026-06-29,Quotidienne
MA0000037756,3775,FCP CAPITAL AFRIQUE,BMCE CAPITAL GESTION,FCP,ACTIONS,-,MASI,QUOTIDIENNE,FGP,CAPITALISANT,0.02,0.01,0.02,BANK OF AFRICA,BMCE CAPITAL GESTION,4427243.75,2032.71,-0.040459,8.4e-05,-0.01792,-0.037688,0.037266,-0.067547,-0.006054,-,-,-,2026-06-29,Quotidienne
MA0000037798,3779,CDM OBLIG PLUS,WAFA GESTION,FCP,OCT,"]0,5  1,1]",MBI CT,QUOTIDIENNE,FGP,CAPITALISANT,0.03,0.015,0.02,CDM,Wafa Gestion,3036382030.81,2778.52,0.012447,0.000216,0.000439,0.001962,0.008083,0.012628,0.02595,0.063247,0.106064,0.143523,2026-06-29,Quotidienne
MA0000037814,3781,CFG CASH SECURE,CFG GESTION,FCP,MONÉTAIRE,"]0 0,5]",CFG BONDS MONETAIRE,QUOTIDIENNE,FGP,CAPITALISANT,0.005,0.005,0.006,CFG BANK,CFG GESTION; CFG BANK,60924878.176982,1252.05,0.010973,0.000176,0.000392,0.001993,0.005711,0.011218,0.021373,0.050712,0.082873,0.120242,2026-06-29,Quotidienne
MA0000037889,3788,FCP IRGAM OBLIBANQUES,IRG ASSET MANAGEMENT,FCP,OCT,"]0,5 1,1]",MBI CT,QUOTIDIENNE,FGP,CAPITALISANT,0.03,0.015,0.02,BANK OF AFRICA,IRG ASSET MANAGEMENT,1637294961.03,132.53,0.015322,0.000377,0.000906,0.002724,0.009752,0.015789,0.0308,0.071469,0.113417,0.14844,2026-06-29,Quotidienne
MA0000037947,3794,FCP CAPITAL LONG/SHORT,BMCE CAPITAL GESTION,FCP,DIVERSIFIÉ,-,MONIA Capitalisé +50 pts de base,QUOTIDIENNE,FGP,CAPITALISANT,0.01,0.005,0.02,BANK OF AFRICA,BMCE CAPITAL GESTION,1956062.29,1407.23,-0.013543,-0.000923,-0.001391,-,-,-,-7.8e-05,-,-,-,2026-06-29,Quotidienne
MA0000037954,3795,CAPITAL TRUST TRÉSORERIE,CAPITAL TRUST GESTION,FCP,MONÉTAIRE,"[0  0,5]",Taux Repo,QUOTIDIENNE,FGP,CAPITALISANT,0.02,0.015,0.02,ATTIJARIWAFA BANK,CAPITAL TRUST GESTION,930207586.39,1280.82,0.013459,0.000242,0.000516,0.002489,0.007726,0.013756,0.026183,0.061072,0.095598,0.140849,2026-06-29,Quotidienne
MA0000037962,3796,CAPITAL TRUST CASH PLUS,CAPITAL TRUST GESTION,FCP,OCT,"]0,5 1,1]",MBI CT,QUOTIDIENNE,FGP,CAPITALISANT,0.02,0.015,0.02,ATTIJARIWAFA BANK,CAPITAL TRUST GESTION,2636266731.48,1301.86,0.014305,0.000338,0.00053,0.002387,0.00928,0.014668,0.028837,0.071525,0.114931,0.141262,2026-06-29,Quotidienne
MA0000038002,3800,CFG LIQUID BONDS,CFG GESTION,FCP,OCT,"[0,5  1,1[",CFG BONDS CT,QUOTIDIENNE,FGP,CAPITALISANT,0.0,0.0,0.01,CFG BANK,CFG GESTION,2073283639.616824,1286156.1,0.014286,0.000264,0.000482,0.002664,0.009494,0.015352,0.02997,0.075995,0.121835,0.159563,2026-06-29,Quotidienne
MA0000038051,3805,CAPITAL TRUST OBLIG PLUS,CAPITAL TRUST GESTION,FCP,OMLT,]2   6],70% MBI MT + 30% MBI MLT,QUOTIDIENNE,FGP,CAPITALISANT,0.03,0.015,0.02,ATTIJARIWAFA BANK,Capital Trust Gestion,652979225.09,1326.38,0.016851,0.00111,0.001571,0.001404,0.018944,0.017826,0.03075,0.120045,0.228949,0.186376,2026-06-29,Quotidienne
MA0000038077,3807,CAPITAL TRUST ÉQUILIBRE,CAPITAL TRUST GESTION,FCP,DIVERSIFIÉ,-,70% MBI Global + 30% MASI,QUOTIDIENNE,FGP,CAPITALISANT,0.03,0.015,0.02,ATTIJARIWAFA BANK,CAPITAL TRUST GESTION,1093430073.88,1196.28,-0.056718,0.000435,-0.010144,-0.020663,0.009945,-0.073219,-0.05755,0.160502,0.275556,0.133721,2026-06-29,Quotidienne
MA0000038101,3810,FCP ALIF IV,VALORIS MANAGEMENT,FCP,OMLT,"]1,1   10]",50 % MBI MT + 50% MBI MLT,QUOTIDIENNE,FNPP,CAPITALISANT,0.03,0.015,0.02,CDG CAPITAL,VALORIS MANAGEMENT,3809409439.48,1371.58,0.004283,0.001738,0.003145,0.002756,0.016806,0.004239,0.01655,0.112916,0.209677,0.188215,2026-06-29,Quotidienne
MA0000038119,3811,FCP EMERGENCE TRESOR PLUS,VALORIS MANAGEMENT,FCP,OCT,"]0,5 1,1]",MBI CT,QUOTIDIENNE,FGP,CAPITALISANT,0.03,0.015,0.02,BCP,VALORIS MANAGEMENT,61706245.73,1209.0,0.009738,0.000174,0.000381,0.001715,0.006075,0.010405,0.020107,0.051926,0.085717,0.114388,2026-06-29,Quotidienne
MA0000038127,3812,FCP EMERGENCE TRESOR,VALORIS MANAGEMENT,FCP,MONÉTAIRE,"[0   0,5]",TMP au jour le jour,QUOTIDIENNE,FGP,CAPITALISANT,0.0,0.0,0.02,BCP,VALORIS MANAGEMENT,245488350.55,1172.72,0.00887,0.000154,-0.000119,0.001238,0.004678,0.009078,0.019464,0.045559,0.076255,0.109543,2026-06-29,Quotidienne
MA0000038143,3814,CFG Profil Equilibré,CFG GESTION,FCP,DIVERSIFIÉ,-,25% CFG 25 FLOTTANT + 75% MBI MT,QUOTIDIENNE,FGP,CAPITALISANT,0.002,0.001,0.02,CFG BANK,CFG GESTION; CFG BANK,43886589.734313,1363.78,-0.012069,-8.8e-05,-0.002983,-0.005629,0.012164,-0.019519,0.004841,0.146477,0.214992,0.251048,2026-06-29,Quotidienne
MA0000038150,3815,CFG Profil Offensif,CFG GESTION,FCP,ACTIONS,-,80% CFG 25 FLOTTANT + 20% MBI GLOBAL,QUOTIDIENNE,FGP,CAPITALISANT,0.0025,0.0025,0.02,CFG BANK,CFG GESTION; CFG BANK,38778817.590538,1604.22,-0.070373,-0.001382,-0.018724,-0.042194,0.011227,-0.095072,-0.053998,0.289141,0.440222,0.496209,2026-06-29,Quotidienne
MA0000038168,3816,CFG PROFIL PRUDENT,CFG GESTION,FCP,OMLT,"]1,1   2]",95% MBI MT + 5% CFG 25 FLOTTANT,QUOTIDIENNE,FGP,CAPITALISANT,0.0,0.0,0.02,CFG BANK,CFG GESTION; CFG BANK,33830117.06238,1175.27,-0.001826,-0.000578,-0.000434,-0.000264,0.009526,-0.003857,0.006957,0.081653,0.113293,0.106761,2026-06-29,Quotidienne
MA0000038176,3817,CFG Profil Conservateur,CFG GESTION,FCP,OMLT,"]1,1   4[",50% MBI CT + 50% MBI MT,QUOTIDIENNE,FGP,CAPITALISANT,0.0,0.0,0.02,CFG BANK,CFG GESTION; CFG BANK,98593810.78655,1174.13,0.010761,0.000187,0.000409,0.0018,0.007655,0.011091,0.020415,0.05517,0.090165,0.105834,2026-06-29,Quotidienne
MA0000038184,3818,CFG Profil Dynamique,CFG GESTION,FCP,DIVERSIFIÉ,-,60% MBI GLOBAL + 40% CFG 25,QUOTIDIENNE,FGP,CAPITALISANT,0.002,0.002,0.02,CFG BANK,CFG GESTION; CFG BANK,15457657.52765,1376.34,-0.039868,-0.000697,-0.005147,-0.013546,0.004298,-0.052368,-0.041906,0.196131,0.298446,0.269628,2026-06-29,Quotidienne
MA0000038200,3820,FCP EMERGENCE OBLIRENDEMENT,VALORIS MANAGEMENT,FCP,OMLT,"]1,1   5,1]",MBI GLOBAL,QUOTIDIENNE,FGP,CAPITALISANT,0.03,0.015,0.02,BCP,VALORIS MANAGEMENT;CAPITAL GESTION GROUP,2322501708.98,1200.44,-0.008532,0.000725,0.000734,-0.003553,0.010038,-0.008139,0.00035,0.085948,0.166676,0.091607,2026-06-29,Quotidienne
MA0000038218,3821,FCP CMR EQUITIES,VALORIS MANAGEMENT,FCP,ACTIONS,-,MASI,QUOTIDIENNE,FNPP,CAPITALISANT,0.0,0.0,0.02,BCP,VALORIS MANAGEMENT;CAPITAL GESTION GROUP,2018014834.67,1999.15,-0.02567,0.001102,-0.015968,-0.032465,0.035464,-0.050132,-0.00252,0.505259,0.758546,0.751996,2026-06-29,Quotidienne
MA0000038234,3823,ALIF III,BMCE CAPITAL GESTION,FCP,OMLT,"]1,1   10]",50 MBI MT + 50% MBI MLT,QUOTIDIENNE,FNPP,CAPITALISANT,0.03,0.03,0.02,BANK OF AFRICA,BMCE CAPITAL GESTION,3433399134.45,1319.31,0.003308,0.001511,0.003278,0.002233,0.016292,0.003339,0.015698,0.112244,0.212534,0.181712,2026-06-29,Quotidienne
MA0000038259,3825,CAPITAL TRUST CROISSANCE,CAPITAL TRUST GESTION,FCP,DIVERSIFIÉ,-,75% MBI GLOBAL + 25% MASI,QUOTIDIENNE,FGP,CAPITALISANT,0.03,0.015,0.02,BMCI,CAPITAL TRUST GESTION; CAPITAL TRUST SECURITIES; CAPITAL TRUST,1556205299.45,1276.98,-0.046816,0.001019,-0.007616,-0.01558,0.009734,-0.061672,-0.046283,0.166426,0.28341,0.144299,2026-06-29,Quotidienne
MA0000038267,3826,CAPITAL TRUST OBLIG PREMIUM,CAPITAL TRUST GESTION,FCP,OMLT,"]1,1   5,1]",90% MBI MT + 10%  MBI MLT,QUOTIDIENNE,FGP,CAPITALISANT,0.03,0.015,0.02,BMCI,CAPITAL TRUST GESTION; CAPITAL TRUST SECURITIES; CAPITAL TRUST,1162574270.15,1190.25,-0.010393,0.002105,0.003533,-0.002715,0.008105,-0.01147,-0.00772,0.076506,0.145077,0.07465,2026-06-29,Quotidienne
MA0000038283,3828,CAPITAL TRUST OPPORTUNITÉ,CAPITAL TRUST GESTION,FCP,OMLT,"]1,1   5,1]",50% MBI MT + 50% MBI MLT,QUOTIDIENNE,FGP,CAPITALISANT,0.03,0.015,0.02,BMCI,CAPITAL TRUST GESTION; CAPITAL TRUST SECURITIES; CAPITAL TRUST,1138992.45,1089.94,0.003998,0.000771,0.001277,0.001691,0.012861,0.003887,0.009316,0.058513,0.114014,-0.009515,2026-06-29,Quotidienne
MA0000038309,3830,CFG SECURE BONDS,CFG GESTION,FCP,OMLT,]2  6],MBI GLOBAL,QUOTIDIENNE,FGP,CAPITALISANT,0.0,0.0,0.02,CFG BANK,CFG GESTION; CFG BANK,1635807661.107727,1661.36,-0.007201,0.001429,0.001791,-0.002066,0.014608,-0.00838,-0.001683,0.096897,0.322202,0.210683,2026-06-29,Quotidienne
MA0000038317,3831,CFG SOVEREIGN BONDS,CFG GESTION,FCP,OMLT,]2  6],MBI GLOBAL,QUOTIDIENNE,FGP,CAPITALISANT,0.0,0.0,0.02,CFG BANK,CFG GESTION; CFG BANK,238998875.817419,1489.51,-0.006105,0.001035,0.002463,-0.00122,0.006426,-0.005568,0.005006,0.107953,0.20842,0.114944,2026-06-29,Quotidienne
MA0000038333,3833,IRGAM SECURIFINANCE,IRG ASSET MANAGEMENT,FCP,MONÉTAIRE,"]0   0,5]",MONIA,QUOTIDIENNE,FGP,CAPITALISANT,0.03,0.015,0.02,ATTIJARIWAFA BANK,IRG ASSET MANAGEMENT,379477924.58,119.19,0.01309,0.000252,0.000504,0.002355,0.007438,0.013348,0.026173,0.08641,0.193093,0.130513,2026-06-29,Quotidienne
MA0000038358,3835,IRGAM BALANCE,IRG ASSET MANAGEMENT,FCP,DIVERSIFIÉ,-,50% MASI + 50% MBI GLOBAL,QUOTIDIENNE,FGP,CAPITALISANT,0.03,0.015,0.02,ATTIJARIWAFA BANK,IRG ASSET MANAGEMENT,3010466582.18,121.26,-0.03884,0.001073,-0.007449,-0.017103,0.017965,-0.055019,-0.035015,0.215152,0.350334,0.178426,2026-06-29,Quotidienne
MA0000038366,3836,FCP CAPITAL OBLIGATIONS,BMCE CAPITAL GESTION,FCP,OMLT,]3   7],MBI GLOBAL,QUOTIDIENNE,FGP,CAPITALISANT,0.02,0.02,0.01,BANK OF AFRICA,BMCE CAPITAL GESTION; BANK OF AFRICA,4146309585.39,1240.12,-0.001417,0.001842,0.003666,0.00021,-,-,0.00808,-,-,-,2026-06-29,Quotidienne
MA0000038374,3837,FCP CAPITAL OPPORTUNITE,BMCE CAPITAL GESTION,FCP,DIVERSIFIÉ,-,75% MBI + 25% MASI.,QUOTIDIENNE,FGP,CAPITALISANT,0.03,0.03,0.02,BANK OF AFRICA,BMCE CAPITAL GESTION; BANK OF AFRICA,1286740.29,1303.68,-0.021805,-0.001509,-0.002426,-0.001899,-0.000146,-0.025162,-0.010835,-,-,-,2026-06-29,Quotidienne
MA0000038382,3838,FCP CAPITAL OBLIGATIONS BANQUES PLUS,BMCE CAPITAL GESTION,FCP,OCT,"]0,5 1,1]",90% MBI CT + 10% MBI MT,QUOTIDIENNE,FGP,CAPITALISANT,0.01,0.01,0.01,BANK OF AFRICA,BMCE CAPITAL GESTION; BANK OF AFRICA,2214290585.48,1232.61,0.015714,0.00026,0.000568,0.002521,0.009641,0.016024,0.031326,0.072441,0.115737,0.168439,2026-06-29,Quotidienne
MA0000038390,3839,FCP CAPITAL DIVERSIFIES,BMCE CAPITAL GESTION,FCP,DIVERSIFIÉ,-,75% MBI + 25% MASI.,QUOTIDIENNE,FGP,CAPITALISANT,0.03,0.03,0.02,BANK OF AFRICA,BMCE CAPITAL GESTION; BANK OF AFRICA,1116900.32,1116.9,-0.017669,-0.001743,-0.002706,-0.002287,-0.00034,-0.021388,-0.016614,0.071274,0.100318,0.102588,2026-06-29,Quotidienne
MA0000038416,3841,FCP ALPHA GLOBAL,RED MED ASSET MANAGEMENT,FCP,OCT,"]0,5 1,1]",MBI CT,QUOTIDIENNE,FGP,CAPITALISANT,0.02,0.02,0.02,BANK OF AFRICA,RED MED ASSET MANAGEMENT,2127933212.83,1185.48,0.012452,0.000329,0.000388,0.002105,0.008876,0.012755,0.025236,0.064538,0.107625,0.135311,2026-06-29,Quotidienne
MA0000038432,3843,FCP AFRICAPITAL CASH PLUS,AFRICAPITAL MANAGEMENT,FCP,OCT,"]0,5 1,1]",MBI CT,QUOTIDIENNE,FGP,CAPITALISANT,0.03,0.03,0.02,BCP,AFRICAPITAL MANAGEMENT,1613530780.62,119396.98,0.011694,0.000232,0.000283,0.001597,0.008124,0.011879,0.023922,0.064498,0.105776,0.140067,2026-06-29,Quotidienne
MA0000038440,3844,FCP ALPHA MONETAIRE PROTECTION,RED MED ASSET MANAGEMENT,FCP,MONÉTAIRE,"]0 0,5]",MBI MONETAIRE,QUOTIDIENNE,FGP,CAPITALISANT,0.02,0.02,0.02,BCP,RED MED ASSET MANAGEMENT,1154500355.8,1169.75,0.013113,0.000222,0.000505,0.00246,0.007554,0.013569,0.026925,0.061007,0.098346,0.136739,2026-06-29,Quotidienne
MA0000038507,3850,UPLINE HORIZON DYNAMIQUE,UPLINE CAPITAL MANAGEMENT,FCP,OCT,"]0,5 1,1]",75% MBI CT + 25% MBI MT,QUOTIDIENNE,FNPP,MIXTE,0.0,0.0,0.02,BCP,CRÉDIT POPULAIRE DU MAROC,1200238448.57,1151.64,0.011399,0.0002,0.000443,0.002027,0.007356,0.01179,0.022725,0.054461,0.091199,0.12215,2026-06-29,Quotidienne
MA0000038523,3852,CAPITAL TRUST SÉRÉNITÉ,CAPITAL TRUST GESTION,FCP,OMLT,"]1,1   5,1]",50% MBI MT + 50% MBI MLT,QUOTIDIENNE,FGP,CAPITALISANT,0.03,0.015,0.02,CIH BANK,CAPITAL TRUST GESTION; CAPITAL TRUST SECURITIES,775253371.95,1197.15,-0.007454,0.000803,0.001213,-0.007149,0.003437,-0.007536,0.000903,0.062811,0.176364,0.141241,2026-06-29,Quotidienne
MA0000038531,3853,CAPITAL TRUST SECURIPLUS,CAPITAL TRUST GESTION,FCP,OCT,"]0,5 1,1]",MBI CT,QUOTIDIENNE,FGP,CAPITALISANT,0.02,0.015,0.02,CIH BANK,CAPITAL TRUST GESTION; CAPITAL TRUST SECURITIES,1054507.32,1138.78,0.006043,0.000448,0.000606,0.001583,0.005536,0.006123,0.013014,0.037084,0.069347,0.110073,2026-06-29,Quotidienne
MA0000038556,3855,UPLINE PATRIMOINE,UPLINE CAPITAL MANAGEMENT,FCP,DIVERSIFIÉ,-,60% MBI + 40% MASI,QUOTIDIENNE,FNPP,MIXTE,0.0,0.0,0.02,BCP,CRÉDIT POPULAIRE DU MAROC,1219532606.26,1267.17,-0.015584,0.001858,-0.000938,-0.009211,0.023703,-0.023338,0.001979,0.230351,0.40643,0.354608,2026-06-29,Quotidienne
MA0000038606,3860,TWIN CASH,TWIN CAPITAL GESTION,FCP,MONÉTAIRE,"[0  0,5]",MONIA,QUOTIDIENNE,FGP,CAPITALISANT,0.0,0.0,0.006,CFG BANK,TWIN CAPITAL GESTION; CFG BANK,773293452.96,1161.54,0.0122,0.000258,0.0005,0.002235,0.007092,0.012677,0.025633,0.060389,0.097086,0.138653,2026-06-29,Quotidienne
MA0000038655,3865,TWIN TREASURY,TWIN CAPITAL GESTION,FCP,OCT,"]0,5 1,1]",MBI CT,QUOTIDIENNE,FGP,CAPITALISANT,0.0,0.0,0.008,CIH BANK,TWIN CAPITAL GESTION; CIH BANK,781823448.66,1183.54,0.014217,0.000347,0.000668,0.002754,0.010812,0.014521,0.028646,0.073515,0.114402,0.15588,2026-06-29,Quotidienne
MA0000038739,3873,ALIF V,SAHAM CAPITAL GESTION,FCP,OMLT,"]1,1  10]",50% MBI MT + 50% MBI MLT,QUOTIDIENNE,FNPP,CAPITALISANT,0.03,0.02,0.02,SAHAM BANK,SAHAM BANK,2078358687.55,1243.18,0.004087,0.00195,0.003657,0.002912,0.018758,0.004265,0.017424,0.110319,0.206011,0.184015,2026-06-29,Quotidienne
MA0000038754,3875,FCP EMERGENCE OBLIG COURT TERME,VALORIS MANAGEMENT,FCP,OCT,"]0,5 1,1]",MBI CT,QUOTIDIENNE,FGP,CAPITALISANT,0.03,0.015,0.02,ATTIJARIWAFA BANK,Valoris Management; Capital Gestion Group,2798176129.41,1164.1,0.013362,0.000275,0.00043,0.002195,0.009198,0.013662,0.02734,0.068021,0.111355,0.13805,2026-06-29,Quotidienne
MA0000038762,3876,FCP EMERGENCE TRESORERIE,VALORIS MANAGEMENT,FCP,MONÉTAIRE,"]0  0,5]",MONIA,QUOTIDIENNE,FGP,CAPITALISANT,0.03,0.015,0.02,CDG CAPITAL,Valoris Management; Capital Gestion Group,1940652440.45,1150.81,0.012573,0.000183,0.000452,0.00216,0.006868,0.012894,0.026135,0.061349,0.100022,0.140466,2026-06-29,Quotidienne
MA0000038770,3877,FCP EMERGENCE OBLIHORIZON,VALORIS MANAGEMENT,FCP,OMLT,"]1,1  10]",50% MBI MT + 50% MBI MLT,QUOTIDIENNE,FNPP,CAPITALISANT,0.03,0.015,0.02,CIH BANK,VALORIS MANAGEMENT,1281118489.36,1147.44,-0.014278,0.001344,0.001781,-0.002582,0.008233,-0.014692,-0.0022,0.103775,0.180773,0.110988,2026-06-29,Quotidienne
MA0000038812,3881,FCP SERENITE CT,CDG CAPITAL GESTION,FCP,OCT,"]0,5 1,1]",80% MBI CT + 20% MBI MT,QUOTIDIENNE,FGP,CAPITALISANT,0.03,0.015,0.02,CDG CAPITAL,CDG CAPITAL GESTION,1099785.99,1099.78,0.009204,0.000136,0.000327,0.001539,0.005568,0.009361,0.017693,0.044197,0.072245,0.096797,2026-06-29,Quotidienne
MA0000038820,3882,DAILY EQUITY FUND,CDG CAPITAL GESTION,FCP,ACTIONS,-,100% MASI RB,QUOTIDIENNE,FGP,CAPITALISANT,0.03,0.015,0.02,CDG CAPITAL,CDG Capital Gestion,76061527.13,1337.67,-0.106499,-0.005147,-0.015724,-0.031018,-0.001761,-0.129518,-0.081226,0.233501,0.390654,0.274408,2026-06-29,Quotidienne
MA0000038846,3884,R-MIXT SELECTION,UPLINE CAPITAL MANAGEMENT,FCP,DIVERSIFIÉ,-,45% MBI MLT + 30%  MBI MT  + 25% MASI Rentabilité,QUOTIDIENNE,FNPP,CAPITALISANT,0.0,0.0,0.02,CDG,UPLINE CAPITAL MANAGEMENT,5732740423.14,1301.82,-0.011549,0.002017,-0.001542,-0.008651,0.024563,-0.019647,0.000108,0.205099,0.340162,0.271036,2026-06-29,Quotidienne
MA0000038853,3885,R-MIXT COUVERTURE,IRG ASSET MANAGEMENT,FCP,DIVERSIFIÉ,-,45% MBI MLT + 30%  MBI MT  + 25% MASI Rentabilité,QUOTIDIENNE,FNPP,CAPITALISANT,0.03,0.015,0.02,CDG,IRG ASSET MANAGEMENT,1833057017.53,1312.66,-0.00846,0.001916,-0.004082,-0.012332,0.025027,-0.017264,0.010415,0.196743,0.323833,0.27677,2026-06-29,Quotidienne
MA0000038861,3886,R-MIXT PERFORMANCE,BMCE CAPITAL GESTION,FCP,DIVERSIFIÉ,-,45% MBI MLT + 30% MBI MT + 25% MASI Rentabilité,QUOTIDIENNE,FNPP,CAPITALISANT,0.03,0.015,0.02,CDG,BMCE CAPITAL GESTION,5702227454.45,1300.03,-0.01353,0.00151,-0.002233,-0.009969,0.022744,-0.022446,-0.002731,0.192207,0.328771,0.265975,2026-06-29,Quotidienne
MA0000038879,3887,R-MIXT CROISSANCE,CFG GESTION,FCP,DIVERSIFIÉ,-,45% MBI MLT + 30% MBI MT + 25% MASI RB,QUOTIDIENNE,FNPP,CAPITALISANT,0.03,0.015,0.02,CFG BANK,CFG GESTION,2538449222.143404,1345.18,-0.012719,0.001414,-0.003829,-0.012683,0.025251,-0.021502,0.004923,0.202858,0.341371,0.309764,2026-06-29,Quotidienne
MA0000038895,3889,CFG INSTICASH,CFG GESTION,FCP,MONÉTAIRE,"]0  0,5]",TMP INTERBANCAIRE,QUOTIDIENNE,FGP,CAPITALISANT,0.005,0.005,0.02,CFG BANK,CFG GESTION; CFG BANK,4285334633.49475,1516.53,0.01308,0.000204,0.000468,0.002313,0.00732,0.013378,0.02602,0.059481,0.097575,0.137776,2026-06-29,Quotidienne
MA0000038903,3890,CAPITAL TRUST BONDS,CAPITAL TRUST GESTION,FCP,OMLT,"]1,1   8]",50% MBI MT + 50% MBI MLT,QUOTIDIENNE,FNPP,CAPITALISANT,0.0,0.0,0.02,BCP,CAPITAL TRUST GESTION,1021510369.62,1171.59,-0.003716,0.001188,0.001265,-0.002002,0.011963,-0.005053,0.008522,0.100901,0.195341,0.168517,2026-06-29,Quotidienne
MA0000038929,3892,FCP OCT DYNAMIQUE,CDG CAPITAL GESTION,FCP,OCT,"]0,5 1,1]",90% MBI CT + 10% MBI MT,QUOTIDIENNE,FGP,CAPITALISANT,0.03,0.015,0.02,ATTIJARIWAFA BANK,CDG CAPITAL GESTION,1117108.47,1117.1,0.009461,0.000197,0.000403,0.001928,0.006505,0.009552,0.018694,0.045739,0.077918,0.115772,2026-06-29,Quotidienne
MA0000038945,3894,FCP MONETAIRE DYNAMIQUE,CDG CAPITAL GESTION,FCP,MONÉTAIRE,"]0  0,5[",50% MONIA + 50% MBI CT,QUOTIDIENNE,FGP,CAPITALISANT,0.03,0.015,0.02,ATTIJARIWAFA BANK,CDG CAPITAL GESTION,6166547.5,1114.3,0.011088,0.00018,0.000404,0.002113,0.006149,0.011299,0.021872,0.047934,0.076691,-,2026-06-29,Quotidienne
MA0000038952,3895,AFG CASH MANAGEMENT,AFG ASSET MANAGEMENT,FCP,MONÉTAIRE,"]0  0,5]",MONIA,QUOTIDIENNE,FGP,MIXTE,0.03,0.015,0.02,SAHAM BANK,AFG ASSET MANAGEMENT,2479286578.26,1833.11,0.013737,0.000196,0.000584,0.002543,0.007497,0.014045,0.028058,0.06406,0.103665,0.1519,2026-06-29,Quotidienne
MA0000038960,3896,AFG LIQUIDITY FUND,AFG ASSET MANAGEMENT,FCP,OCT,"]0,5 1,1]",MBI CT,QUOTIDIENNE,FGP,MIXTE,0.03,0.015,0.02,SAHAM BANK,AFG ASSET MANAGEMENT,4325747926.62,1915.61,0.015969,0.000329,0.000914,0.003063,0.010263,0.01632,0.031045,0.076687,0.125241,0.176397,2026-06-29,Quotidienne
MA0000038978,3897,AFG INCOME FUND,AFG ASSET MANAGEMENT,FCP,OMLT,]3   7],MBI GLOBAL,QUOTIDIENNE,FGP,CAPITALISANT,0.03,0.03,0.02,SAHAM BANK,AFG ASSET MANAGEMENT,1047909245.86,2407.25,-0.016951,0.001627,0.001248,-0.005626,0.010155,-0.019402,-0.01168,0.10085,0.206152,0.202873,2026-06-29,Quotidienne
MA0000038986,3898,AFG OPTIMAL FUND,AFG ASSET MANAGEMENT,FCP,DIVERSIFIÉ,-,70% MBI GLOBAL + 30% MASI,QUOTIDIENNE,FGP,MIXTE,0.03,0.015,0.02,SAHAM BANK,AFG ASSET MANAGEMENT,2089307538.51,4533.95,-0.044261,0.001228,-0.008424,-0.024812,0.019582,-0.059061,-0.049313,0.187165,0.325143,0.247778,2026-06-29,Quotidienne
MA0000038994,3899,AFG DYNAMIC FUND,AFG ASSET MANAGEMENT,FCP,ACTIONS,-,MASI,QUOTIDIENNE,FGP,MIXTE,0.03,0.015,0.02,SAHAM BANK,AFG ASSET MANAGEMENT,1067339595.19,8178.53,-0.038106,0.000204,-0.020098,-0.042572,0.039046,-0.067971,-0.048192,0.395204,0.582821,0.541569,2026-06-29,Quotidienne
MA0000039000,3900,UPLINE RETAIL SERENITE PLUS,UPLINE CAPITAL MANAGEMENT,FCP,OMLT,"]1,1   5,1]",75% MBI MT + 25% MBI MLT,QUOTIDIENNE,FGP,MIXTE,0.0,0.0,0.02,BCP,GROUPE BANQUE POPULAIRE,1096392.66,1086.61,0.010932,0.000663,0.001059,0.005097,0.013185,0.010913,0.020464,0.060397,0.105931,-,2026-06-29,Quotidienne
MA0000039018,3901,UPLINE RETAIL SERENITE,UPLINE CAPITAL MANAGEMENT,FCP,OCT,"]0,5 1,1]",85% MBI CT + 15% MBI MT,QUOTIDIENNE,FGP,MIXTE,0.0,0.0,0.02,BCP,GROUPE BANQUE POPULAIRE,1105636.0,1105.64,0.009413,0.000154,0.000353,0.001676,0.006307,0.009855,0.018788,0.049542,0.081617,-,2026-06-29,Quotidienne
MA0000039034,3903,FH2 ACTIONS,BMCE CAPITAL GESTION,FCP,ACTIONS,-,MASI,QUOTIDIENNE,FNPP,MIXTE,0.0,0.0,0.02,BANK OF AFRICA,BMCE CAPITAL GESTION,1261330065.65,1706.4,-0.038957,0.001103,-0.01935,-0.038886,0.038645,-0.067398,-0.026927,0.455488,0.711363,-,2026-06-29,Quotidienne
MA0000039059,3905,WG VALEURS,WAFA GESTION,FCP,ACTIONS,-,MASI RB,QUOTIDIENNE,FGP,MIXTE,0.0,0.0,0.01,ATTIJARIWAFA BANK,WAFA GESTION,200853918.7,1509.44,0.035715,0.002144,-0.017439,-0.03449,0.066629,0.008505,0.090778,0.484165,0.640464,-,2026-06-29,Quotidienne
MA0000039075,3907,FCP OBLIG OPPORTUNITES,IRG ASSET MANAGEMENT,FCP,OMLT,"]1,1   5,1]",MBI MT,QUOTIDIENNE,FGP,CAPITALISANT,0.03,0.015,0.02,CDG,IRG ASSET MANAGEMENT,463667927.44,104.02,-0.009711,0.000866,0.000288,-0.003258,0.01059,-0.010558,-0.004593,0.06132,0.115496,-,2026-06-29,Quotidienne
MA0000039091,3909,CAPITAL TRUST EQUITY,CAPITAL TRUST GESTION,FCP,ACTIONS,-,MASI,QUOTIDIENNE,FGP,CAPITALISANT,0.03,0.015,0.02,BCP,CAPITAL TRUST GESTION,937635327.04,1388.22,-0.079387,-9.4e-05,-0.021671,-0.034228,0.009306,-0.102161,-0.080643,0.328402,0.545954,-,2026-06-29,Quotidienne
MA0000039117,3911,CAM OBLIBANQUES,MAROGEST,FCP,OCT,"]0,5 1,1]",85% MBI CT + 15% MBI MT,QUOTIDIENNE,FGP,CAPITALISANT,0.03,0.015,0.02,CIH BANK,CAM; MSIN; CIH; MAROGEST,1806174035.0,1141.66,0.013665,0.000272,0.000429,0.002212,0.009211,0.01398,0.028967,0.070845,0.112805,-,2026-06-29,Quotidienne
MA0000039125,3912,CAM OBLIRENDEMENT,MAROGEST,FCP,OMLT,"]1,1   5,1]",100% MBI MT,QUOTIDIENNE,FGP,CAPITALISANT,0.03,0.015,0.02,CIH BANK,CAM; MSIN; CIH; MAROGEST,400916288.5,1150.11,-0.00647,0.000774,0.002283,0.000296,0.013402,-0.006916,0.010322,0.093728,0.153177,-,2026-06-29,Quotidienne
MA0000039141,3914,AD SELECT BANQUES,AD CAPITAL ASSET MANAGEMENT,FCP,OCT,"]0,5 1,1]",MBI CT,QUOTIDIENNE,FGP,CAPITALISANT,0.03,0.03,0.02,CFG BANK,AD CAPITAL ASSET MANAGEMENT; AD CAPITAL GROUP,1843126085.27,1147.1,0.014226,0.000323,0.000593,0.002543,0.009407,0.014774,0.029907,0.074708,0.120653,-,2026-06-29,Quotidienne
MA0000039166,3916,CAPITAL TRUST PATRIMOINE,CAPITAL TRUST GESTION,FCP,DIVERSIFIÉ,-,25% MASI + 30% MBI GLOBAL + 45% MBI MLT,QUOTIDIENNE,FGP,CAPITALISANT,0.03,0.015,0.02,BCP,CAPITAL TRUST GESTION,738011366.23,1319.84,-0.044729,0.000174,-0.012613,-0.020338,0.007681,-0.057021,-0.027606,-,-,-,2026-06-29,Quotidienne
MA0000039174,3917,CAPITAL TRUST HORIZON,CAPITAL TRUST GESTION,FCP,OMLT,]3   7],MBI GLOBAL,QUOTIDIENNE,FGP,CAPITALISANT,0.03,0.015,0.02,BCP,CAPITAL TRUST GESTION,1070855.0,1070.86,0.00422,0.000729,0.001206,0.001431,0.012729,0.004069,0.009845,0.059596,0.107863,-,2026-06-29,Quotidienne
MA0000039216,3921,FCP CAPITAL ISR,BMCE CAPITAL GESTION,FCP,DIVERSIFIÉ,-,75% MBI GLOBAL + 25% MASI ESG,QUOTIDIENNE,FGP,CAPITALISANT,0.02,0.01,0.02,BANK OF AFRICA,BMCE CAPITAL GESTION,795606546.59,1440.16,-0.045632,0.002032,-0.002922,-0.018303,-0.000187,-0.058436,-0.059088,-,-,-,2026-06-29,Quotidienne
MA0000039232,3923,CAPITAL RENDEMENT PLUS,BMCE CAPITAL GESTION,FCP,OMLT,"]1,1   5]",MBI GLOBAL,QUOTIDIENNE,FGP,MIXTE,0.02,0.01,0.02,BANK OF AFRICA,BMCE CAPITAL GESTION; BANK OF AFRICA,1126220.48,1126.22,0.00226,0.000791,0.001485,-0.00016,0.006299,0.002457,0.011396,-,-,-,2026-06-29,Quotidienne
MA0000039281,3928,BMCI PREMIUM SHORT BOND DIST,CIH CAPITAL MANAGEMENT,FCP,OCT,"]0,5  1,1]",MBI CT,QUOTIDIENNE,FGP,DISTRIBUANT,0.0,0.0,0.02,BMCI,CIH CAPITAL MANAGEMENT,4965287.96,133.72,0.009817,0.00015,0.000299,0.001348,0.007004,0.009894,0.019985,0.058224,0.09649,0.129787,2026-06-29,Quotidienne
MA0000039315,3931,CFG OPPORTUNITÉS,CFG GESTION,FCP,DIVERSIFIÉ,-,70% MBI GLOBAL + 30% MASI,QUOTIDIENNE,FGP,MIXTE,0.03,0.015,0.02,CFG BANK,CFG GESTION; CFG BANK,96924126.350254,1238.79,0.029203,-5.7e-05,0.001212,-0.001169,0.032076,0.015119,0.036601,-,-,-,2026-06-29,Quotidienne
MA0000039323,3932,CFG Diversifié,CFG GESTION,FCP,DIVERSIFIÉ,-,80% MBI GLOBAL + 20% MASI RN,QUOTIDIENNE,FGP,CAPITALISANT,0.03,0.015,0.02,CFG BANK,CFG GESTION; CFG BANK,92048739.153062,1185.68,-0.040153,0.000152,-0.010044,-0.026487,0.03266,-0.049128,-0.015306,0.096015,0.147403,-,2026-06-29,Quotidienne
MA0000039331,3933,UPLINE CROISSANCE,UPLINE CAPITAL MANAGEMENT,FCP,DIVERSIFIÉ,-,70% MBI + 30% MASI RB,QUOTIDIENNE,FNPP,MIXTE,0.0,0.0,0.02,BCP,UPLINE CAPITAL MANAGEMENT,1092716.82,1092.72,-0.017391,0.001054,0.002008,-0.001562,0.008072,-0.018336,0.00244,0.0548,0.083403,-,2026-06-29,Quotidienne
MA0000039356,3935,FCP EMERGENCE PATRIMOINE,VALORIS MANAGEMENT,FCP,DIVERSIFIÉ,-,80% MBI GLOBAL + 20% MASI RB,QUOTIDIENNE,FNPP,CAPITALISANT,0.0,0.0,0.02,BANK OF AFRICA,VALORIS MANAGEMENT,859399.0,176.35,-0.028375,-0.002094,-0.002037,-0.005246,0.008463,-0.036339,-0.009826,0.261987,0.357269,-,2026-06-29,Quotidienne
MA0000039364,3936,PROFIL FLEXIBLE,WAFA GESTION,FCP,DIVERSIFIÉ,-,75% MASI + 25% MBI MT,QUOTIDIENNE,FGP,DISTRIBUANT,0.02,0.02,0.02,ATTIJARIWAFA BANK,WAFA GESTION; ATTIJARIWAFA BANK,1032802867.02,1646.62,0.041314,0.001356,-0.011241,-0.022336,0.045141,0.025676,0.067452,0.231928,0.288042,-,2026-06-29,Quotidienne
MA0000039372,3937,AFG T-BOND FUND,AFG ASSET MANAGEMENT,FCP,OMLT,"]1,1  10]",MBI MLT,QUOTIDIENNE,FNPP,MIXTE,0.0,0.0,0.02,ATTIJARIWAFA BANK,AFG ASSET MANAGEMENT,1223233005.65,1120.8,-0.034829,0.002271,0.002962,-0.005951,0.012734,-0.033044,-0.019089,0.15478,0.286903,-,2026-06-29,Quotidienne
MA0000039414,3941,FCP EMERGENCE ACTIONS,VALORIS MANAGEMENT,FCP,ACTIONS,-,MASI 20,QUOTIDIENNE,FGP,CAPITALISANT,0.03,0.015,0.02,ATTIJARIWAFA BANK,VALORIS GROUP;VALORIS MANAGEMENT,327209046.77,1779.48,-0.053156,-9.0e-05,-0.017307,-0.03628,0.028268,-0.074595,-0.038685,0.469746,0.752474,-,2026-06-29,Quotidienne
MA0000039430,3943,FCP SANLAM OBLIGATIONS,VALORIS MANAGEMENT,FCP,OMLT,"]1,1   10]",MBI GLOBAL,QUOTIDIENNE,FNPP,MIXTE,0.03,0.015,0.02,BCP,VALORIS MANAGEMENT,994844949.68,1275.32,-0.02074,0.002098,0.003359,-0.001245,0.014615,-0.021829,-0.000917,0.16698,-,-,2026-06-29,Quotidienne
MA0000039448,3944,AFG GOV BOND FUND,AFG ASSET MANAGEMENT,FCP,OMLT,]4  8],MBI GLOBAL,QUOTIDIENNE,FGP,MIXTE,0.03,0.03,0.02,ATTIJARIWAFA BANK,AFG ASSET MANAGEMENT,2805829688.52,1220.16,-0.012712,0.002045,0.003644,-0.00251,0.011439,-0.01453,-0.008532,0.111216,0.2138,-,2026-06-29,Quotidienne
MA0000039455,3945,AFG FLEXIBLE FUND,AFG ASSET MANAGEMENT,FCP,DIVERSIFIÉ,-,75% MBI GLOBAL + 25% MASI RB,QUOTIDIENNE,FNPP,MIXTE,0.03,0.03,0.02,BCP,AFG ASSET MANAGEMENT,901053788.98,1316.24,-0.029922,0.001735,-0.004312,-0.017629,0.021775,-0.037625,-0.01823,0.224237,0.398076,-,2026-06-29,Quotidienne
MA0000039463,3946,ATLAS LIQUIDITE,ATLAS CAPITAL MANAGEMENT,FCP,OCT,"0,5 ; 1,1]",MBI CT,QUOTIDIENNE,FGP,CAPITALISANT,0.03,0.03,0.02,BANK OF AFRICA,ATLAS CAPITAL MANAGEMENT,67064763.93,147.56,0.012835,0.000203,0.000475,0.002241,0.008681,0.013114,0.026647,0.064109,-,-,2026-06-29,Quotidienne
MA0000039471,3947,AZ TAWFIR,WAFA GESTION,FCP,OMLT,"]1,1  13]",MBI MLT,QUOTIDIENNE,FNPP,MIXTE,0.03,0.015,0.02,BCP,WAFA GESTION,381117653.19,839466.19,-0.017652,0.002131,0.004357,-0.005685,0.005402,-0.0166,-0.011944,0.112647,-,-,2026-06-29,Quotidienne
MA0000039497,3949,CAPITAL IMTIYAZ GARANTI,BMCE CAPITAL GESTION,FCP,CONTRACTUEL,-,MONIA,QUOTIDIENNE,FGP,CAPITALISANT,0.01,0.01,0.02,BANK OF AFRICA,BMCE CAPITAL GESTION,1513405184.09,1057.42,0.010473,0.00017,0.000397,0.001971,0.005362,0.010589,0.021316,0.045625,-,-,2026-06-29,Quotidienne
MA0000039513,3951,FCP MAROGEST BONDS,MAROGEST,FCP,OMLT,"]1,1   8,1]",100% MBI GLOBAL,QUOTIDIENNE,FNPP,CAPITALISANT,0.0,0.0,0.0,CIH BANK,MAROGEST,762704373.09,1082.95,-0.018391,0.000786,0.002407,-0.002404,0.011347,-0.020478,-0.006149,0.077348,-,-,2026-06-29,Quotidienne
MA0000039547,3954,FCP ALPHA BONDS,RED MED ASSET MANAGEMENT,FCP,OMLT,"]1,1   10]",MBI GLOBAL,QUOTIDIENNE,FNPP,CAPITALISANT,0.0,0.0,0.02,BCP,RED MED ASSET MANAGEMENT,2316238528.66,1205.05,-0.003185,0.001538,0.002871,-0.000796,0.010041,-0.002698,0.005155,0.108602,0.19728,-,2026-06-29,Quotidienne
MA0000039570,3957,AFG ACTIVE BOND FUND,AFG ASSET MANAGEMENT,FCP,OMLT,]4  8],95% MBI GLOBAL + 5% MASI,QUOTIDIENNE,FGP,MIXTE,0.03,0.03,0.02,BANQUE CENTRALE POPULAIRE,AFG ASSET MANAGEMENT,1443188432.52,1093.5,-0.017273,0.001438,0.001998,-0.006325,0.008969,-0.019265,-0.007137,-,-,-,2026-06-29,Quotidienne
MA0000039604,3960,FCP EMERGENCE OPTIMUM,VALORIS MANAGEMENT,FCP,DIVERSIFIÉ,-,60% MBI + 40% MASI,QUOTIDIENNE,FGP,MIXTE,0.03,0.015,0.02,CREDIT DU MAROC,VALORIS MANAGEMENT,1475249579.32,1156.05,-0.038884,0.001143,-0.005916,-0.016504,0.012285,-0.05016,-0.025812,-,-,-,2026-06-29,Quotidienne
MA0000039620,3962,FCP FH2 OBLIGATAIRE DP,VALORIS MANAGEMENT,FCP,OMLT,"[1,1 5]",90% MBI MT + 10% MBI MLT + 50 pbs,QUOTIDIENNE,FNPP,MIXTE,0.0,0.0,0.02,CDM,VALORIS MANAGEMENT,882028350.15,1070.4,0.01025,0.000944,0.001741,0.003177,0.01529,0.010536,0.024502,-,-,-,2026-06-29,Quotidienne
MA0000039638,3963,FCP AFRICAPITAL RENDEMENT,AFRICAPITAL MANAGEMENT,FCP,OMLT,[2  6],MBI GLOBAL,QUOTIDIENNE,FGP,CAPITALISANT,0.03,0.03,0.02,BCP,AFRICAPITAL MANAGEMENT,1219036732.27,1024.2,-0.013219,0.00133,0.001712,-0.002726,0.008617,-0.01663,-0.00451,-,-,-,2026-06-29,Quotidienne
MA0000039653,3965,FCP ALPHA OBLIGATAIRE,RED MED ASSET MANAGEMENT,FCP,OMLT,"]1,1   10]",MBI GLOBAL,QUOTIDIENNE,FNPP,CAPITALISANT,0.0,0.0,0.02,BCP,RED MED ASSET MANAGEMENT;RED MED SECURITIES,1122002.89,1122.0,-0.000499,0.002609,0.004782,0.002591,0.017724,-0.000508,0.008684,0.101058,0.159594,-,2026-06-29,Quotidienne
MA0000039661,3966,FCP EMERGENCE HARMONY FUND,VALORIS MANAGEMENT,FCP,OMLT,"[1,1  10]",MBI MT,QUOTIDIENNE,FNPP,MIXTE,0.0,0.0,0.02,CIH BANK,VALORIS MANAGEMENT,27573651.57,1351.31,0.009608,0.000496,0.000867,0.001787,0.013888,0.009601,0.015496,0.132661,0.255538,-,2026-06-29,Quotidienne
MA0000039679,3967,FCP OPTIMA EQUILIBRE,ALPHAVEST ASSET MANAGEMENT,FCP,DIVERSIFIÉ,-,60% MBI GLOBAL + 40% MASI,QUOTIDIENNE,FGP,CAPITALISANT,0.03,0.015,0.02,BANQUE CENTRALE POPULAIRE,ALPHAVEST ASSET MANAGEMENT,257819398.19,962.69,-0.039136,0.000613,-0.006778,-0.019983,0.016955,-0.05149,-0.042662,-,-,-,2026-06-29,Quotidienne
MA0000039687,3968,FCP OPTIMA MONETAIRE,ALPHAVEST ASSET MANAGEMENT,FCP,MONÉTAIRE,"[0  0,5]",MONIA,QUOTIDIENNE,FGP,CAPITALISANT,0.03,0.015,0.02,BANQUE CENTRALE POPULAIRE,ALPHAVEST ASSET MANAGEMENT,722489636.73,1026.52,0.013026,0.000195,0.000448,0.002265,0.007232,0.013296,0.025997,-,-,-,2026-06-29,Quotidienne
MA0000039695,3969,FCP OPTIMA OBLIGATAIRE,ALPHAVEST ASSET MANAGEMENT,FCP,OMLT,[4  8],MBI GLOBAL,QUOTIDIENNE,FGP,CAPITALISANT,0.03,0.015,0.02,BANQUE CENTRALE POPULAIRE,ALPHAVEST ASSET MANAGEMENT,603017384.76,1006.06,-0.009647,0.001364,0.003171,-0.001528,0.012102,-0.008837,0.005919,-,-,-,2026-06-29,Quotidienne
MA0000039703,3970,FCP OPTIMA SOUVERAIN,ALPHAVEST ASSET MANAGEMENT,FCP,OMLT,[4  8],MBI GLOBAL,QUOTIDIENNE,FGP,CAPITALISANT,0.03,0.015,0.02,BANK OF AFRICA,ALPHAVEST ASSET MANAGEMENT,334502690.2,1074.41,0.05823,0.001529,0.004028,-0.001301,0.012315,0.062436,0.074238,-,-,-,2026-06-29,Quotidienne
MA0000039711,3971,FCP OPTIMA DYNAMIQUE,ALPHAVEST ASSET MANAGEMENT,FCP,OCT,"[0,5  1,1]",MBI CT,QUOTIDIENNE,FGP,CAPITALISANT,0.03,0.015,0.02,BANK OF AFRICA,ALPHAVEST ASSET MANAGEMENT,735897520.07,1027.96,0.013947,0.000282,0.000389,0.002164,0.008912,0.014267,0.027528,-,-,-,2026-06-29,Quotidienne
MA0000039729,3972,FCP OPTIMA PERFORMANCE,ALPHAVEST ASSET MANAGEMENT,FCP,ACTIONS,-,MASI,QUOTIDIENNE,FGP,CAPITALISANT,0.03,0.015,0.02,BANK OF AFRICA,ALPHAVEST ASSET MANAGEMENT,104989830.68,935.0,-0.037521,-0.000823,-0.020368,-0.042459,0.039825,-0.060046,-0.038699,-,-,-,2026-06-29,Quotidienne
MA0000039737,3973,FCP ALPHA INVEST,RED MED ASSET MANAGEMENT,FCP,DIVERSIFIÉ,-,40% MASI RB + 60% MBI GLOBAL,QUOTIDIENNE,FNPP,MIXTE,0.02,0.02,0.02,CDG CAPITAL,RED MED ASSET MANAGEMENT,236743087.84,1349.32,-0.069043,0.002221,-0.005616,-0.018041,-0.024459,-0.079528,-0.056611,0.365902,0.408505,-,2026-06-29,Quotidienne
MA0000039745,3974,FONDS CIH D'IMPACT SOCIAL,CIH CAPITAL MANAGEMENT,FCP,OCT,"]0,5  1,1]",MBI CT,QUOTIDIENNE,FNPP,MIXTE,0.0,0.05,0.02,CIH BANK,CIH CAPITAL MANAGEMENT; CIH BANK,1002486.82,1002.49,0.00246,8.0e-05,0.00013,0.000259,0.003263,0.00245,-,-,-,-,2026-06-29,Quotidienne
MA0000039752,3975,AFG BALANCED FUND,AFG ASSET MANAGEMENT,FCP,DIVERSIFIÉ,-,50% MBI GLOBAL + 50% MASI,QUOTIDIENNE,FGP,MIXTE,0.03,0.03,0.02,BCP,AFG ASSET MANAGEMENT,762387325.29,904.53,-0.036032,0.001961,-0.014716,-0.035333,0.028576,-0.053671,-,-,-,-,2026-06-29,Quotidienne
MA0000039778,3977,CMIM PERFORMANCE,WAFA GESTION,FCP,OMLT,"]1,1   7]",MBI MT,QUOTIDIENNE,FNPP,MIXTE,0.0,0.0,0.02,ATTIJARIWAFA BANK,WAFA GESTION,1013145.77,10131.46,0.010176,0.000177,0.000379,0.001672,0.007996,0.010248,-,-,-,-,2026-06-29,Quotidienne
MA0000039786,3978,FCP AFRICAPITAL TRESORERIE,AFRICAPITAL MANAGEMENT,FCP,MONÉTAIRE,"[0  0,5]",TMP Interbancaire,QUOTIDIENNE,FGP,CAPITALISANT,0.03,0.03,0.02,ATTIJARIWAFA BANK,AFRICAPITAL MANAGEMENT,6582154.04,1013.26,0.009666,0.000158,0.000375,0.001799,0.005817,0.010068,-,-,-,-,2026-06-29,Quotidienne
MA0000039802,3980,CFG OBLIGATAIRE PLUS,CFG GESTION,FCP,OMLT,]4  8],MBI GLOBAL,QUOTIDIENNE,FGP,CAPITALISANT,0.03,0.015,0.02,CFG BANK,CFG GESTION,1331184.470684,128.0,-0.003581,0.003292,0.006368,0.001565,0.016518,-0.003426,0.001118,-,-,-,2026-06-29,Quotidienne
MA0000039828,3982,SN ACTIONS,CIH CAPITAL MANAGEMENT,FCP,ACTIONS,-,MASI RB,QUOTIDIENNE,FNPP,MIXTE,0.0,0.0,0.02,CIH BANK,CIH CAPITAL MANAGEMENT,636658.38,159164.6,-0.021648,0.002083,-0.007464,-0.02302,0.030854,-0.037942,-0.025967,-,-,-,2026-06-29,Quotidienne
MA0000039836,3983,STERLING BOND,STERLING ASSET MANAGEMENT,FCP,OMLT,[2  6],MBI GLOBAL,QUOTIDIENNE,FGP,CAPITALISANT,0.03,0.015,0.02,SAHAM BANK,STERLING ASSET MANAGEMENT,342705277.05,1006.43,1.0e-05,0.000756,0.000955,0.001672,0.012362,0.000427,-,-,-,-,2026-06-29,Quotidienne
MA0000039844,3984,STERLING EQUITY,STERLING ASSET MANAGEMENT,FCP,ACTIONS,-,MASI,QUOTIDIENNE,FGP,CAPITALISANT,0.03,0.015,0.02,ATTIJARIWAFA BANK,STERLING ASSET MANAGEMENT,803197673.98,921.23,-0.008396,0.000456,-0.015527,-0.029763,0.038556,-0.038984,-,-,-,-,2026-06-29,Quotidienne
MA0000039851,3985,STERLING SHORT TERM BOND,STERLING ASSET MANAGEMENT,FCP,OCT,"[0,5  1,1]",MBI CT,QUOTIDIENNE,FGP,CAPITALISANT,0.03,0.015,0.02,SAHAM BANK,STERLING ASSET MANAGEMENT,1509420462.02,1016.36,0.013512,0.000207,0.000463,0.002169,0.007724,0.013674,-,-,-,-,2026-06-29,Quotidienne
MA0000039869,3986,QUANTUM OPTIMUM CT,QUANTUM CAPITAL GESTION,FCP,OCT,"[0,5 1,1]",MBI CT,QUOTIDIENNE,FGP,CAPITALISANT,0.015,0.02,0.03,BANQUE CENTRALE POPULAIRE,QUANTUM CAPITAL GESTION,1770953022.74,1013.73,0.013234,0.000197,0.000276,0.002185,0.008446,0.013639,-,-,-,-,2026-06-29,Quotidienne
MA0000039877,3987,QUANTUM OBLIGATION PLUS,QUANTUM CAPITAL GESTION,FCP,OMLT,[2  6],MBI GLOBAL,QUOTIDIENNE,FGP,CAPITALISANT,0.015,0.02,0.03,BANQUE CENTRALE POPULAIRE,QUANTUM CAPITAL GESTION,177049258.92,1008.2,0.007575,0.000903,0.001052,-,-,-,-,-,-,-,2026-06-29,Quotidienne
MA0000039885,3988,QUANTUM OPTIMUM CROISSANCE,QUANTUM CAPITAL GESTION,FCP,ACTIONS,-,MASI,QUOTIDIENNE,FGP,CAPITALISANT,0.015,0.02,0.03,BANQUE CENTRALE POPULAIRE,QUANTUM CAPITAL GESTION,19109739.15,1025.25,0.035847,0.000625,-0.015177,-,-,-,-,-,-,-,2026-06-29,Quotidienne
MA0000039893,3989,FCP ALPHA BALANCE,RED MED ASSET MANAGEMENT,FCP,DIVERSIFIÉ,-,60% MBI GLOBAL + 40% MASI,QUOTIDIENNE,FGP,MIXTE,0.02,0.02,0.02,CREDIT DU MAROC,RED MED ASSET MANAGEMENT; RED MED SECURITIES; RED MED CAPITAL,605751619.69,1105.94,-,0.000552,-0.006593,-0.013654,0.005336,-,-,-,-,-,2026-06-29,Quotidienne
MA0000039901,3990,FCP ALPHA EQUITY,RED MED ASSET MANAGEMENT,FCP,ACTIONS,-,MASI,QUOTIDIENNE,FGP,MIXTE,0.02,0.02,0.02,BCP,RED MED ASSET MANAGEMENT; RED MED SECURITIES; RED MED CAPITAL,965664.97,965.66,-,0.00113,-0.013304,-0.028286,-0.033934,-,-,-,-,-,2026-06-29,Quotidienne
MA0000039919,3991,FCP ALPHA OPPORTUNITE,RED MED ASSET MANAGEMENT,FCP,OMLT,[6  10],50% MBI MLT + 50% MBI LT,QUOTIDIENNE,FGP,CAPITALISANT,0.02,0.02,0.02,SAHAM BANK,RED MED ASSET MANAGEMENT; RED MED SECURITIES; RED MED CAPITAL,1011219.28,1011.21,-,0.003264,0.00668,0.000693,0.010472,-,-,-,-,-,2026-06-29,Quotidienne
MA0000039927,3992,TWIN PERFORMANCE,TWIN CAPITAL GESTION,FCP,ACTIONS,-,MASI,QUOTIDIENNE,FGP,CAPITALISANT,0.02,0.02,0.02,BCP,TWIN CAPITAL GESTION,999158.06,99.91,-,0.003818,-0.001,-0.008337,0.003415,-,-,-,-,-,2026-06-29,Quotidienne
MA0000039935,3993,TWIN LIQUID BANK,TWIN CAPITAL GESTION,FCP,OCT,"[0,5  1,1]",MBI CT,QUOTIDIENNE,FGP,CAPITALISANT,0.0,0.0,0.01,BCP,TWIN CAPITAL GESTION,1016580.87,1016.58,-,0.000187,0.000403,0.001902,0.015899,-,-,-,-,-,2026-06-29,Quotidienne
MA0000039943,3994,FCP STERLING CASH,STERLING ASSET MANAGEMENT,FCP,MONÉTAIRE,"[0  0,5]",MONIA,QUOTIDIENNE,FGP,CAPITALISANT,0.03,0.015,0.02,SAHAM BANK,STERLING ASSET MANAGEMENT,258483863.58,1002.64,-,0.00016,0.000379,0.001829,-,-,-,-,-,-,2026-06-29,Quotidienne
MA0000039950,3995,FCP STERLING DYNAMIC,STERLING ASSET MANAGEMENT,FCP,DIVERSIFIÉ,-,70% MBI + 30% MASI,QUOTIDIENNE,FGP,CAPITALISANT,0.03,0.015,0.02,ATTIJARIWAFA BANK,STERLING ASSET MANAGEMENT,212938608.23,975.79,-,-0.000256,-0.007294,-0.008585,-,-,-,-,-,-,2026-06-29,Quotidienne
MA0000039968,3996,AFG ALLOCATION FUND,AFG ASSET MANAGEMENT,FCP,DIVERSIFIÉ,-,70% MBI GLOBAL + 30% MASI,QUOTIDIENNE,FNPP,MIXTE,0.03,0.03,0.02,ATTIJARIWAFA BANK,AFG ASSET MANAGEMENT,1006170.39,1006.17,-,0.000865,0.002421,0.004272,-,-,-,-,-,-,2026-06-29,Quotidienne
MA0000039984,3998,FCP QUANTUM OPTIMUM DIVERSIFIE,QUANTUM CAPITAL GESTION,FCP,DIVERSIFIÉ,-,60% MBI GLOBAL + 40% MASI,QUOTIDIENNE,FGP,CAPITALISANT,0.03,0.015,0.02,BANQUE CENTRALE POPULAIRE,QUANTUM CAPITAL GESTION,295583225.92,1015.8,-,0.001311,-0.002778,-0.007106,-,-,-,-,-,-,2026-06-29,Quotidienne
MA0000039992,3999,FCP ALPHAVEST SECUR RENDEMENT,ALPHAVEST ASSET MANAGEMENT,FCP,OMLT,"[1,1  7]",MBI GLOBAL,QUOTIDIENNE,FNPP,CAPITALISANT,0.0,0.0,0.02,CDG,ALPHAVEST ASSET MANAGEMENT,101435158.6,100430.85,-,0.001883,0.002928,-0.001285,-,-,-,-,-,-,2026-06-29,Quotidienne
MA0000040016,4001,UPLINE RENDEMENT,UPLINE CAPITAL MANAGEMENT,FCP,OMLT,"]1,1   5,1]",80%MBI MT + 20% MBI MLT,QUOTIDIENNE,FGP,CAPITALISANT,0.0,0.0,0.02,BCP,UPLINE CAPITAL MANAGEMENT,8048042719.83,2856.74,0.001694,0.001465,0.002555,0.001518,0.015044,0.001069,0.017495,0.110513,0.195064,0.143602,2026-06-29,Quotidienne
MA0000040024,4002,UPLINE OBLIG,UPLINE CAPITAL MANAGEMENT,FCP,OCT,"]0,5 1,1]",MBI CT,QUOTIDIENNE,FGP,CAPITALISANT,0.0,0.0,0.02,BCP,UPLINE CAPITAL MANAGEMENT,6146318289.14,2151.21,0.014315,0.00026,0.000651,0.002736,0.009981,0.014612,0.028362,0.069402,0.111334,0.15626,2026-06-29,Quotidienne
MA0000040040,4004,UPLINE ACTIONS,UPLINE CAPITAL MANAGEMENT,FCP,ACTIONS,-,MASI,QUOTIDIENNE,FGP,CAPITALISANT,0.01,0.005,0.02,BCP,UPLINE CAPITAL MANAGEMENT,2840414.97,5072.41,-0.041777,0.001319,-0.018333,-0.038644,0.032337,-0.068007,-0.032437,0.370155,0.551158,0.493625,2026-06-29,Quotidienne
MA0000040065,4006,KENZ RENDEMENT,UPLINE CAPITAL MANAGEMENT,FCP,DIVERSIFIÉ,-,50% MASI + 50% MBI,QUOTIDIENNE,FGP,MIXTE,0.003,0.003,0.02,BCP,UPLINE CAPITAL MANAGEMENT,942462893.18,580.28,-0.02773,0.001571,-0.006948,-0.020476,0.024723,-0.042284,-0.016024,0.28517,0.436408,0.306849,2026-06-29,Quotidienne
MA0000040107,4010,AL AMAL,UPLINE CAPITAL MANAGEMENT,FCP,OCT,"]0,5 1,1]",90% MBI CT + 10%MBI MT,QUOTIDIENNE,FGP,CAPITALISANT,0.0,0.0,0.0025,BCP,UPLINE CAPITAL MANAGEMENT,4875539930.09,3255.41,0.013285,0.000234,0.000501,0.002359,0.00902,0.013565,0.026192,0.066229,0.105996,0.146538,2026-06-29,Quotidienne
MA0000040123,4012,ALISTITMAR CHAABI TRESORERIE,UPLINE CAPITAL MANAGEMENT,FCP,MONÉTAIRE,"]0  0,5]",MBI CT,QUOTIDIENNE,FGP,CAPITALISANT,0.0,0.0,0.0025,BCP,UPLINE CAPITAL MANAGEMENT,218354688.1,597364.62,0.010741,0.000172,0.000393,0.001978,0.005621,0.010927,0.021855,0.048812,0.079213,0.115039,2026-06-29,Quotidienne
MA0000040149,4014,KENZ PLUS,UPLINE CAPITAL MANAGEMENT,FCP,MONÉTAIRE,"]0  0,5]",MBI CT,QUOTIDIENNE,FGP,CAPITALISANT,0.0,0.0,0.003,BCP,UPLINE CAPITAL MANAGEMENT,3771502130.72,212.15,0.011635,0.000189,0.000424,0.002078,0.006452,0.011925,0.023544,0.054319,0.088507,0.125942,2026-06-29,Quotidienne
MA0000040180,4018,OBLIDYNAMIC,WAFA GESTION,SICAV,OCT,"]0,5  1,1]",MBI CT,QUOTIDIENNE,FGP,CAPITALISANT,0.03,0.015,0.02,ATTIJARIWAFA BANK,WAFA GESTION,1347132520.25,210.32,0.013249,0.00019,0.000571,0.002479,0.008874,0.013493,0.026803,0.062169,0.101556,0.1276,2026-06-29,Quotidienne
MA0000040214,4021,PATRIMOINE OBLIGATIONS,WAFA GESTION,FCP,OMLT,]3   7],MBI MLT,QUOTIDIENNE,FGP,CAPITALISANT,0.03,0.01,0.02,ATTIJARIWAFA BANK,WAFA GESTION,2221975584.42,425.45,0.000188,0.001106,0.002002,0.0012,0.01719,-0.000446,0.018871,-,-,-,2026-06-29,Quotidienne
MA0000040248,4024,CAP OBLIGATIONS,WAFA GESTION,FCP,OCT,"[0,5  1,1[",MBI CT,QUOTIDIENNE,FGP,CAPITALISANT,0.01,0.0,0.02,ATTIJARIWAFA BANK,WAFA GESTION,1976382902.51,314.05,0.014013,6.4e-05,0.000319,0.002106,0.00851,0.017594,0.028795,0.062056,0.098077,-,2026-06-29,Quotidienne
MA0000040271,4027,CAP MONETAIRE PREMIERE,WAFA GESTION,FCP,MONÉTAIRE,"[0,1  0,5[",TMP,QUOTIDIENNE,FGP,CAPITALISANT,0.0,0.0,0.0065,ATTIJARIWAFA BANK,WAFA GESTION,24324257687.83,212865.52,0.011948,0.000161,0.000512,0.002292,0.006582,0.012195,0.024081,0.055211,0.090024,0.130678,2026-06-29,Quotidienne
MA0000040313,4031,FCP CAP INSTITUTIONS,WAFA GESTION,FCP,OCT,"]0,5  1,1]",MBI CT,QUOTIDIENNE,FGP,CAPITALISANT,0.001,0.0,0.007,ATTIJARIWAFA BANK,WAFA GESTION,2262856417.07,685742.33,0.012775,0.000201,0.000451,0.002263,0.008342,0.012944,0.026349,0.06142,0.103187,0.139902,2026-06-29,Quotidienne
MA0000040339,4033,ATTIJARI MONETAIRE JOUR,WAFA GESTION,FCP,MONÉTAIRE,"[0  0,5[",TMP,QUOTIDIENNE,FGP,CAPITALISANT,0.0,0.0,0.02,ATTIJARIWAFA BANK,WAFA GESTION,446024899.41,239.49,0.008931,0.000125,0.000334,0.001631,0.00453,0.009059,0.017894,0.039543,0.066011,0.095863,2026-06-29,Quotidienne
MA0000040347,4034,PATRIMOINE ACTIONS,WAFA GESTION,FCP,ACTIONS,-,MASI,QUOTIDIENNE,FGP,CAPITALISANT,0.03,0.015,0.02,ATTIJARIWAFA BANK,WAFA GESTION,2233925062.47,1943.9,-0.00323,0.002067,-0.018173,-0.035429,0.05381,-0.027715,0.020018,0.41906,0.553827,0.529017,2026-06-29,Quotidienne
MA0000040388,4038,WG OBLIGATIONS,WAFA GESTION,SICAV,OMLT,[1.1  5[,MBI MT,QUOTIDIENNE,FGP,MIXTE,0.0,0.0,0.0125,ATTIJARIWAFA BANK,WAFA GESTION,345679579.16,178.51,0.006995,0.000504,0.000112,0.000729,0.012823,0.006257,0.023332,0.082404,0.143635,0.046488,2026-06-29,Quotidienne
MA0000040396,4039,OBLITOP,WAFA GESTION,SICAV,OCT,"]0,5  1,1]",MBI CT,QUOTIDIENNE,FGP,CAPITALISANT,0.0,0.01,0.01,ATTIJARIWAFA BANK,WAFA GESTION,13190718911.64,2387.44,0.014262,0.000235,0.000507,0.002498,0.009296,0.014477,0.0291,0.069373,0.114631,0.14708,2026-06-29,Quotidienne
MA0000040412,4041,AL IDDIKHAR CHAABI MOUTAWASSIT AL MADA,UPLINE CAPITAL MANAGEMENT,FCP,OMLT,]3  7],30% MBI MT + 70% MBI MLT,QUOTIDIENNE,FGP,CAPITALISANT,0.0,0.0,0.02,BCP,UPLINE CAPITAL MANAGEMENT,358299143.02,225.77,-0.021794,0.004136,0.00173,0.000222,0.01868,-0.02137,-0.004058,0.090993,0.187638,-,2026-06-29,Quotidienne
MA0000040420,4042,AL IDDIKHAR CHAABI TAWIL AL MADA,UPLINE CAPITAL MANAGEMENT,FCP,OMLT,]4  8],80%MBI MLT + 20% MBI LT,QUOTIDIENNE,FGP,CAPITALISANT,0.0,0.0,0.02,BCP,UPLINE CAPITAL MANAGEMENT,4293762.38,229.51,-0.005072,0.00179,0.004332,-0.001045,0.008613,-0.004684,0.001527,0.090361,0.165085,-,2026-06-29,Quotidienne
MA0000040438,4043,AL IDDIKHAR CHAABI KASSIR AL MADA,UPLINE CAPITAL MANAGEMENT,FCP,OMLT,"]1,1   5,1]",MBI,QUOTIDIENNE,FGP,MIXTE,0.0,0.0,0.008,BCP,UPLINE CAPITAL MANAGEMENT,227673535.05,210.1,0.00459,0.000714,0.00143,0.002338,0.010679,0.00483,0.016203,0.096441,0.150476,0.181864,2026-06-29,Quotidienne
MA0000040446,4044,CDG CASH,CDG CAPITAL GESTION,FCP,MONÉTAIRE,"[0  0,5[",80% TMP + 20% MBI CT,QUOTIDIENNE,FGP,CAPITALISANT,0.0,0.0,0.006,CDG CAPITAL,CDG CAPITAL GESTION,251477755.87,2317.5,0.016412,0.00019,0.000358,0.003321,0.011086,0.016715,0.031247,0.07612,0.118409,0.146874,2026-06-29,Quotidienne
MA0000040503,4050,FCP CKG BONDS,CDG CAPITAL GESTION,FCP,OMLT,]4  8],MBI MLT,QUOTIDIENNE,FGP,CAPITALISANT,0.03,0.015,0.01,CDG,CDG CAPITAL GESTION; CDG,738966887.63,2663.05,-0.007661,0.002518,0.004538,0.001753,0.019427,-0.009271,0.007472,0.119775,0.217684,0.150902,2026-06-29,Quotidienne
MA0000040552,4055,UPLINE BONDS,UPLINE CAPITAL MANAGEMENT,FCP,OMLT,"]2,5  6,5]",50% MBI MT + 50% MBI MLT,QUOTIDIENNE,FGP,MIXTE,0.0,0.0,0.02,BCP,UPLINE CAPITAL MANAGEMENT,1801624.13,0.67,0,0.0,0.0,0,0,0,0,0.098361,-,-,2026-06-29,Quotidienne
MA0000040594,4059,CDG DYNAMIC COURT TERME,CDG CAPITAL GESTION,FCP,OCT,"]0,5  1,1]",80% MBI CT + 20% MBI MT,QUOTIDIENNE,FNPP,CAPITALISANT,0.03,0.015,0.02,CDG CAPITAL,CDG CAPITAL GESTION,912078385.61,1194.04,0.011813,0.000243,0.000528,0.002224,0.008701,0.01201,0.025209,0.070734,0.102907,0.144045,2026-06-29,Quotidienne
MA0000040610,4061,FH2 ACTIONS II,CDG CAPITAL GESTION,FCP,ACTIONS,-,MASI RB,QUOTIDIENNE,FNPP,CAPITALISANT,0.03,0.015,0.02,CDG CAPITAL,CDG CAPITAL GESTION,872373034.73,8067.59,-0.091987,-0.002684,-0.014856,-0.028668,0.005395,-0.115504,-0.093188,0.273187,0.457514,-,2026-06-29,Quotidienne
MA0000040636,4063,CDG MONEY PREMIUM,CDG CAPITAL GESTION,FCP,MONÉTAIRE,"<= 0,5",60% TMP + 40% MBI CT,QUOTIDIENNE,FGP,CAPITALISANT,0.03,0.015,0.02,CDG CAPITAL,CDG CAPITAL GESTION,4452953464.78,1669.07,0.012582,0.000192,0.000432,0.002204,0.00695,0.012877,0.024944,0.054618,0.090019,0.129605,2026-06-29,Quotidienne
MA0000040677,4067,FCP INSTITUTIONS,CDG CAPITAL GESTION,FCP,OCT,"]0,5  1,1]",90% MBI CT + 10% MBI MT,QUOTIDIENNE,FGP,CAPITALISANT,0.03,0.015,0.02,CDG CAPITAL,CDG CAPITAL GESTION,631942.69,1760.28,0.009723,0.000165,0.000381,0.001798,0.006007,0.010453,0.020801,0.048672,0.084511,0.124945,2026-06-29,Quotidienne
MA0000040768,4076,FCP OBLIG COURT TERME,CDG CAPITAL GESTION,FCP,OCT,"[0,5  1,1[",75% MBI CT + 25% MBI MT,QUOTIDIENNE,FGP,CAPITALISANT,0.03,0.015,0.02,CDG CAPITAL,CDG CAPITAL GESTION,4504155576.95,1675.69,0.014352,0.000233,0.000496,0.002489,0.009355,0.014715,0.029933,0.07144,0.114304,0.151677,2026-06-29,Quotidienne
MA0000040776,4077,FCP LIQUIDITES,CDG CAPITAL GESTION,FCP,MONÉTAIRE,"[0  0,5[",70% TMP + 30% MBI CT,QUOTIDIENNE,FNPP,CAPITALISANT,0.03,0.015,0.02,CDG CAPITAL,CDG CAPITAL GESTION,2419810198.64,3422.14,0.011653,0.00019,0.00045,0.002161,0.006438,0.011932,0.023058,0.050619,0.083741,0.119393,2026-06-29,Quotidienne
MA0000040792,4079,FCP ALLOCATIONS,CDG CAPITAL GESTION,FCP,DIVERSIFIÉ,-,55% MBI Global +45% Masi RB,QUOTIDIENNE,FGP,CAPITALISANT,0.0,0.0,0.02,CDG CAPITAL,CDG CAPITAL GESTION,1393028.98,1882.47,-0.02773,-0.002374,-0.007277,-0.013044,-0.007136,-0.031995,-0.001903,0.064794,0.131496,-,2026-06-29,Quotidienne
MA0000041022,4102,FCP ALPHA MONETAIRE,RED MED ASSET MANAGEMENT,FCP,MONÉTAIRE,"<0,5",MBI MONETAIRE,QUOTIDIENNE,FGP,CAPITALISANT,0.0,0.0,0.008,CDM,RED MED ASSET MANAGEMENT,1815088351.11,153.8,0.012442,0.000195,0.000455,0.002281,0.007072,0.012708,0.02506,0.057335,0.092718,0.136733,2026-06-29,Quotidienne
MA0000041097,4109,RMA TRESO PLUS,RMA ASSET MANAGEMENT,FCP,MONÉTAIRE,"< 0,5",TMP,QUOTIDIENNE,FGP,CAPITALISANT,0.0,0.0,0.01,BANK OF AFRICA,RMA ASSET MANAGEMENT,143055807.34,102.73,0.037467,0.000195,0.00039,0.001951,0.008244,0.037782,0.049122,0.108797,0.19287,0.325206,2026-06-29,Quotidienne
MA0000041113,4111,CMR ASHOUM,CDG CAPITAL GESTION,FCP,ACTIONS,-,MASI,QUOTIDIENNE,FNPP,CAPITALISANT,0.03,0.015,0.02,CDG CAPITAL,CDG CAPITAL GESTION,1193141108.95,2710.15,-0.085052,-0.002947,-0.011324,-0.025217,0.00536,-0.106069,-0.061017,0.326171,0.524835,0.506811,2026-06-29,Quotidienne
MA0000041121,4112,FCP IRGAM MONETAIRE PLUS,IRG ASSET MANAGEMENT,FCP,OCT,"]0,5 1,1]",MBI CT,QUOTIDIENNE,FGP,CAPITALISANT,0.03,0.015,0.02,ATTIJARIWAFA BANK,IRG ASSET MANAGEMENT,272370130.07,148.98,0.007302,0.000201,0.000403,0.001412,0.006554,0.007438,0.018527,0.040218,0.075124,0.108812,2026-06-29,Quotidienne
MA0000041154,4115,CDG OBLIG SÉCURITÉ,CDG CAPITAL GESTION,FCP,OCT,"]0,5 1,1]",80% MBI CT + 20% MBI MT,QUOTIDIENNE,FNPP,CAPITALISANT,0.03,0.015,0.02,CDG CAPITAL,CDG CAPITAL GESTION,961417937.71,1701.56,0.012936,0.000241,0.000529,0.002226,0.008996,0.013177,0.026849,0.062671,0.104393,0.141159,2026-06-29,Quotidienne
MA0000041162,4116,AL BARID TRESORERIE,CDG CAPITAL GESTION,FCP,MONÉTAIRE,"<=0,5",50% TMP + 50% MBI CT,QUOTIDIENNE,FGP,CAPITALISANT,0.03,0.015,0.02,CDG CAPITAL,AL BARID BANK,651415.34,748.34,0.008694,0.000147,0.000334,0.001633,0.004551,0.008816,0.017029,0.038092,0.197152,0.234559,2026-06-29,Quotidienne
MA0000041196,4119,CDG SERENITE,CDG CAPITAL GESTION,FCP,MONÉTAIRE,"<=0,5",60% TMP + 40% MBI CT,QUOTIDIENNE,FGP,CAPITALISANT,0.03,0.015,0.02,CDG CAPITAL,CDG CAPITAL GESTION,546072.87,1344.92,0.009147,0.000164,0.000357,0.001713,0.004789,0.009283,0.017807,0.039415,0.067922,0.097061,2026-06-29,Quotidienne
MA0000041238,4123,RMA RENDEMENT CT,RMA ASSET MANAGEMENT,FCP,OCT,"]0,5 1,1]",MBI CT,QUOTIDIENNE,FGP,CAPITALISANT,0.03,0.02,0.02,BANK OF AFRICA,RMA ASSET MANAGEMENT,1227962.38,122.8,0.009453,0.000163,0.000407,0.001631,0.006227,0.010201,0.018833,0.045729,0.075024,0.097212,2026-06-29,Quotidienne
MA0000041261,4126,FCP ALPHA SECURE FUND,RED MED ASSET MANAGEMENT,FCP,OMLT,[2   6[,MBI,QUOTIDIENNE,FGP,CAPITALISANT,0.02,0.02,0.02,BCP,RED MED ASSET MANAGEMENT,2270207801.98,1446.68,-0.008091,0.001405,0.002057,-0.000608,0.010936,-0.00894,0.000782,0.09695,0.331431,0.168364,2026-06-29,Quotidienne
MA0000041279,4127,CIMR CASH DYNAMIQUE,WAFA GESTION,FCP,MONÉTAIRE,"> 0,5",TMP,QUOTIDIENNE,FNPP,CAPITALISANT,0.03,0.015,0.02,ATTIJARIWAFA BANK,WAFA GESTION,1896986422.67,181.64,0.011584,0.000165,0.000441,0.002096,0.006483,0.011809,0.022805,0.051644,0.084677,0.116891,2026-06-29,Quotidienne
MA0000041295,4129,CDG OPTIMUM,CDG CAPITAL GESTION,FCP,MONÉTAIRE,"]0  0,5[",50% TMP + 50% MBI CT,QUOTIDIENNE,FGP,CAPITALISANT,0.03,0.015,0.02,CDG CAPITAL,CDG CAPITAL GESTION,34062846.65,3058.52,0.011278,0.000186,0.000425,0.00208,0.006483,0.011435,0.022362,0.050875,0.082919,0.118309,2026-06-29,Quotidienne
MA0000041303,4130,CDM MONETAIRE PLUS,WAFA GESTION,FCP,MONÉTAIRE,"]0  0,5]",TMP,QUOTIDIENNE,FGP,CAPITALISANT,0.0,0.0,0.0065,CDM,WAFA GESTION,2915563304.56,1278.95,0.012404,0.000196,0.000407,0.002147,0.006635,0.012669,0.024562,0.056852,0.092811,0.135673,2026-06-29,Quotidienne
MA0000041311,4131,FCP CAM MONÉTAIRE,MAROGEST,FCP,MONÉTAIRE,"]0  0,5]",30% MBI CT + 70% TMP,QUOTIDIENNE,FGP,CAPITALISANT,0.0,0.0,0.01,CDG,MAROGEST,2734850279.25,142.0,0.012189,0.000211,0.000423,0.002188,0.006735,0.01255,0.024827,0.056469,0.091636,0.131564,2026-06-29,Quotidienne
MA0000041329,4132,CAM OBLIGATIONS,MAROGEST,FCP,OMLT,[2.5  6.5[,MBI GLOBAL,QUOTIDIENNE,FGP,CAPITALISANT,0.01,0.005,0.01,CDG CAPITAL,MAROGEST,1030340831.0,139.77,-0.011528,0.001074,0.001218,-0.001429,0.012019,-0.013202,0.000501,0.099253,0.186906,0.028628,2026-06-29,Quotidienne
MA0000041337,4133,CAM ACTIONS,MAROGEST,FCP,ACTIONS,-,CFG 25 FLOTTANT,QUOTIDIENNE,FGP,CAPITALISANT,0.02,0.015,0.02,CDG CAPITAL,MAROGEST,4618959.41,137.65,-0.105588,-0.003259,-0.008928,-0.020215,0.002914,-0.126531,-0.104249,0.161799,0.29492,0.182865,2026-06-29,Quotidienne
MA0000041386,4138,WG MONETAIRE,WAFA GESTION,FCP,MONÉTAIRE,"]0  0,5]",TMP MARCHE INTERBANCAIRE,QUOTIDIENNE,FGP,CAPITALISANT,0.01,0.01,0.01,ATTIJARIWAFA BANK,WAFA GESTION,5797279840.36,1228.82,0.012174,9.0e-05,0.000326,0.002071,0.006652,0.012433,0.025016,0.058269,0.09279,0.132323,2026-06-29,Quotidienne
MA0000041394,4139,FCP ALPHA BANQUES FUND,RED MED ASSET MANAGEMENT,FCP,OCT,"]0,5 1,1]",MBI CT,QUOTIDIENNE,FGP,CAPITALISANT,0.01,0.01,0.01,BCP,RED MED ASSET MANAGEMENT,5461655858.83,1318.87,0.014617,0.000356,0.000858,0.002813,0.009669,0.01489,0.0288,0.071033,0.114513,0.1559,2026-06-29,Quotidienne
MA0000041402,4140,IRGAM SECURIPLUS,IRG ASSET MANAGEMENT,FCP,OCT,"]0,5 1,1]",MBI CT,QUOTIDIENNE,FGP,CAPITALISANT,0.03,0.015,0.02,BCP,IRG ASSET MANAGEMENT,662243.82,126.96,0.010587,0.000158,0.000394,0.001657,0.00674,0.010828,0.018695,0.046489,0.079317,0.111442,2026-06-29,Quotidienne
MA0000041501,4150,LIBERIS SERENITE,WAFA GESTION,FCP,OMLT,"]1,1 10]",MBI GLOBAL,QUOTIDIENNE,FNPP,MIXTE,0.03,0.015,0.02,CDM,CREDIT DU MAROC,1399645801.43,1148.29,-0.011071,0.001719,0.002313,-0.002129,0.016285,-0.010435,0.002742,0.121742,0.235801,0.133778,2026-06-29,Quotidienne
MA0000041519,4151,CDM OBLIGATIONS,WAFA GESTION,FCP,OMLT,"]1,1  5]",MBI GLOBAL,QUOTIDIENNE,FGP,CAPITALISANT,0.03,0.015,0.02,CDM,CREDIT DU MAROC,146680439.05,1232.18,-0.0028,0.001064,0.00091,-0.0009,0.012823,-0.004251,0.00459,0.086636,0.172332,0.144819,2026-06-29,Quotidienne
MA0000041592,4159,FCP ALIF VI,CDG CAPITAL GESTION,FCP,OMLT,"]1,1  10]",50% MBI MLT + 50% MBI MT,QUOTIDIENNE,FNPP,CAPITALISANT,0.03,0.015,0.02,CDG CAPITAL,CDG CAPITAL GESTION,1992230375.02,1221.99,0.002988,0.001787,0.003482,0.003457,0.019081,0.002979,0.014167,0.111729,0.20928,0.186398,2026-06-29,Quotidienne
MA0000041600,4160,FCP MONETAIRE PREMIUM,CDG CAPITAL GESTION,FCP,MONÉTAIRE,"]0  0,5]",50% MONIA + 50% MBI CT,QUOTIDIENNE,FGP,CAPITALISANT,0.03,0.015,0.02,BCP,CDG CAPITAL GESTION,155763948.81,1140.23,0.012827,0.000228,0.000526,0.002391,0.007377,0.013115,0.025599,0.058464,0.092719,0.132281,2026-06-29,Quotidienne
MA0000041618,4161,FCP TRESORERIE PLUS,CDG CAPITAL GESTION,FCP,OCT,"]0,5 1,1]",MBI CT,QUOTIDIENNE,FGP,CAPITALISANT,0.03,0.015,0.02,BCP,CDG CAPITAL GESTION,1111830.79,1111.83,0.009882,0.000198,0.000405,0.001802,0.006737,0.01002,0.019719,0.049223,0.076385,0.103531,2026-06-29,Quotidienne
MA0000041667,4166,R-MIXT OPTIMUM,WAFA GESTION,FCP,DIVERSIFIÉ,-,45% MBI MLT + 30% MBI MT + 25% MASI RENTABILITE,QUOTIDIENNE,FNPP,CAPITALISANT,0.03,0.015,0.02,CDG,WAFA GESTION,5881722699.91,1226.32,-0.001441,0.002297,-0.005393,-0.015265,0.029699,-0.00913,0.016327,0.209699,0.333391,0.28354,2026-06-29,Quotidienne
MA0000041683,4168,HORIZON CASH PLUS,SAHAM CAPITAL GESTION,FCP,MONÉTAIRE,"[0  0,5[",TMP INTERBANCAIRE,QUOTIDIENNE,FGP,CAPITALISANT,0.0,0.0,0.005,SAHAM BANK,SAHAM BANK,4144077449.61,16798.2,0.012969,0.000212,0.000473,0.00237,0.007218,0.013294,0.025696,0.057843,0.093503,0.135313,2026-06-29,Quotidienne
MA0000041691,4169,HORIZON CAPITAL GARANTI,SAHAM CAPITAL GESTION,FCP,CONTRACTUEL,-,MONIA,QUOTIDIENNE,FGP,CAPITALISANT,0.0,0.0,0.02,SAHAM BANK,SAHAM BANK,2083271457.4,142482.9,0.009511,0.000159,0.00036,0.001777,0.004734,0.009618,0.019621,0.042577,0.07077,0.103256,2026-06-29,Quotidienne
MA0000041709,4170,HORIZON EPARGNE,SAHAM CAPITAL GESTION,FCP,ACTIONS,-,MASI,QUOTIDIENNE,FGP,CAPITALISANT,0.03,0.015,0.02,SAHAM BANK,SAHAM BANK,834917256.94,244.88,-0.047122,0.000245,-0.021146,-0.046343,0.035302,-,-0.044222,-,-,-,2026-06-29,Quotidienne
MA0000041717,4171,HORIZON COURT TERME,SAHAM CAPITAL GESTION,FCP,OCT,"[0,5  1,1[",MBI CT,QUOTIDIENNE,FGP,CAPITALISANT,0.0,0.0,0.02,SAHAM BANK,SAHAM BANK,6865739620.62,1533.85,0.014196,0.000261,0.000613,0.002425,0.009085,0.014505,0.027643,0.067316,0.108602,0.148349,2026-06-29,Quotidienne
MA0000041725,4172,INVEST EQUILIBRE,SAHAM CAPITAL GESTION,FCP,DIVERSIFIÉ,-,80% MBI MT + 20% MASI,QUOTIDIENNE,FGP,CAPITALISANT,0.02,0.02,0.02,SAHAM BANK,SAHAM BANK,2569024716.53,1426.72,-0.021508,0.001312,-0.006808,-,-,-,-0.015784,-,-,-,2026-06-29,Quotidienne
MA0000041733,4173,HORIZON FLEXIBLE,SAHAM CAPITAL GESTION,FCP,DIVERSIFIÉ,-,80% MBI GLOBAL + 20% MASI,QUOTIDIENNE,FGP,MIXTE,0.02,0.02,0.02,SAHAM BANK,SAHAM BANK,203681749.62,1456.62,-0.012903,0.001086,-0.00738,-,-,-,-0.002404,-,-,-,2026-06-29,Quotidienne
MA0000041741,4174,HORIZON PREMIUM,SAHAM CAPITAL GESTION,FCP,MONÉTAIRE,"]0 0,5]",60% TMP + 40% MBI CT,QUOTIDIENNE,FGP,CAPITALISANT,0.0,0.0,0.02,SAHAM BANK,SAHAM BANK,274903902.81,1148.29,0.009583,0.000157,0.000357,0.001719,0.004989,0.009779,0.019225,0.044213,0.075097,0.111091,2026-06-29,Quotidienne
MA0000041816,4181,BMCI PREMIUM MONEY MARKET,CIH CAPITAL MANAGEMENT,FCP,MONÉTAIRE,"]0  0,5]",TMI(jj),QUOTIDIENNE,FGP,CAPITALISANT,0.0,0.0,0.02,BMCI,CIH CAPITAL MANAGEMENT,546285274.71,14610.89,0.010542,0.000182,0.00041,0.001979,0.006288,0.010823,0.021022,0.048368,0.07744,0.107132,2026-06-29,Quotidienne
MA0000041840,4184,BMCI PREMIUM SHORT TERM BOND,CIH CAPITAL MANAGEMENT,FCP,OCT,"]0,5 1,1]",MBI CT,QUOTIDIENNE,FGP,CAPITALISANT,0.0,0.0,0.02,BMCI,CIH CAPITAL MANAGEMENT,979313399.67,125.94,0.01181,0.000238,0.000556,0.002069,0.008085,0.012135,0.024652,0.062247,0.099145,0.129912,2026-06-29,Quotidienne
MA0000041857,4185,BMCI PREMIUM OPPORTUNITY I,CIH CAPITAL MANAGEMENT,FCP,DIVERSIFIÉ,-,50% MASI Rentabilite nette + 50% MBI CT,QUOTIDIENNE,FGP,CAPITALISANT,0.002,0.009000000000000001,0.02,BMCI,CIH CAPITAL MANAGEMENT,199361990.69,15295.66,-0.039146,0.001231,-0.004905,-0.013809,-,-,-0.051404,-,-,-,2026-06-29,Quotidienne
MA0000041873,4187,BMCI PREMIUM EQUITY GROWTH,CIH CAPITAL MANAGEMENT,FCP,ACTIONS,-,MASI,QUOTIDIENNE,FGP,CAPITALISANT,0.002,0.001,0.02,BMCI,CIH CAPITAL MANAGEMENT,232182667.7,21856.95,-0.056546,0.001,-0.015311,-0.034725,-,-,-0.04236,-,-,-,2026-06-29,Quotidienne
MA0000041899,4189,BMCI MONETAIRE PLUS,CIH CAPITAL MANAGEMENT,FCP,MONÉTAIRE,"[0  0,5]",TMP INTERBANCAIRE,QUOTIDIENNE,FGP,CAPITALISANT,0.0,0.0,0.02,BMCI,CIH CAPITAL MANAGEMENT,323647188.49,145712.33,0.012652,0.000188,0.000426,0.002442,0.007802,0.013001,0.026164,0.055677,0.084433,0.113803,2026-06-29,Quotidienne
MA0000041931,4193,HORIZON TREASURY FUND,SAHAM CAPITAL GESTION,FCP,MONÉTAIRE,"[0  0,5]",75% MONIA + 25% MBI CT,QUOTIDIENNE,FGP,CAPITALISANT,0.02,0.02,0.02,SAHAM BANK,SAHAM BANK,131851200.68,1172.81,0.009963,0.000162,0.000367,0.001802,0.005642,0.010137,0.019844,0.043509,0.072705,-,2026-06-29,Quotidienne
MA0000041964,4196,SOCIAL IMPACT FUND,SAHAM CAPITAL GESTION,FCP,MONÉTAIRE,"]0 0,5]",MONIA,QUOTIDIENNE,FGP,MIXTE,0.02,0.06,0.005,SAHAM BANK,SAHAM BANK,105672555.33,1014.73,-0.015609,0.000187,0.000434,-0.024608,-0.020805,-0.015408,-0.004337,0.025321,0.058021,-,2026-06-29,Quotidienne
MA0000041972,4197,WINEO AL AMINE,WINEO GESTION,FCP,ACTIONS,-,-,QUOTIDIENNE,FGP,MIXTE,0.005,0.005,0.02,ATTIJARIWAFA BANK,WINEO GESTION,205225242.76,147.02,0.020972,0.003892,-0.016194,-0.019016,0.057089,0.004441,0.045574,0.486867,0.644407,-,2026-06-29,Quotidienne
MA0000041998,4199,WINEO CASH,WINEO GESTION,FCP,MONÉTAIRE,"[0  0,5[",-,QUOTIDIENNE,FGP,CAPITALISANT,0.0,0.0,0.0065,CIH BANK,WINEO GESTION,263251359.71,1543.54,0.012191,0.000194,0.000454,0.002097,0.006495,0.012383,0.02456,0.055758,0.089494,0.129276,2026-06-29,Quotidienne
MA0000042020,4202,WINEO OBLIG CT,WINEO GESTION,FCP,OCT,[0.5  1.1[,MBI CT,QUOTIDIENNE,FGP,CAPITALISANT,0.0,0.0,0.02,CIH BANK,WINEO GESTION,258963350.73,1355.73,0.012721,0.000221,0.00048,0.002099,0.00818,0.013077,0.026221,0.065968,0.107252,0.148641,2026-06-29,Quotidienne
MA0000042046,4204,ATLAS TRESORERIE,ATLAS CAPITAL MANAGEMENT,FCP,MONÉTAIRE,"[0  0,5]",MONIA,QUOTIDIENNE,FGP,CAPITALISANT,0.03,0.03,0.02,CIH BANK,ATLAS CAPITAL MANAGEMENT,274543091.35,125.83,0.011251,0.000159,0.000318,0.001991,0.006479,0.011495,0.022177,0.051475,0.086146,0.124888,2026-06-29,Quotidienne
MA0000042053,4205,ATLAS MONEBANQUES,ATLAS CAPITAL MANAGEMENT,FCP,MONÉTAIRE,"[0  0,5]",MONIA,QUOTIDIENNE,FGP,CAPITALISANT,0.03,0.03,0.02,CIH BANK,ATLAS CAPITAL MANAGEMENT,1288990641.68,123.02,0.01251,0.000163,0.000407,0.002118,0.00671,0.01276,0.024654,0.055694,0.09041,0.12966,2026-06-29,Quotidienne
MA0000042061,4206,ATLAS OBLIGBANCAIRES,ATLAS CAPITAL MANAGEMENT,FCP,OCT,"]0,5 1,1]",MBI CT,QUOTIDIENNE,FGP,CAPITALISANT,0.03,0.03,0.02,CIH BANK,ATLAS CAPITAL MANAGEMENT,731668941.58,125.1,0.013284,0.00024,0.00032,0.002002,0.008627,0.013448,0.025914,0.06242,0.101523,0.141944,2026-06-29,Quotidienne
MA0000042111,4211,ATTIJARI MIXED DISTRIBUTION,WAFA GESTION,FCP,DIVERSIFIÉ,-,70% MBI MT + 30% MASI,QUOTIDIENNE,FGP,DISTRIBUANT,0.02,0.02,0.02,ATTIJARIWAFA BANK,WAFA GESTION; ATTIJARIWAFA BANK,2487177.09,146.51,0.001572,0.002326,-0.013002,-0.030313,0.038931,-0.012736,0.011249,0.293932,0.391126,-,2026-06-29,Quotidienne
MA0000042129,4212,ATTIJARI FIXED INCOME DISTRIBUTION,WAFA GESTION,FCP,OMLT,[5  9[,MBI MT,QUOTIDIENNE,FGP,CAPITALISANT,0.03,0.03,0.02,ATTIJARIWAFA BANK,WAFA GESTION; ATTIJARIWAFA BANK,369969022.64,108.62,-0.005858,0.001291,0.002122,-0.007765,0.005834,-0.004856,-0.00147,0.05311,0.09218,-,2026-06-29,Quotidienne
MA0000042145,4214,ATTIJARI CASH GARANTI,WAFA GESTION,FCP,CONTRACTUEL,-,MONIA,QUOTIDIENNE,FGP,CAPITALISANT,0.0,0.0,0.0015,ATTIJARIWAFA BANK,WAFA GESTION,3014101336.37,1087.45,0.009778,0.000156,0.000359,0.001824,0.004916,0.009881,0.019873,0.042917,0.072436,-,2026-06-29,Quotidienne
MA0000042152,4215,FCP EMERGENCE MONÉTAIRE PLUS ,VALORIS MANAGEMENT,FCP,OCT,"]0,5 1,1]",MBI CT,QUOTIDIENNE,FGP,CAPITALISANT,0.03,0.015,0.02,BANK OF AFRICA,VALORIS MANAGEMENT;VALORIS GROUP,6087631520.02,1355.62,0.013237,0.000221,0.000465,0.002322,0.008946,0.013737,0.027475,0.069953,0.111984,0.154879,2026-06-29,Quotidienne
MA0000042160,4216,EMERGENCE EQUITY FUND,VALORIS MANAGEMENT,FCP,ACTIONS,-,MASI,QUOTIDIENNE,FGP,CAPITALISANT,0.03,0.015,0.02,BANK OF AFRICA,VALORIS MANAGEMENT;VALORIS GROUP,2264521936.57,673.34,-0.071998,0.000505,-0.018083,-0.037247,0.009672,-0.097109,-0.066077,0.36716,0.558693,-,2026-06-29,Quotidienne
MA0000042178,4217,EMERGENCE MONÉTAIRE,VALORIS MANAGEMENT,FCP,MONÉTAIRE,"]0  0,5]",TMP au jour le jour,QUOTIDIENNE,FGP,CAPITALISANT,0.0,0.0,0.02,BANK OF AFRICA,VALORIS MANAGEMENT;CAPITAL GESTION GROUP,4455354109.57,1316.48,0.01249,0.00019,0.000464,0.002299,0.006922,0.012739,0.026055,0.059737,0.097744,0.140698,2026-06-29,Quotidienne
MA0000042186,4218,EMERGENCE RENDEMENT BANQUES,VALORIS MANAGEMENT,FCP,OMLT,"]1,1  5,1]",50 % MBI MT + 50% MBI MLT,QUOTIDIENNE,FGP,CAPITALISANT,0.03,0.015,0.02,BANK OF AFRICA,VALORIS MANAGEMENT;VALORIS GROUP,3585283261.66,1438.87,-0.008059,0.001329,0.001838,-0.002572,0.010144,-0.009077,-0.000882,0.103149,0.188118,-,2026-06-29,Quotidienne
MA0000042202,4220,EMERGENCE ÉQUILIBRE,VALORIS MANAGEMENT,FCP,DIVERSIFIÉ,-,80% MBI Global + 20% MASI,QUOTIDIENNE,FGP,CAPITALISANT,0.03,0.015,0.02,BANK OF AFRICA,"VALORIS MANAGEMENT,VALORIS GROUP",4126829129.04,1997.92,-0.044121,0.001213,-0.005896,-0.016626,0.010285,-0.058886,-0.039923,0.206809,0.338039,-,2026-06-29,Quotidienne
MA0000042210,4221,EMERGENCE RENDEMENT PLUS,VALORIS MANAGEMENT,FCP,OMLT,(3  7),50% MBI MT + 50% MBI MLT,QUOTIDIENNE,FGP,CAPITALISANT,0.03,0.01,0.02,BANK OF AFRICA,"VALORIS MANAGEMENT,VALORIS GROUP",3920951433.93,1113.69,-0.009419,0.001664,0.003035,-0.000772,0.014013,-0.009807,-0.001417,0.093901,0.177013,-,2026-06-29,Quotidienne
MA0000042228,4222,FCP CKG GARANTI,CDG CAPITAL GESTION,FCP,CONTRACTUEL,-,MONIA,QUOTIDIENNE,FGP,CAPITALISANT,0.03,0.015,0.02,CDG,CDG CAPITAL GESTION,283890272.99,1065.21,0.010214,0.00016,0.000376,0.001938,0.005228,0.010319,0.020453,0.042606,-,-,2026-06-29,Quotidienne
MA0000042236,4223,FSEC I CT,CDG CAPITAL GESTION,FCP,OCT,"]0,5 1,1]",80% MBI CT + 20% MBI MT,QUOTIDIENNE,FNPP,CAPITALISANT,0.0,0.0,0.02,CDG,CDG CAPITAL GESTION,616482.52,1091.11,0.010877,0.000174,0.000385,0.001938,0.006884,0.011139,0.025181,0.061536,-,-,2026-06-29,Quotidienne
MA0000042244,4224,FSEC II OMLT,CDG CAPITAL GESTION,FCP,OMLT,"]1,1  10]",MBI GLOBAL,QUOTIDIENNE,FNPP,CAPITALISANT,0.0,0.0,0.02,CDG,CDG CAPITAL GESTION,1456023511.0,1109.94,-0.0041,0.001751,0.002855,0.000433,0.016028,-,0.004207,-,-,-,2026-06-29,Quotidienne
MA0000042368,4236,UNIVERS OBLIGATIONS,WAFA GESTION,FCP,OMLT,"]1,1  13]",50% MBI MLT +50% MBI MT,QUOTIDIENNE,FNPP,MIXTE,0.0,0.0,0.02,ATTIJARIWAFA BANK,WAFA GESTION,3361029800.21,1927.8,0.013682,0.00042,0.006479,0.003571,-0.000394,0.023618,0.048629,0.117105,0.208554,0.198664,2026-06-29,Quotidienne
MA0000042392,4239,WG RENDEMENT,WAFA GESTION,FCP,DIVERSIFIÉ,-,30% MASI RENTABILITE + 70% MBI GLOBAL,QUOTIDIENNE,FGP,MIXTE,0.03,0.015,0.02,ATTIJARIWAFA BANK,WAFA GESTION,124949980.03,163113.05,0.052281,0.001522,-0.015143,-0.023139,0.083137,0.044852,0.150577,0.3228,0.442046,0.456926,2026-06-29,Quotidienne
MA0000042418,4241,WG BOND FUND,WAFA GESTION,FCP,OMLT,"]1,1 9]",MBI MLT,QUOTIDIENNE,FNPP,MIXTE,0.03,0.015,0.02,ATTIJARIWAFA BANK,WAFA GESTION,322333497.47,1098.66,0.004383,0.001376,0.002683,0.001294,0.016088,0.004551,0.017642,0.110206,0.158564,0.150869,2026-06-29,Quotidienne
MA0000042434,4243,CIH CASH,CIH CAPITAL MANAGEMENT,FCP,MONÉTAIRE,"[0  0,5[",80% MBI CT + 20% TMP,QUOTIDIENNE,FGP,CAPITALISANT,0.03,0.015,0.02,CIH BANK,CIH,3161039023.07,1559.69,0.013483,0.000231,0.000507,0.002442,0.007558,0.013826,0.026855,0.059608,0.09212,0.127775,2026-06-29,Quotidienne
MA0000042459,4245,CIH MONETAIRE PLUS,CIH CAPITAL MANAGEMENT,FCP,OCT,"[0,5  1,1[",80% MBI CT +20 MBI MT,QUOTIDIENNE,FGP,CAPITALISANT,0.03,0.015,0.02,CIH BANK,CIH,1962787680.28,1605.89,0.014242,0.000274,0.000573,0.002434,0.009264,0.014582,0.028013,0.068456,0.102591,0.130558,2026-06-29,Quotidienne
MA0000042483,4248,CIH TRESORERIE,CIH CAPITAL MANAGEMENT,FCP,MONÉTAIRE,"[0  0,5[",50% MBI CT + 50% TMP,QUOTIDIENNE,FGP,CAPITALISANT,0.03,0.015,0.02,CIH BANK,CIH,1638502.22,1434.96,0.004157,8.4e-05,0.000174,0.000732,0.002753,0.00422,0.007916,0.021215,0.046889,0.073509,2026-06-29,Quotidienne
MA0000042491,4249,WINEO OCT PLUS,WINEO GESTION,FCP,OCT,"]0,5 1,1]",MBI CT,QUOTIDIENNE,FGP,CAPITALISANT,0.0,0.0,0.02,ATTIJARIWAFA BANK,WINEO GESTION,135914441.98,1069.21,0.015404,0.000281,0.000636,0.002673,0.009365,0.015693,0.029096,-,-,-,2026-06-29,Quotidienne
MA0000042574,4257,HORIZON OBLI BANQUES,SAHAM CAPITAL GESTION,FCP,OCT,"[0,5  1,1[",MBI CT,QUOTIDIENNE,FGP,CAPITALISANT,0.0,0.0,0.0075,SAHAM BANK,SAHAM BANK,594498518.4,215.84,0.01224,0.000232,0.00051,0.002322,0.008457,0.012668,0.024784,0.062362,0.101,-,2026-06-29,Quotidienne
MA0000042632,4263,WINEO EQUINOXE,WINEO GESTION,FCP,DIVERSIFIÉ,-,50% MBI + 50% MASI,QUOTIDIENNE,FGP,MIXTE,0.03,0.03,0.02,CIH BANK,WINEO GESTION,601037.32,1938.83,0.027135,0.002383,-0.011598,-,-,-,0.05914,-,-,-,2026-06-29,Quotidienne
MA0000300022,30002,STERLING SECUR RENDEMENT,STERLING ASSET MANAGEMENT,FCP,OMLT,"[1,1  7]",MBI GLOBAL,QUOTIDIENNE,FNPP,CAPITALISANT,0.0,0.0,0.02,CDG,STERLING ASSET MANAGEMENT,100225060.76,1002.23,-,0.00019,0.000369,0.001639,-,-,-,-,-,-,2026-06-29,Quotidienne
MA0000300030,30003,AD CAPITAL DYNAMIC BOND,AD CAPITAL ASSET MANAGEMENT,FCP,OMLT,[3  7],MBI MLT,QUOTIDIENNE,FGP,MIXTE,0.03,0.015,0.02,BANQUE CENTRALE POPULAIRE,AD CAPITAL ASSET MANAGEMENT; AD CAPITAL GROUP,542286.28,1004.23,-,0.001676,0.002616,0.003768,-,-,-,-,-,-,2026-06-29,Quotidienne
MA0000300048,30004,AD CAPITAL MULTISTRATEGIE,AD CAPITAL ASSET MANAGEMENT,FCP,ACTIONS,-,MASI,QUOTIDIENNE,FGP,MIXTE,0.03,0.015,0.02,CREDIT DU MAROC,AD CAPITAL ASSET MANAGEMENT; AD CAPITAL GROUP,540359.19,1002.52,-,0.001548,0.00231,0.003011,-,-,-,-,-,-,2026-06-29,Quotidienne
MA0000300055,30005,AD CAPITAL OBLIGATAIRE PLUS,AD CAPITAL ASSET MANAGEMENT,FCP,OMLT,[3  7],MBI MLT,QUOTIDIENNE,FGP,MIXTE,0.03,0.015,0.02,SAHAM BANK,AD CAPITAL ASSET MANAGEMENT; AD CAPITAL GROUP,542470.75,1004.58,-,0.001715,0.002685,0.004038,-,-,-,-,-,-,2026-06-29,Quotidienne
MA0000300071,30007,TWIN SECUR RENDEMENT,TWIN CAPITAL GESTION,FCP,OMLT,"[1,1  7]",MBI GLOBAL,QUOTIDIENNE,FNPP,CAPITALISANT,0.0,0.0,0.02,CDG,TWIN CAPITAL GESTION,101079942.32,1000.83,-,0.00019,0.00043,-,-,-,-,-,-,-,2026-06-29,Quotidienne
